PID,PID Match Basis,Summary,Issue key,Issue id,Issue Type,Status,Resolution,Reporter,Reporter Id,Creator,Creator Id,Created,Updated,Resolved,Labels.1,Labels.2,Labels.3,Labels.4,Labels.5,Labels.6,Watchers,Watchers.1,Watchers Id,Watchers Id.1,# Additional Household Members,Custom field (City),Custom field (Community Ministry),Custom field (Court Date),Custom field (Current Employer),Age at Intake,Custom field (Employment Status),Custom field (Eviction Reason),Custom field (Eviction Status),Custom field (Gender),Custom field (Goals),Custom field (Goals).1,Custom field (Goals).2,Custom field (Goals).3,Custom field (Household Identities),Custom field (Household Identities).1,Custom field (Household repairs required?),Custom field (Housing Status),Custom field (Income Amount ($)),Custom field (Insurance Provider for Family),Custom field (Intake Date),Has LG&E Account on File,Custom field (Landlord Name),Custom field (Loss of Income Causation),Custom field (Loss of Income Causation).1,Custom field (Loss of Income Causation).2,Custom field (Loss of Income Causation).3,Custom field (Main reason Neighbor stopped paying rent),Custom field (Monthly Rent ($)),Has Email on File,Has Phone on File,Custom field (Other Professionals Detail),Custom field (Other professionals helping with goals?),Custom field (Past Due Rent ($)),Custom field (People in Household 17 and Under),Custom field (People in Household 18+),Custom field (People in Household 65+),Custom field (Preferred method of contact),Custom field (Preferred method of contact).1,Custom field (Primary Insurance),Custom field (Primary Language Spoken in Home),Custom field (Pronoun),Custom field (Race/Ethnicity),Custom field (Rank),Custom field (Rent Intake Form Goals),Custom field (Rent Intake Form Goals).1,Custom field (Rent Intake Form Goals).2,Custom field (Rent Intake Form Goals).3,Custom field (Rent-to-Income %),Custom field (Response Method),Custom field (Response Method).1,Custom field (Section 8 or Housing Voucher),Custom field (Source of income),Custom field (Source of income).1,Custom field (State),Custom field (Utility Past Due),Has Water Account on File,Custom field (Zip Code),Custom field ([CHART] Date of First Response),Custom field ([CHART] Time in Status),Comment,Comment.1,Comment.2,Parent,Parent key,Parent summary,Status Category,Status Category Changed
P0289,Name + DOB,Person P0289,NEIG-19349,60769,New Profile,Initial Contact,,Johanna South,712020:3b2c2185-c76f-4d90-ad8c-9e260c73c318,Johanna South,712020:3b2c2185-c76f-4d90-ad8c-9e260c73c318,12/Aug/26 11:12 AM,12/Aug/26 1:37 PM,,Passport,SNAP,WLCM,Workforce-Unemployed,Young-adult,,Johanna South,,712020:3b2c2185-c76f-4d90-ad8c-9e260c73c318,,2,Louisville,WLCM,,,24.0,Unemployed but want to find work,,Not being evicted,Woman,Financial Stability Care Path,,,,Pregnant or recently postpartum,,No,Other,0.0,Passport by Molina,12/Aug/26 12:00 AM,No,Ms Cathy,Childbirth,,,,,,Yes,Yes,,No,,2,0,No,Call,Text,Medicaid,English ,she/her,Black of African American,0|i03a6v:,,,,,,An email with available resources and next steps,A phone call to further explain where you would like assistance,No,Food benefits - TANF/SNAP,No income,KY,,No,40210,,,,,,,,,In Progress,12/Aug/26 1:37 PM
P0352,Name + DOB,Person P0352,NEIG-19336,60756,New Profile,Second Contact,,Johanna South,712020:3b2c2185-c76f-4d90-ad8c-9e260c73c318,Johanna South,712020:3b2c2185-c76f-4d90-ad8c-9e260c73c318,12/Aug/26 10:25 AM,12/Aug/26 4:18 PM,,LGBTQIA+,SLCM,Workforce-Unemployed,,,,James Bryant,Johanna South,712020:7919ac37-40c1-4b22-a858-9d188e7777ec,712020:3b2c2185-c76f-4d90-ad8c-9e260c73c318,0,Louisville,SLCM,,,42.0,Unemployed but want to find work,,Unknown,Woman,Behavioral Health Care Path,Financial Stability Care Path,Food Care Path,Healthcare Care Path,LGBTQIA+,Person with a physical or mental disability,No,Rent- past due,0.0,I don't know,12/Aug/26 12:00 AM,Yes,Joe Cox,Job loss,Loss of accessible transportation,Loss of job,,,,Yes,Yes,Trying to find more help,No,,0,1,No,Call,Text,,English,she/her,,0|i03a3z:,,,,,,An email with available resources and next steps,A phone call to further explain where you would like assistance,No,No income,,Kentucky ,LG&E,Yes,40215,2026-08-12 18:34:29.69,,"12/Aug/26 2:34 PM;712020:7919ac37-40c1-4b22-a858-9d188e7777ec;Seeking $800-$1000 towards rent, JB referred to Housing Stabilization",,,,,,In Progress,12/Aug/26 1:37 PM
P0308,Name + DOB,Person P0308,NEIG-19324,60744,New Profile,Initial Contact,,Johanna South,712020:3b2c2185-c76f-4d90-ad8c-9e260c73c318,Johanna South,712020:3b2c2185-c76f-4d90-ad8c-9e260c73c318,12/Aug/26 9:24 AM,12/Aug/26 1:37 PM,,JCPS,SLCM,SNAP,Workforce-Underemployed,,,Johanna South,,712020:3b2c2185-c76f-4d90-ad8c-9e260c73c318,,4,Louisville ,SLCM,,TireHub ,40.0,Employed,,Not being evicted,Man,Transportation Care Path,,,,,,Yes,Rent- past due,3000.0,Humana,12/Aug/26 12:00 AM,Yes,Ben Brandicourt,Issues with child care,Loss of accessible transportation,Medical emergency or other health needs,Reduction in or loss of benefits,,,Yes,Yes,,No,,3,2,No,Call,Text,Medicaid,English,he/him,Black of African American,0|i03a1b:,,,,,,An email with available resources and next steps,,No,Food benefits - TANF/SNAP,Part-time employment,Ky ,LG&E,Yes,40215,,,,,,,,,In Progress,12/Aug/26 1:37 PM
P0253,Name + DOB,Person P0253,NEIG-19311,60731,New Profile,Second Contact,,Johanna South,712020:3b2c2185-c76f-4d90-ad8c-9e260c73c318,Johanna South,712020:3b2c2185-c76f-4d90-ad8c-9e260c73c318,11/Aug/26 1:47 PM,11/Aug/26 3:11 PM,,ChronicHealthCondition,JCPS,SLCM,SSDI,United,,James Bryant,Johanna South,712020:7919ac37-40c1-4b22-a858-9d188e7777ec,712020:3b2c2185-c76f-4d90-ad8c-9e260c73c318,2,Louisville ,SLCM,,No,41.0,Unemployed but want to find work,,Not being evicted,Woman,Financial Stability Care Path,Food Care Path,Social Support,,Person with a physical or mental disability,Person with chronic health condition,Yes,Rent - nothing past due,998.0,United Healthcare,11/Aug/26 12:00 AM,Yes,Ramey,Job loss,Medical emergency or other health needs,Onset of disability,,,,Yes,Yes,,No,,2,1,No,Text,,Medicaid,English ,she/her,Black of African American,0|i039yf:,,,,,,A phone call to further explain where you would like assistance,,No,Social Security - SSI/SSDI,,Ky,LG&E,No,40215,2026-08-11 19:11:08.805,,11/Aug/26 3:11 PM;712020:7919ac37-40c1-4b22-a858-9d188e7777ec;Seeking LG&E assistance,,,,,,In Progress,11/Aug/26 3:08 PM
P0102,Name + DOB,Person P0102,NEIG-19296,60716,New Profile,Initial Contact,,Johanna South,712020:3b2c2185-c76f-4d90-ad8c-9e260c73c318,Johanna South,712020:3b2c2185-c76f-4d90-ad8c-9e260c73c318,11/Aug/26 11:54 AM,11/Aug/26 3:08 PM,,CLCM,JCPS,Workforce-Underemployed,,,,Johanna South,,712020:3b2c2185-c76f-4d90-ad8c-9e260c73c318,,2,Louisville ,CLCM,,"Paul J Mullins, Atty at law",29.0,"Employed, but need more hours and/or different work",Other,Unknown,Woman,Financial Stability Care Path,Food Care Path,Transportation Care Path,,,,Yes,Staying with friends/family,1300.0,Passport by Molina,11/Aug/26 12:00 AM,No,Broadway Management ,Medical emergency or other health needs,Other,,,Withheld rent because of problems with my housing,665.0,Yes,Yes,Health department was helping as far as going after the property management due to my whole apartment besides the bathroom door testing positive for lead along with my 1 year old having a lead level of 11. They told me I would have to do the renting process over in order to get into a another unit but will allow me to break my lease without penalty once I turn in the keys. I am past due on rent due to finding out in June about the lead which we have stayed in the unit going on 3 years. So it has been a lot on me to be able to work and look for a new place along with school and no transportation if I move out of school district. We really just need help with food and whatever available assistance there is at the time ! Thank you sorry for the long message ,Yes,1615.0,2,1,No,Call,Text,Medicaid,English,she/her,White,0|i039v3:,Avoid an eviction,Find new housing,Get my security deposit back,Get rental assistance,,An email with available resources and next steps,,No,Part-time employment,,KY,,No,40208,,,,,,,,,In Progress,11/Aug/26 3:08 PM
P0201,Name + DOB,Person P0201,NEIG-19283,60703,New Profile,Initial Contact,,Johanna South,712020:3b2c2185-c76f-4d90-ad8c-9e260c73c318,Johanna South,712020:3b2c2185-c76f-4d90-ad8c-9e260c73c318,11/Aug/26 10:59 AM,11/Aug/26 3:08 PM,,SLCM,Workforce-FinancialStability,,,,,Johanna South,,712020:3b2c2185-c76f-4d90-ad8c-9e260c73c318,,3,Louisville,SLCM,,Tarc,45.0,Employed,Non-payment,Unknown,Woman,Food Care Path,,,,,,No,Rent- past due,4100.0,Anthem,11/Aug/26 12:00 AM,No,Zhong Liu,Household member left,Medical emergency or other health needs,,,Rent increase,1100.0,Yes,Yes,,No,1700.0,1,3,No,Call,Text,Employee-coverage,English ,she/her,,0|i039s7:,Avoid an eviction,,,,,An email with available resources and next steps,A phone call to further explain where you would like assistance,No,Full-time employment,Part-time employment,KY,I don't know,No,40215,,,,,,,,,In Progress,11/Aug/26 3:08 PM
P0037,Name + DOB,Person P0037,NEIG-19273,60693,New Profile,Second Contact,,Johanna South,712020:3b2c2185-c76f-4d90-ad8c-9e260c73c318,Johanna South,712020:3b2c2185-c76f-4d90-ad8c-9e260c73c318,11/Aug/26 10:15 AM,11/Aug/26 3:46 PM,,JCPS,Uninsured,WLCM,Workforce-Underemployed,,,James Bryant,Johanna South,712020:7919ac37-40c1-4b22-a858-9d188e7777ec,712020:3b2c2185-c76f-4d90-ad8c-9e260c73c318,2,Louisville,WLCM,,Norton Healthcare ,33.0,Employed,Non-payment,Currently being evicted,Woman,Childcare Care Path,Financial Stability Care Path,Legal Assistance Care Path,,,,Yes,Rent- past due,2500.0,Other,11/Aug/26 12:00 AM,Yes,Main Street renewal ,Death in the family,Eviction,Issues with child care,Job loss,Have to pay other debt,1165.0,Yes,Yes,,No,2563.34,2,1,No,Call,Text,,English,she/her,Black of African American,0|i039pz:,Avoid an eviction,Come up with a plan to pay back rent,Find public/subsidized housing,Get more time to move out,,An email with available resources and next steps,A phone call to further explain where you would like assistance,No,Part-time employment,,KY,I don't know,Yes,40211,2026-08-11 19:46:34.896,,11/Aug/26 3:46 PM;712020:7919ac37-40c1-4b22-a858-9d188e7777ec;Seeking $2563.34 towards rent,,,,,,In Progress,11/Aug/26 3:08 PM
P0339,Name + DOB,Person P0339,NEIG-19264,60684,New Profile,Second Contact,,Johanna South,712020:3b2c2185-c76f-4d90-ad8c-9e260c73c318,Johanna South,712020:3b2c2185-c76f-4d90-ad8c-9e260c73c318,11/Aug/26 9:41 AM,11/Aug/26 10:12 AM,,Humana-Medicaid,SLCM,Workforce-Unemployed,,,,Johanna South,,712020:3b2c2185-c76f-4d90-ad8c-9e260c73c318,,1,Louisville,SLCM,,Dollar tree ,43.0,"Employed, but need more hours and/or different work",Non-payment,Unknown,Woman,Financial Stability Care Path,Intimate Partner Violence Victim Care Path,,,,,No,Rent - nothing past due,1175.0,Humana,11/Aug/26 12:00 AM,Yes,Alicia ,Issues with child care,Job loss,Loss of accessible transportation,,Rent increase,1150.0,Yes,Yes,,No,700.0,0,1,No,Call,Text,Medicaid,English ,she/her,Black of African American,0|i039nz:,Avoid an eviction,Get rental assistance,Stay out of court,,,An email with available resources and next steps,A phone call to further explain where you would like assistance,No,Part-time employment,,Kentucky,LG&E,No,40214,,,,,,,,,In Progress,11/Aug/26 10:12 AM
P0353,Name + DOB,Person P0353,NEIG-19258,60678,New Profile,Initial Contact,,Johanna South,712020:3b2c2185-c76f-4d90-ad8c-9e260c73c318,Johanna South,712020:3b2c2185-c76f-4d90-ad8c-9e260c73c318,11/Aug/26 8:57 AM,11/Aug/26 9:12 AM,,Caretaker,Humana-Medicaid,JCPS,SLCM,SSDI,,Johanna South,,712020:3b2c2185-c76f-4d90-ad8c-9e260c73c318,,5,Louisville,,,,28.0,Other,,Not being evicted,Woman,Behavioral Health Care Path,Food Care Path,,,,,No,Rent - nothing past due,994.0,Humana,11/Aug/26 12:00 AM,No,,Loss of accessible transportation,Unexpected expense,,,,,Yes,Yes,Nicholas human resources ,Yes,,3,2,No,Call,Text,Medicaid,English ,she/her,White,0|i039mn:,,,,,,An email with available resources and next steps,A phone call to further explain where you would like assistance,No,Social Security - SSI/SSDI,,KY,,No,40215,,,,,,,,,In Progress,11/Aug/26 9:12 AM
P0191,Name + DOB,Person P0191,NEIG-19245,60665,New Profile,Second Contact,,Johanna South,712020:3b2c2185-c76f-4d90-ad8c-9e260c73c318,Johanna South,712020:3b2c2185-c76f-4d90-ad8c-9e260c73c318,11/Aug/26 7:41 AM,11/Aug/26 9:28 AM,,JCPS,LMHA,MUSCL,Passport,Workforce-Unemployed,,James Bryant,Johanna South,712020:7919ac37-40c1-4b22-a858-9d188e7777ec,712020:3b2c2185-c76f-4d90-ad8c-9e260c73c318,2,Louisville,MUSCL,,N/a,32.0,Unemployed but want to find work,,Not being evicted,Woman,,,,,,,No,Rent - nothing past due,0.0,Passport by Molina,11/Aug/26 12:00 AM,Yes,,Job loss,Loss of accessible transportation,Loss of job,,,,Yes,Yes,,No,,0,0,No,Call,Text,Medicare,English ,she/her,Black of African American,0|i039jr:,,,,,,An email with available resources and next steps,A phone call to further explain where you would like assistance,Yes,No income,,KY,LG&E,No,40219,2026-08-11 13:22:30.25,,11/Aug/26 9:22 AM;712020:7919ac37-40c1-4b22-a858-9d188e7777ec;Seeking LG&E assistance,"11/Aug/26 9:28 AM;712020:7919ac37-40c1-4b22-a858-9d188e7777ec;JB referred to KTAP, client is maxed out at MUSCL, already did LiHEAP, and owes too much for Salvation Army",,,,,In Progress,11/Aug/26 9:12 AM
P0034,Name + DOB,Person P0034,NEIG-19216,60636,New Profile,Initial Contact,,Johanna South,712020:3b2c2185-c76f-4d90-ad8c-9e260c73c318,Johanna South,712020:3b2c2185-c76f-4d90-ad8c-9e260c73c318,10/Aug/26 3:08 PM,11/Aug/26 9:12 AM,,Medicaid,SLCM,Workforce-Underemployed,Young-adult,,,Johanna South,,712020:3b2c2185-c76f-4d90-ad8c-9e260c73c318,,0,Louisville ,SLCM,05/Sep/26 12:00 AM,Churchill downs ,23.0,"Employed, but need more hours and/or different work",Non-payment,Currently being evicted,Man,Financial Stability Care Path,,,,Person with chronic health condition,,No,Rent- past due,1000.0,I don't know,10/Aug/26 12:00 AM,No,Metro management ,Issues with child care,Unexpected expense,,,Lost a job/had hours cut,1150.0,Yes,Yes,,No,3200.0,1,0,No,Call,Text,Medicaid,English ,he/him,Black of African American,0|i039db:,Avoid an eviction,Get rental assistance,Stay out of court,,,A phone call to further explain where you would like assistance,,No,No income,Part-time employment,Kentucky ,,No,40208,,,,,,,,,In Progress,11/Aug/26 9:12 AM
P0146,Name + DOB,Person P0146,NEIG-19209,60629,New Profile,Second Contact,,Johanna South,712020:3b2c2185-c76f-4d90-ad8c-9e260c73c318,Johanna South,712020:3b2c2185-c76f-4d90-ad8c-9e260c73c318,10/Aug/26 2:28 PM,11/Aug/26 9:43 AM,,Caretaker,ChronicHealthCondition,JCPS,LMHA,Passport,SLCM,James Bryant,Johanna South,712020:7919ac37-40c1-4b22-a858-9d188e7777ec,712020:3b2c2185-c76f-4d90-ad8c-9e260c73c318,5,Louisville,,,,32.0,Unemployed but want to find work,,Not being evicted,Woman,Financial Stability Care Path,,,,Person with a physical or mental disability,Person with chronic health condition,No,Rent- past due,1100.0,Passport by Molina,10/Aug/26 12:00 AM,No,Brandt Davis,Household member left,Medical emergency or other health needs,Unexpected expense,,,,Yes,Yes,"Passport by Molina, Sage Martin",Yes,,5,1,No,Call,Text,Medicaid,English,she/her,Black of African American,0|i039br:,,,,,,A phone call to further explain where you would like assistance,Other,Yes,Social Security - SSI/SSDI,,KY,,No,40208,2026-08-11 13:29:14.533,,"11/Aug/26 9:29 AM;712020:7919ac37-40c1-4b22-a858-9d188e7777ec;Seeking $600 towards rent, as well as financial coaching",,,,,,In Progress,11/Aug/26 9:12 AM
P0192,Name + DOB,Person P0192,NEIG-19203,60623,New Profile,Second Contact,,Johanna South,712020:3b2c2185-c76f-4d90-ad8c-9e260c73c318,Johanna South,712020:3b2c2185-c76f-4d90-ad8c-9e260c73c318,10/Aug/26 2:13 PM,12/Aug/26 8:29 AM,,Immigrant,Launch,SLCM,Young-adult,,,James Bryant,Johanna South,712020:7919ac37-40c1-4b22-a858-9d188e7777ec,712020:3b2c2185-c76f-4d90-ad8c-9e260c73c318,0,louisville,SLCM,,AllEGIANCE STAFFING,21.0,"Employed, but need more hours and/or different work",Non-payment,Unknown,Woman,Childcare Care Path,Financial Stability Care Path,Food Care Path,Transportation Care Path,Refugee or Immigrant,,No,Rent- past due,399.0,I don't know,10/Aug/26 12:00 AM,Yes,LAUNCH,,,,,Lost a job/had hours cut,1070.0,Yes,Yes,,No,770.0,2,1,No,Call,Text,Medicare,Kinyarwanda,she/her,Black of African American,0|i039af:,Avoid an eviction,Find public/subsidized housing,Get rental assistance,,,An email with available resources and next steps,A phone call to further explain where you would like assistance,No,Other,,ky,I don't know,No,40214,2026-08-10 18:46:21.873,,"10/Aug/26 2:46 PM;712020:7919ac37-40c1-4b22-a858-9d188e7777ec;Client is behind a bit on rent, waiting for CCAP voucher to be approved to be able to work full hours",,,,,,In Progress,10/Aug/26 2:46 PM
P0045,Name + DOB,Person P0045,NEIG-19196,60616,New Profile,Second Contact,,Johanna South,712020:3b2c2185-c76f-4d90-ad8c-9e260c73c318,Johanna South,712020:3b2c2185-c76f-4d90-ad8c-9e260c73c318,10/Aug/26 1:38 PM,13/Aug/26 11:58 AM,,Aetna,Re-entry,SSDI,,,,James Bryant,Johanna South,712020:7919ac37-40c1-4b22-a858-9d188e7777ec,712020:3b2c2185-c76f-4d90-ad8c-9e260c73c318,3,,No Established Residence,,,27.0,Unemployed but want to find work,,Not being evicted,Woman,Childcare Care Path,Financial Stability Care Path,Food Care Path,Transportation Care Path,Person with a physical or mental disability,,No,Staying with friends/family,1000.0,Aetna,10/Aug/26 12:00 AM,Yes,,Incarceration,Loss of accessible transportation,,,,,Yes,Yes,,No,,3,1,No,Call,Text,Medicaid,english,she/her,White,0|i0398v:,,,,,,An email with available resources and next steps,A phone call to further explain where you would like assistance,No,Social Security - SSI/SSDI,,,LG&E,Yes,,2026-08-11 13:48:05.57,,11/Aug/26 9:48 AM;712020:7919ac37-40c1-4b22-a858-9d188e7777ec;Seeking first month’s rent and deposit,,,,,,In Progress,11/Aug/26 9:12 AM
P0309,Name + DOB,Person P0309,NEIG-19179,60599,New Profile,Second Contact,,Johanna South,712020:3b2c2185-c76f-4d90-ad8c-9e260c73c318,Johanna South,712020:3b2c2185-c76f-4d90-ad8c-9e260c73c318,10/Aug/26 10:52 AM,10/Aug/26 1:16 PM,,JCPS,Passport,SLCM,Workforce-Unemployed,,,James Bryant,Johanna South,712020:7919ac37-40c1-4b22-a858-9d188e7777ec,712020:3b2c2185-c76f-4d90-ad8c-9e260c73c318,3,Louisville,SLCM,,,27.0,Unemployed but want to find work,,Not being evicted,Woman,Financial Stability Care Path,Food Care Path,Legal Assistance Care Path,,,,No,Rent- past due,0.0,Passport by Molina,10/Aug/26 12:00 AM,Yes,Mary ,Household member left,,,,,,Yes,Yes,,No,,3,0,No,Call,Text,Medicaid,English,she/her,Black of African American,0|i03953:,,,,,,An email with available resources and next steps,A phone call to further explain where you would like assistance,No,No income,,KY,LG&E,Yes,40208,2026-08-10 17:16:37.833,,10/Aug/26 1:16 PM;712020:7919ac37-40c1-4b22-a858-9d188e7777ec;Seeking LG&E assistance,,,,,,In Progress,10/Aug/26 1:10 PM
P0298,Name + DOB,Person P0298,NEIG-19158,60578,New Profile,Second Contact,,Johanna South,712020:3b2c2185-c76f-4d90-ad8c-9e260c73c318,Johanna South,712020:3b2c2185-c76f-4d90-ad8c-9e260c73c318,10/Aug/26 9:42 AM,10/Aug/26 10:04 AM,,LMHA,Passport,SLCM,Workforce-FinancialStability,,,James Bryant,Johanna South,712020:7919ac37-40c1-4b22-a858-9d188e7777ec,712020:3b2c2185-c76f-4d90-ad8c-9e260c73c318,1,Fairdale,SLCM,,Tek systems ,32.0,Employed,,Not being evicted,Woman,Financial Stability Care Path,Transportation Care Path,,,Person with a physical or mental disability,,Yes,Rent - nothing past due,3360.0,Passport by Molina,10/Aug/26 12:00 AM,No,Aliya watkins,Loss of accessible transportation,Reduction in hours at work,Unexpected expense,,,,Yes,Yes,,Yes,,1,1,No,Call,Text,Medicaid,English,she/her,Black of African American,0|i0390f:,,,,,,An email with available resources and next steps,A phone call to further explain where you would like assistance,Yes,Full-time employment,,KY,,No,40118,2026-08-10 14:04:25.729,,10/Aug/26 10:04 AM;712020:7919ac37-40c1-4b22-a858-9d188e7777ec;Seeking deposit assistance,,,,,,In Progress,10/Aug/26 9:51 AM
P0022,Name + DOB,Person P0022,NEIG-19155,60575,New Profile,Second Contact,,Johanna South,712020:3b2c2185-c76f-4d90-ad8c-9e260c73c318,Johanna South,712020:3b2c2185-c76f-4d90-ad8c-9e260c73c318,10/Aug/26 9:40 AM,11/Aug/26 10:20 AM,,Catholic_Charities,Immigrant,JCPS,LMHA,Passport,SLCM,James Bryant,Johanna South,712020:7919ac37-40c1-4b22-a858-9d188e7777ec,712020:3b2c2185-c76f-4d90-ad8c-9e260c73c318,5,Louisville,SLCM,,,29.0,Unemployed but want to find work,,Not being evicted,Woman,,,,,Refugee or Immigrant,,No,Rent - nothing past due,0.0,Passport by Molina,10/Aug/26 12:00 AM,No,,Unexpected expense,,,,,,Yes,Yes,"Sam Belza/Catholic Charities of Louisville/sbelza@archlou.org
Arlethy Fabelo Reboredo/Catholic Charities of Louisville/ areboredo@archlou.org",Yes,,5,1,No,,,Medicaid,Swahili,she/her,Black of African American,0|i038zr:,,,,,,A phone call to further explain where you would like assistance,,Yes,No income,,KY,Water,Yes,40214,2026-08-11 14:17:03.582,,11/Aug/26 10:17 AM;712020:7919ac37-40c1-4b22-a858-9d188e7777ec;Sam Belza from CC seeking assistance with this client’s water bill ($894 remaining on bill),,,,,,In Progress,10/Aug/26 9:51 AM
P0239,Name + DOB,Person P0239,NEIG-19150,60570,New Profile,Second Contact,,Johanna South,712020:3b2c2185-c76f-4d90-ad8c-9e260c73c318,Johanna South,712020:3b2c2185-c76f-4d90-ad8c-9e260c73c318,09/Aug/26 4:26 PM,10/Aug/26 11:27 AM,,LGBTQIA+,Passport,SLCM,Workforce-FinancialStability,,,James Bryant,Johanna South,712020:7919ac37-40c1-4b22-a858-9d188e7777ec,712020:3b2c2185-c76f-4d90-ad8c-9e260c73c318,1,Louisville,SLCM,,"Whirling Tiger , Portal Fifteen-Twelve",31.0,Employed,,Not being evicted,Woman,Behavioral Health Care Path,Childcare Care Path,Food Care Path,,LGBTQIA+,,No,Rent - nothing past due,1200.0,Passport by Molina,09/Aug/26 12:00 AM,No,Adam Buress ,Issues with child care,Reduction in hours at work,Unexpected expense,,,,Yes,Yes,,No,,1,2,No,Call,Text,,Emglish,she/her,,0|i038yn:,,,,,,An email with available resources and next steps,A phone call to further explain where you would like assistance,No,Full-time employment,,KY,Water,Yes,40214,2026-08-10 15:27:03.854,,"10/Aug/26 11:27 AM;712020:7919ac37-40c1-4b22-a858-9d188e7777ec;Seeking food, was initially seeking water help but ended up making payment arrangement",,,,,,In Progress,10/Aug/26 9:51 AM
P0125,Name + DOB,Person P0125,NEIG-19135,60555,New Profile,Initial Contact,,Johanna South,712020:3b2c2185-c76f-4d90-ad8c-9e260c73c318,Johanna South,712020:3b2c2185-c76f-4d90-ad8c-9e260c73c318,07/Aug/26 9:23 PM,10/Aug/26 9:51 AM,,JCPS,LMHA,MUSCL,Passport,SNAP,Workforce-Unemployed,Johanna South,,712020:3b2c2185-c76f-4d90-ad8c-9e260c73c318,,2,Louisville,MUSCL,,,35.0,Unemployed but want to find work,,Not being evicted,Woman,Intimate Partner Violence Victim Care Path,,,,,,No,Rent - nothing past due,84.0,Passport by Molina,08/Aug/26 12:00 AM,Yes,falcon crest,Other,,,,,,Yes,Yes,,No,,2,0,No,Text,,Medicaid,english,she/her,White,0|i038vb:,,,,,,An email with available resources and next steps,,Yes,Food benefits - TANF/SNAP,No income,Kentucky,LG&E,No,40219,,,,,,,,,In Progress,10/Aug/26 9:51 AM
P0392,Name + DOB,Person P0392,NEIG-19128,60548,New Profile,Initial Contact,,Johanna South,712020:3b2c2185-c76f-4d90-ad8c-9e260c73c318,Johanna South,712020:3b2c2185-c76f-4d90-ad8c-9e260c73c318,07/Aug/26 4:48 PM,10/Aug/26 9:51 AM,,Immigrant,MUSCL,Passport,Workforce-FinancialStability,Young-adult,,Johanna South,,712020:3b2c2185-c76f-4d90-ad8c-9e260c73c318,,1,Louisville,MUSCL,,Amazon ,23.0,Employed,,Not being evicted,Man,Food Care Path,,,,Refugee or Immigrant,,No,Rent - nothing past due,4000.0,Passport by Molina,07/Aug/26 12:00 AM,Yes,,Issues with child care,Unexpected expense,,,,,Yes,Yes,,No,,2,2,No,Text,,Medicaid,Español ,he/him,,0|i038tr:,,,,,,An email with available resources and next steps,,No,Full-time employment,,Ky,LG&E,Yes,40219,,,,,,,,,In Progress,10/Aug/26 9:51 AM
P0204,Name + DOB,Person P0204,NEIG-19115,60535,New Profile,Initial Contact,,Johanna South,712020:3b2c2185-c76f-4d90-ad8c-9e260c73c318,Johanna South,712020:3b2c2185-c76f-4d90-ad8c-9e260c73c318,07/Aug/26 2:21 PM,10/Aug/26 11:40 AM,,MUSCL,SNAP,Workforce-Unemployed,,,,James Bryant,Johanna South,712020:7919ac37-40c1-4b22-a858-9d188e7777ec,712020:3b2c2185-c76f-4d90-ad8c-9e260c73c318,3,Louisville,MUSCL,,,21.0,Unemployed but want to find work,,Not being evicted,Woman,Financial Stability Care Path,,,,Pregnant or recently postpartum,,Yes,Rent - nothing past due,0.0,Passport by Molina,07/Aug/26 12:00 AM,Yes,Lashondra,Childbirth,,,,,,Yes,Yes,,No,,2,1,No,Call,Text,,English,she/her,Black of African American,0|i038qv:,,,,,,A phone call to further explain where you would like assistance,,No,Food benefits - TANF/SNAP,,Ky,LG&E,No,40219,2026-08-10 14:36:55.919,,10/Aug/26 10:36 AM;712020:7919ac37-40c1-4b22-a858-9d188e7777ec;Seeking LG&E reconnection,10/Aug/26 11:40 AM;712020:7919ac37-40c1-4b22-a858-9d188e7777ec;Seeking LG&E assistance after LiHEAP appointment,,,,,In Progress,10/Aug/26 9:51 AM
P0298,Name + DOB,Person P0298,NEIG-19088,60508,New Profile,Initial Contact,,Johanna South,712020:3b2c2185-c76f-4d90-ad8c-9e260c73c318,Johanna South,712020:3b2c2185-c76f-4d90-ad8c-9e260c73c318,07/Aug/26 12:25 PM,10/Aug/26 9:51 AM,,LMHA,Passport,SLCM,SNAP,Workforce-FinancialStability,,Johanna South,,712020:3b2c2185-c76f-4d90-ad8c-9e260c73c318,,1,Fairdale,SLCM,,Tek systems,32.0,Employed,,Not being evicted,Woman,Financial Stability Care Path,Transportation Care Path,,,Person with a physical or mental disability,,Yes,Rent - nothing past due,3360.0,Passport by Molina,07/Aug/26 12:00 AM,No,Aliya Watkins ,Other,,,,,,Yes,Yes,,No,,1,1,No,Call,Text,Medicare,English ,she/her,Black of African American,0|i038kv:,,,,,,A phone call to further explain where you would like assistance,,Yes,Food benefits - TANF/SNAP,Full-time employment,KY,,No,40118,,,,,,,,,In Progress,10/Aug/26 9:51 AM
P0226,Name + DOB,Person P0226,NEIG-19078,60498,New Profile,Second Contact,,Johanna South,712020:3b2c2185-c76f-4d90-ad8c-9e260c73c318,Johanna South,712020:3b2c2185-c76f-4d90-ad8c-9e260c73c318,07/Aug/26 9:14 AM,10/Aug/26 11:11 AM,,Anthem,JCPS,Passport,SLCM,SNAP,Workforce-Underemployed,James Bryant,Johanna South,712020:7919ac37-40c1-4b22-a858-9d188e7777ec,712020:3b2c2185-c76f-4d90-ad8c-9e260c73c318,2,Louisville,SLCM,,Ups ,35.0,"Employed, but need more hours and/or different work",,Not being evicted,Woman,Food Care Path,,,,Person with a physical or mental disability,Person with chronic health condition,No,Own home - nothing past due,1200.0,Anthem,07/Aug/26 12:00 AM,Yes,,Death in the family,Issues with child care,Reduction in hours at work,,,,Yes,Yes,,No,,2,1,No,Call,Text,Employee-coverage,English ,she/her,White,0|i038in:,,,,,,An email with available resources and next steps,A phone call to further explain where you would like assistance,No,Food benefits - TANF/SNAP,Part-time employment,KY,LG&E,No,40214-5715,2026-08-10 15:11:05.022,,10/Aug/26 11:11 AM;712020:7919ac37-40c1-4b22-a858-9d188e7777ec;Seeking help with brown bill,,,,,,In Progress,10/Aug/26 9:51 AM
P0385,Name + DOB,Person P0385,NEIG-19033,60453,New Profile,Second Contact,,Johanna South,712020:3b2c2185-c76f-4d90-ad8c-9e260c73c318,Johanna South,712020:3b2c2185-c76f-4d90-ad8c-9e260c73c318,06/Aug/26 7:57 AM,06/Aug/26 9:43 AM,,LMHA,Passport,SLCM,SNAP,SSDI,,James Bryant,Johanna South,712020:7919ac37-40c1-4b22-a858-9d188e7777ec,712020:3b2c2185-c76f-4d90-ad8c-9e260c73c318,8,Louisville,,,N/a,26.0,Unemployed but want to find work,,Not being evicted,Woman,Financial Stability Care Path,Legal Assistance Care Path,,,Pregnant or recently postpartum,,No,Rent- past due,900.0,Passport by Molina,06/Aug/26 12:00 AM,No,Jackie ,Childbirth,Loss of job,,,,,Yes,Yes,N/a,Yes,,3,1,No,Call,Text,Medicaid,English ,,Black of African American,0|i0388n:,,,,,,An email with available resources and next steps,A phone call to further explain where you would like assistance,Yes,Food benefits - TANF/SNAP,Social Security - SSI/SSDI,KY,LG&E,No,40215,2026-08-06 13:43:53.19,,06/Aug/26 9:43 AM;712020:7919ac37-40c1-4b22-a858-9d188e7777ec;Seeking $300 towards rent,,,,,,In Progress,06/Aug/26 9:30 AM
P0316,Name + DOB,Person P0316,NEIG-19029,60449,New Profile,Initial Contact,,Johanna South,712020:3b2c2185-c76f-4d90-ad8c-9e260c73c318,Johanna South,712020:3b2c2185-c76f-4d90-ad8c-9e260c73c318,06/Aug/26 6:23 AM,06/Aug/26 9:30 AM,,ChronicHealthCondition,JCPS,Passport,SLCM,SSDI,,Johanna South,,712020:3b2c2185-c76f-4d90-ad8c-9e260c73c318,,3,Lousville,SLCM,,,52.0,Other,,Not being evicted,Man,Food Care Path,Transportation Care Path,,,Person with a physical or mental disability,Person with chronic health condition,No,Rent- past due,1620.0,Passport by Molina,06/Aug/26 12:00 AM,Yes,Tammy Gilenwaters,Job loss,Loss of job,Reduction in or loss of benefits,,,,Yes,Yes,,No,,1,3,No,Call,Text,Medicare,English,he/him,White,0|i0387r:,,,,,,An email with available resources and next steps,A phone call to further explain where you would like assistance,No,Social Security - SSI/SSDI,,KY,LG&E,Yes,40208,,,,,,,,,In Progress,06/Aug/26 9:30 AM
P0149,Name + DOB,Person P0149,NEIG-19025,60445,New Profile,Initial Contact,,Johanna South,712020:3b2c2185-c76f-4d90-ad8c-9e260c73c318,Johanna South,712020:3b2c2185-c76f-4d90-ad8c-9e260c73c318,06/Aug/26 5:46 AM,06/Aug/26 9:30 AM,,JCPS,Passport,SLCM,Workforce-Underemployed,,,Johanna South,,712020:3b2c2185-c76f-4d90-ad8c-9e260c73c318,,5,Louisville,SLCM,,Aramark ,34.0,Employed,,Not being evicted,Woman,Behavioral Health Care Path,Financial Stability Care Path,Social Support,,,,No,Rent- past due,3000.0,Passport by Molina,06/Aug/26 12:00 AM,No,Here is my landlord's information Name:Derand Holder Number: 502-999-1017,Loss of job,,,,,,Yes,Yes,Amy ,Yes,,4,2,No,,,Medicaid,English,she/her,Black of African American,0|i0386v:,,,,,,An email with available resources and next steps,,No,Full-time employment,No income,KY,,No,40215,,,,,,,,,In Progress,06/Aug/26 9:30 AM
P0355,Name + DOB,Person P0355,NEIG-19020,60440,New Profile,Second Contact,,Johanna South,712020:3b2c2185-c76f-4d90-ad8c-9e260c73c318,Johanna South,712020:3b2c2185-c76f-4d90-ad8c-9e260c73c318,06/Aug/26 12:35 AM,06/Aug/26 10:00 AM,,Medicaid,SLCM,Workforce-FinancialStability,,,,James Bryant,Johanna South,712020:7919ac37-40c1-4b22-a858-9d188e7777ec,712020:3b2c2185-c76f-4d90-ad8c-9e260c73c318,1,LOUISVILLE,SLCM,,Chick Fil a St matthews,21.0,Other,,Not being evicted,Woman,Financial Stability Care Path,Food Care Path,Pregnancy/Postpartum Care Path,,Pregnant or recently postpartum,,No,Own home - nothing past due,3500.0,Other,06/Aug/26 12:00 AM,Yes,,Childbirth,Medical emergency or other health needs,Unexpected expense,,,,Yes,Yes,Nortons children’s hospital ,Yes,,1,2,No,Text,,Medicaid,English ,she/her,White,0|i0385r:,,,,,,An email with available resources and next steps,,No,Full-time employment,,KY,LG&E,Yes,40215,2026-08-06 14:00:39.362,,06/Aug/26 10:00 AM;712020:7919ac37-40c1-4b22-a858-9d188e7777ec;Seeking LG&E and food help. Neighbor’s child had a brain infection causing them to fall behind due to the medical bills,,,,,,In Progress,06/Aug/26 9:30 AM
P0164,Name + DOB,Person P0164,NEIG-19006,60426,New Profile,Initial Contact,,Johanna South,712020:3b2c2185-c76f-4d90-ad8c-9e260c73c318,Johanna South,712020:3b2c2185-c76f-4d90-ad8c-9e260c73c318,05/Aug/26 1:20 PM,06/Aug/26 3:59 PM,,JCPS,Passport,SLCM,SNAP,Workforce-Underemployed,,Johanna South,,712020:3b2c2185-c76f-4d90-ad8c-9e260c73c318,,4,Louisville,SLCM,,,24.0,Employed,Non-payment,Unknown,Woman,Transportation Care Path,,,,Pregnant or recently postpartum,,No,Rent- past due,498.0,Passport by Molina,05/Aug/26 12:00 AM,Yes,Anthony Piccalo,Childbirth,Issues with child care,Loss of accessible transportation,,Other,1325.0,Yes,Yes,,No,4406.0,4,1,No,Call,Text,Medicaid,English,she/her,Black of African American,0|i0382n:,Avoid an eviction,Come up with a plan to pay back rent,Get rental assistance,Stay out of court,,An email with available resources and next steps,A phone call to further explain where you would like assistance,No,Food benefits - TANF/SNAP,,Kentucky,LG&E,Yes,40215,,,,,,,,,In Progress,06/Aug/26 9:30 AM
P0215,Name + DOB,Person P0215,NEIG-19001,60421,New Profile,Initial Contact,,Johanna South,712020:3b2c2185-c76f-4d90-ad8c-9e260c73c318,Johanna South,712020:3b2c2185-c76f-4d90-ad8c-9e260c73c318,05/Aug/26 12:40 PM,06/Aug/26 9:30 AM,,JCPS,SLCM,Workforce-Underemployed,,,,Johanna South,,712020:3b2c2185-c76f-4d90-ad8c-9e260c73c318,,1,Louisville ,SLCM,,Thorntons,28.0,"Employed, but need more hours and/or different work",Non-payment,Currently being evicted,Woman,Legal Assistance Care Path,,,,Pregnant or recently postpartum,,No,Rent- past due,925.0,Other,05/Aug/26 12:00 AM,No,Tisha reed,Reduction in hours at work,,,,Lost a job/had hours cut,925.0,Yes,Yes,,No,1400.0,1,1,No,Text,,Employee-coverage,English,she/her,Black of African American,0|i0381j:,Avoid an eviction,,,,,An email with available resources and next steps,A phone call to further explain where you would like assistance,No,Full-time employment,,KY,LG&E,No,40214,,,,,,,,,In Progress,06/Aug/26 9:30 AM
P0070,Name + DOB,Person P0070,NEIG-18986,60406,New Profile,Initial Contact,,Johanna South,712020:3b2c2185-c76f-4d90-ad8c-9e260c73c318,Johanna South,712020:3b2c2185-c76f-4d90-ad8c-9e260c73c318,05/Aug/26 11:38 AM,06/Aug/26 9:30 AM,,Aetna,JCPS,SVC,Workforce-Unemployed,,,Johanna South,,712020:3b2c2185-c76f-4d90-ad8c-9e260c73c318,,4,Louisville,SVC,,,32.0,Unemployed but want to find work,Non-payment,Currently being evicted,Woman,Transportation Care Path,,,,,,Yes,Rent- past due,0.0,Aetna,05/Aug/26 12:00 AM,No,Second Avenue ,Loss of accessible transportation,Loss of job,Reduction in hours at work,,Lost a job/had hours cut,1095.0,Yes,Yes,,No,2643.0,3,2,No,Call,Text,Medicaid,English,she/her,Black of African American,0|i037y7:,Avoid an eviction,Come up with a plan to pay back rent,Get rental assistance,Stay out of court,,An email with available resources and next steps,,No,No income,,Kentucky,,No,40212,,,,,,,,,In Progress,06/Aug/26 9:30 AM
P0005,"Name only (matched existing person, DOB missing)",Person P0005,NEIG-18975,60395,Food Care Path,External Org to Complete Goal,Done,James Bryant,712020:7919ac37-40c1-4b22-a858-9d188e7777ec,James Bryant,712020:7919ac37-40c1-4b22-a858-9d188e7777ec,05/Aug/26 11:12 AM,05/Aug/26 11:12 AM,05/Aug/26 11:12 AM,Passport,SLCM,Under500toStabilizae,Workforce-Unemployed,,,James Bryant,,712020:7919ac37-40c1-4b22-a858-9d188e7777ec,,0,,,,,,,,,,,,,,,,,,,,,No,,,,,,,,No,No,,,,,,,,,,,,,0|i037vr:,,,,,,,,,,,,,No,,,10013_*:*_1_*:*_12459_*|*_10034_*:*_1_*:*_0,05/Aug/26 11:12 AM;712020:7919ac37-40c1-4b22-a858-9d188e7777ec;SLCM and Dare to Care,,,59745.0,NEIG-18325,Alaceya Chianne Jerelden ,Done,05/Aug/26 11:12 AM
P0072,"Name only (matched existing person, DOB missing)",Person P0072,NEIG-18962,60382,Utility Care Path,External Org to Complete Goal,Done,James Bryant,712020:7919ac37-40c1-4b22-a858-9d188e7777ec,James Bryant,712020:7919ac37-40c1-4b22-a858-9d188e7777ec,05/Aug/26 10:23 AM,05/Aug/26 10:23 AM,05/Aug/26 10:23 AM,SLCM,Uninsured,Workforce-FinancialStability,,,,James Bryant,,712020:7919ac37-40c1-4b22-a858-9d188e7777ec,,0,,,,,,,,,,,,,,,,,,,,,No,,,,,,,,No,No,,,,,,,,,,,,,0|i037sv:,,,,,,,,,,,,,No,,,10013_*:*_1_*:*_12712_*|*_10034_*:*_1_*:*_0,,,,59501.0,NEIG-18142,Brianna Salmeron,Done,05/Aug/26 10:23 AM
P0262,"Name only (matched existing person, DOB missing)",Person P0262,NEIG-18959,60379,Rent Assistance Care Path,External Org to Complete Goal,,James Bryant,712020:7919ac37-40c1-4b22-a858-9d188e7777ec,James Bryant,712020:7919ac37-40c1-4b22-a858-9d188e7777ec,05/Aug/26 9:51 AM,05/Aug/26 9:52 AM,,Launch,SLCM,Workforce-FinancialStability,Young-adult,,,James Bryant,,712020:7919ac37-40c1-4b22-a858-9d188e7777ec,,0,,,,,,,,,,,,,,,,,,,,,No,,,,,,,,No,No,,,,,,,,,,,,,0|i037s7:,,,,,,,,,,,,,No,,,,"05/Aug/26 9:52 AM;712020:7919ac37-40c1-4b22-a858-9d188e7777ec;JB referred to Housing Stabilization, Salvation Army, and Launch Rent Relief Loan Program",,,59992.0,NEIG-18572,Layla Marie hall ,Done,05/Aug/26 9:51 AM
P0150,"Name only (matched existing person, DOB missing)",Person P0150,NEIG-18954,60374,Basic Supplies,External Org to Complete Goal,,James Bryant,712020:7919ac37-40c1-4b22-a858-9d188e7777ec,James Bryant,712020:7919ac37-40c1-4b22-a858-9d188e7777ec,05/Aug/26 9:41 AM,05/Aug/26 9:42 AM,,Caretaker,JCPS,LMHA,SNAP,SVC,,James Bryant,,712020:7919ac37-40c1-4b22-a858-9d188e7777ec,,0,,,,,,,,,,,,,,,,,,,,,No,,,,,,,,No,No,,,,,,,,,,,,,0|i037r3:,,,,,,,,,,,,,No,,,,05/Aug/26 9:42 AM;712020:7919ac37-40c1-4b22-a858-9d188e7777ec;JB referred to NYSINYD and Goodwill,,,59393.0,NEIG-18034,Glennesha s Hampton ,Done,05/Aug/26 9:42 AM
P0013,"Name only (matched existing person, DOB missing)",Person P0013,NEIG-18951,60371,House Navigation Care Path,External Org to Complete Goal,Done,James Bryant,712020:7919ac37-40c1-4b22-a858-9d188e7777ec,James Bryant,712020:7919ac37-40c1-4b22-a858-9d188e7777ec,05/Aug/26 9:13 AM,05/Aug/26 9:13 AM,05/Aug/26 9:13 AM,Caretaker,SLCM,Uninsured,Workforce-Unemployed,,,James Bryant,,712020:7919ac37-40c1-4b22-a858-9d188e7777ec,,0,,,,,,,,,,,,,,,,,,,,,No,,,,,,,,No,No,,,,,,,,,,,,,0|i037qf:,,,,,,,,,,,,,No,,,10013_*:*_1_*:*_31886_*|*_10034_*:*_1_*:*_0,,,,59373.0,NEIG-18014,Alyssa Marie Johnson ,Done,05/Aug/26 9:13 AM
P0328,"Name only (matched existing person, DOB missing)",Person P0328,NEIG-18941,60361,Rent Assistance Care Path,External Org to Complete Goal,,James Bryant,712020:7919ac37-40c1-4b22-a858-9d188e7777ec,James Bryant,712020:7919ac37-40c1-4b22-a858-9d188e7777ec,05/Aug/26 9:00 AM,05/Aug/26 9:00 AM,,Caretaker,Eviction_Court,JCPS,Passport,SLCM,SNAP,James Bryant,,712020:7919ac37-40c1-4b22-a858-9d188e7777ec,,0,,,,,,,,,,,,,,,,,,,,,No,,,,,,,,No,No,,,,,,,,,,,,,0|i037o7:,,,,,,,,,,,,,No,,,,05/Aug/26 9:00 AM;712020:7919ac37-40c1-4b22-a858-9d188e7777ec;KTAP RAP,,,59322.0,NEIG-17963,Saquianna k hassell,Done,05/Aug/26 9:00 AM
P0328,"Name only (matched existing person, DOB missing)",Person P0328,NEIG-18940,60360,House Navigation Care Path,External Org to Complete Goal,Done,James Bryant,712020:7919ac37-40c1-4b22-a858-9d188e7777ec,James Bryant,712020:7919ac37-40c1-4b22-a858-9d188e7777ec,05/Aug/26 8:59 AM,05/Aug/26 8:59 AM,05/Aug/26 8:59 AM,Caretaker,Eviction_Court,JCPS,Passport,SLCM,SNAP,James Bryant,,712020:7919ac37-40c1-4b22-a858-9d188e7777ec,,0,,,,,,,,,,,,,,,,,,,,,No,,,,,,,,No,No,,,,,,,,,,,,,0|i037nz:,,,,,,,,,,,,,No,,,10013_*:*_1_*:*_13231_*|*_10034_*:*_1_*:*_0,05/Aug/26 8:59 AM;712020:7919ac37-40c1-4b22-a858-9d188e7777ec;Stacy Harris,,,59322.0,NEIG-17963,Saquianna k hassell,Done,05/Aug/26 8:59 AM
P0067,"Name only (matched existing person, DOB missing)",Person P0067,NEIG-18933,60353,Rent Assistance Care Path,External Org to Complete Goal,,James Bryant,712020:7919ac37-40c1-4b22-a858-9d188e7777ec,James Bryant,712020:7919ac37-40c1-4b22-a858-9d188e7777ec,05/Aug/26 8:14 AM,05/Aug/26 8:14 AM,,Caretaker,JCPS,SLCM,SNAP,Workforce-Underemployed,,James Bryant,,712020:7919ac37-40c1-4b22-a858-9d188e7777ec,,0,,,,,,,,,,,,,,,,,,,,,No,,,,,,,,No,No,,,,,,,,,,,,,0|i037mf:,,,,,,,,,,,,,No,,,,05/Aug/26 8:14 AM;712020:7919ac37-40c1-4b22-a858-9d188e7777ec;JB referred to Housing Stabilization,,,59195.0,NEIG-17836,Breonna Bell,Done,05/Aug/26 8:14 AM
P0365,Name + DOB,Person P0365,NEIG-18928,60348,New Profile,Initial Contact,,Johanna South,712020:3b2c2185-c76f-4d90-ad8c-9e260c73c318,Johanna South,712020:3b2c2185-c76f-4d90-ad8c-9e260c73c318,05/Aug/26 8:03 AM,06/Aug/26 9:30 AM,,Caretaker,ChronicHealthCondition,JCPS,SLCM,SSDI,United,Johanna South,,712020:3b2c2185-c76f-4d90-ad8c-9e260c73c318,,7,Louisville,SLCM,,Shiftsmart,26.0,Other,,Not being evicted,Woman,Financial Stability Care Path,Pregnancy/Postpartum Care Path,,,Person with a physical or mental disability,Person with chronic health condition,No,Rent - nothing past due,1500.0,United Healthcare,05/Aug/26 12:00 AM,Yes,Sharonda,Childbirth,Issues with child care,Medical emergency or other health needs,Reduction in hours at work,,,Yes,Yes,,No,,More than 5,2,No,Call,Text,Medicaid,English ,she/her,Black of African American,0|i037lb:,,,,,,An email with available resources and next steps,A phone call to further explain where you would like assistance,No,Other,Social Security - SSI/SSDI,KY,LG&E,No,40214,,,,,,,,,In Progress,06/Aug/26 9:30 AM
P0003,Name + DOB,Person P0003,NEIG-18911,60331,New Profile,Second Contact,,Johanna South,712020:3b2c2185-c76f-4d90-ad8c-9e260c73c318,Johanna South,712020:3b2c2185-c76f-4d90-ad8c-9e260c73c318,05/Aug/26 4:34 AM,06/Aug/26 9:40 AM,,CLCM,JCPS,LMHA,Workforce-Unemployed,,,Johanna South,,712020:3b2c2185-c76f-4d90-ad8c-9e260c73c318,,2,Louisville,CLCM,,,30.0,Other,,Not being evicted,Woman,Financial Stability Care Path,Food Care Path,Transportation Care Path,,,,No,Rent - nothing past due,240.0,Other,05/Aug/26 12:00 AM,Yes,Samantha ,Job loss,Loss of job,,,,,Yes,Yes,,No,,2,3,No,Text,,,Englishb,she/her,Black of African American,0|i037hj:,,,,,,An email with available resources and next steps,A phone call to further explain where you would like assistance,Yes,No income,,Ky,LG&E,No,40208,,,,,,,,,In Progress,06/Aug/26 9:30 AM
P0193,Name + DOB,Person P0193,NEIG-18907,60327,New Profile,Second Contact,,Johanna South,712020:3b2c2185-c76f-4d90-ad8c-9e260c73c318,Johanna South,712020:3b2c2185-c76f-4d90-ad8c-9e260c73c318,04/Aug/26 9:32 PM,06/Aug/26 10:33 AM,,MUSCL,Veteran,Workforce-Unemployed,,,,James Bryant,Johanna South,712020:7919ac37-40c1-4b22-a858-9d188e7777ec,712020:3b2c2185-c76f-4d90-ad8c-9e260c73c318,2,Louisville,MUSCL,,,29.0,Other,,Not being evicted,Man,Childcare Care Path,Financial Stability Care Path,,,Person with a physical or mental disability,Veteren,No,Own home - mortgage past due,4458.0,Humana,05/Aug/26 12:00 AM,Yes,,Job loss,Loss of job,,,,,Yes,Yes,,No,,1,1,No,Call,Text,Other,English,he/him,Black of African American,0|i037gn:,,,,,,An email with available resources and next steps,A phone call to further explain where you would like assistance,No,Veterans benefits,,Ky,LG&E,Yes,40229,2026-08-06 14:32:36.378,,06/Aug/26 10:32 AM;712020:7919ac37-40c1-4b22-a858-9d188e7777ec;Seeking 6272.10 towards mortgage,,,,,,In Progress,06/Aug/26 9:30 AM
P0154,Name + DOB,Person P0154,NEIG-18888,60308,New Profile,Initial Contact,,Johanna South,712020:3b2c2185-c76f-4d90-ad8c-9e260c73c318,Johanna South,712020:3b2c2185-c76f-4d90-ad8c-9e260c73c318,04/Aug/26 2:34 PM,06/Aug/26 9:30 AM,,JCPS,Medicaid,SLCM,Workforce-Unemployed,,,Johanna South,,712020:3b2c2185-c76f-4d90-ad8c-9e260c73c318,,4,Louisville ,SLCM,,N/a,23.0,Unemployed but want to find work,,Not being evicted,Woman,Childcare Care Path,Children's Education,Financial Stability Care Path,Food Care Path,Person with a physical or mental disability,Pregnant or recently postpartum,No,Rent- past due,1200.0,Other,04/Aug/26 12:00 AM,No,"Unknown, Devin handles apartment details ",Childbirth,Issues with child care,,,,,Yes,Yes,,No,,3,2,No,Text,,Medicaid,English ,she/her,White,0|i037cf:,,,,,,An email with available resources and next steps,A phone call to further explain where you would like assistance,No,No income,,Kentucky ,,No,40214,,,,,,,,,In Progress,06/Aug/26 9:30 AM
P0104,Name + DOB,Person P0104,NEIG-18886,60306,New Profile,Second Contact,,Johanna South,712020:3b2c2185-c76f-4d90-ad8c-9e260c73c318,Johanna South,712020:3b2c2185-c76f-4d90-ad8c-9e260c73c318,04/Aug/26 2:28 PM,06/Aug/26 10:14 AM,,Aetna,JCPS,SLCM,Workforce-FinancialStability,,,James Bryant,Johanna South,712020:7919ac37-40c1-4b22-a858-9d188e7777ec,712020:3b2c2185-c76f-4d90-ad8c-9e260c73c318,3,Louisville,SLCM,,CheckSmart,30.0,Employed,Other,Currently being evicted,Woman,,,,,,,No,Staying with friends/family,2033.0,Aetna,04/Aug/26 12:00 AM,No,,Death in the family,Eviction,Reduction in or loss of benefits,,Other,,Yes,Yes,,No,,3,4,No,Call,Text,Medicaid,English,she/her,Black of African American,0|i037bz:,Get rental assistance,Other,,,,An email with available resources and next steps,A phone call to further explain where you would like assistance,No,Full-time employment,,Kentucky,,No,40214,2026-08-06 14:14:35.969,,06/Aug/26 10:14 AM;712020:7919ac37-40c1-4b22-a858-9d188e7777ec;Seeking 1013.00 towards first month’s rent and deposit,,,,,,In Progress,06/Aug/26 9:30 AM
P0020,"Name only (matched existing person, DOB missing)",Person P0020,NEIG-18876,60296,Rent Assistance Care Path,External Org to Complete Goal,,James Bryant,712020:7919ac37-40c1-4b22-a858-9d188e7777ec,James Bryant,712020:7919ac37-40c1-4b22-a858-9d188e7777ec,04/Aug/26 12:50 PM,04/Aug/26 12:51 PM,,MUSCL,Passport,SNAP,Workforce-FinancialStability,,,James Bryant,,712020:7919ac37-40c1-4b22-a858-9d188e7777ec,,0,,,,,,,,,,,,,,,,,,,,,No,,,,,,,,No,No,,,,,,,,,,,,,0|i0379r:,,,,,,,,,,,,,No,,,,04/Aug/26 12:51 PM;712020:7919ac37-40c1-4b22-a858-9d188e7777ec;Housing Stabilization and KTAP,,,59088.0,NEIG-17729,Amelia R Kammerdiener,Done,04/Aug/26 12:50 PM
P0141,"Name only (matched existing person, DOB missing)",Person P0141,NEIG-18875,60295,House Navigation Care Path,External Org to Complete Goal,Done,James Bryant,712020:7919ac37-40c1-4b22-a858-9d188e7777ec,James Bryant,712020:7919ac37-40c1-4b22-a858-9d188e7777ec,04/Aug/26 12:47 PM,04/Aug/26 12:47 PM,04/Aug/26 12:47 PM,Caretaker,LMHA,MUSCL,,,,James Bryant,,712020:7919ac37-40c1-4b22-a858-9d188e7777ec,,0,,,,,,,,,,,,,,,,,,,,,No,,,,,,,,No,No,,,,,,,,,,,,,0|i0379j:,,,,,,,,,,,,,No,,,10013_*:*_1_*:*_16304_*|*_10034_*:*_1_*:*_0,04/Aug/26 12:47 PM;712020:7919ac37-40c1-4b22-a858-9d188e7777ec;Common Assessment and ZeroV,,,59077.0,NEIG-17718,Emone S Cruz,Done,04/Aug/26 12:47 PM
P0075,Name + DOB,Person P0075,NEIG-18871,60291,New Profile,Second Contact,,Johanna South,712020:3b2c2185-c76f-4d90-ad8c-9e260c73c318,Johanna South,712020:3b2c2185-c76f-4d90-ad8c-9e260c73c318,04/Aug/26 12:45 PM,06/Aug/26 11:54 AM,,Caretaker,JCPS,LMHA,Passport,SLCM,SNAP,James Bryant,Johanna South,712020:7919ac37-40c1-4b22-a858-9d188e7777ec,712020:3b2c2185-c76f-4d90-ad8c-9e260c73c318,6,Louisville,SLCM,,,41.0,Unemployed but want to find work,,Not being evicted,Woman,Behavioral Health Care Path,,,,,,No,Other,1300.0,Passport by Molina,04/Aug/26 12:00 AM,Yes,Eric Titus ,Job loss,Loss of job,,,,,Yes,Yes,Lge,Yes,,More than 5,1,No,Call,Text,Medicaid,English ,she/her,Black of African American,0|i0378n:,,,,,,A phone call to further explain where you would like assistance,,Yes,Food benefits - TANF/SNAP,Social Security - SSI/SSDI,KY,LG&E,No,40215,2026-08-06 15:54:55.827,,06/Aug/26 11:54 AM;712020:7919ac37-40c1-4b22-a858-9d188e7777ec;Trying to pay off old LG&E bill in order to move service to new home,,,,,,In Progress,06/Aug/26 9:30 AM
P0019,"Name only (matched existing person, DOB missing)",Person P0019,NEIG-18864,60284,Rent Assistance Care Path,External Org to Complete Goal,,James Bryant,712020:7919ac37-40c1-4b22-a858-9d188e7777ec,James Bryant,712020:7919ac37-40c1-4b22-a858-9d188e7777ec,04/Aug/26 11:42 AM,04/Aug/26 11:43 AM,,Caretaker,JCPS,LMHA,Passport,SLCM,Workforce-Underemployed,James Bryant,,712020:7919ac37-40c1-4b22-a858-9d188e7777ec,,0,,,,,,,,,,,,,,,,,,,,,No,,,,,,,,No,No,,,,,,,,,,,,,0|i03773:,,,,,,,,,,,,,No,,,,04/Aug/26 11:43 AM;712020:7919ac37-40c1-4b22-a858-9d188e7777ec;JB referred to Housing Stabilization,,,58974.0,NEIG-17615,Amber R Chism-Raley ,Done,04/Aug/26 11:43 AM
P0374,"Name only (matched existing person, DOB missing)",Person P0374,NEIG-18851,60271,House Navigation Care Path,External Org to Complete Goal,Done,James Bryant,712020:7919ac37-40c1-4b22-a858-9d188e7777ec,James Bryant,712020:7919ac37-40c1-4b22-a858-9d188e7777ec,04/Aug/26 11:11 AM,04/Aug/26 11:12 AM,04/Aug/26 11:12 AM,Eviction_Court,Passport,UCHM,Workforce-Underemployed,,,James Bryant,,712020:7919ac37-40c1-4b22-a858-9d188e7777ec,,0,,,,,,,,,,,,,,,,,,,,,No,,,,,,,,No,No,,,,,,,,,,,,,0|i03747:,,,,,,,,,,,,,No,,,10013_*:*_1_*:*_30502_*|*_10034_*:*_1_*:*_0,04/Aug/26 11:12 AM;712020:7919ac37-40c1-4b22-a858-9d188e7777ec;Stacy Harris and income-based and affordable housing list,,,58916.0,NEIG-17557,Tiera m Rowe ,Done,04/Aug/26 11:12 AM
P0397,"Name only (no DOB, no other match)",Person P0397,NEIG-18848,60268,Rent Assistance Care Path,External Org to Complete Goal,,James Bryant,712020:7919ac37-40c1-4b22-a858-9d188e7777ec,James Bryant,712020:7919ac37-40c1-4b22-a858-9d188e7777ec,04/Aug/26 11:08 AM,04/Aug/26 11:08 AM,,Launch,SLCM,Workforce-Unemployed,,,,James Bryant,,712020:7919ac37-40c1-4b22-a858-9d188e7777ec,,0,,,,,,,,,,,,,,,,,,,,,No,,,,,,,,No,No,,,,,,,,,,,,,0|i0373j:,,,,,,,,,,,,,No,,,,04/Aug/26 11:08 AM;712020:7919ac37-40c1-4b22-a858-9d188e7777ec;JB referred to KTAP,,,58856.0,NEIG-17497,Sarah J Martinez,Done,04/Aug/26 11:08 AM
P0059,"Name only (matched existing person, DOB missing)",Person P0059,NEIG-18845,60265,Rent Assistance Care Path,External Org to Complete Goal,,James Bryant,712020:7919ac37-40c1-4b22-a858-9d188e7777ec,James Bryant,712020:7919ac37-40c1-4b22-a858-9d188e7777ec,04/Aug/26 11:03 AM,04/Aug/26 11:04 AM,,Former-foster-care-individual,MUSCL,Workforce-FinancialStability,Young-adult,,,James Bryant,,712020:7919ac37-40c1-4b22-a858-9d188e7777ec,,0,,,,,,,,,,,,,,,,,,,,,No,,,,,,,,No,No,,,,,,,,,,,,,0|i0372v:,,,,,,,,,,,,,No,,,,04/Aug/26 11:04 AM;712020:7919ac37-40c1-4b22-a858-9d188e7777ec;JB referred to RISE,,,58842.0,NEIG-17483,Blake M McLemore,Done,04/Aug/26 11:03 AM
P0142,"Name only (matched existing person, DOB missing)",Person P0142,NEIG-18844,60264,Rent Assistance Care Path,External Org to Complete Goal,,James Bryant,712020:7919ac37-40c1-4b22-a858-9d188e7777ec,James Bryant,712020:7919ac37-40c1-4b22-a858-9d188e7777ec,04/Aug/26 10:57 AM,04/Aug/26 10:58 AM,,Caretaker,Humana-Medicaid,SLCM,SNAP,Workforce-Underemployed,,James Bryant,,712020:7919ac37-40c1-4b22-a858-9d188e7777ec,,0,,,,,,,,,,,,,,,,,,,,,No,,,,,,,,No,No,,,,,,,,,,,,,0|i0372n:,,,,,,,,,,,,,No,,,,04/Aug/26 10:58 AM;712020:7919ac37-40c1-4b22-a858-9d188e7777ec;JB referred to Housing Stabilization and Humana Medicaid,,,58828.0,NEIG-17469,Emonee Niasia Lanise Dutton,Done,04/Aug/26 10:57 AM
P0142,"Name only (matched existing person, DOB missing)",Person P0142,NEIG-18843,60263,Food Care Path,External Org to Complete Goal,Done,James Bryant,712020:7919ac37-40c1-4b22-a858-9d188e7777ec,James Bryant,712020:7919ac37-40c1-4b22-a858-9d188e7777ec,04/Aug/26 10:57 AM,04/Aug/26 10:58 AM,04/Aug/26 10:58 AM,Caretaker,Humana-Medicaid,SLCM,SNAP,Workforce-Underemployed,,James Bryant,,712020:7919ac37-40c1-4b22-a858-9d188e7777ec,,0,,,,,,,,,,,,,,,,,,,,,No,,,,,,,,No,No,,,,,,,,,,,,,0|i0372f:,,,,,,,,,,,,,No,,,10013_*:*_1_*:*_42980_*|*_10034_*:*_1_*:*_0,04/Aug/26 10:58 AM;712020:7919ac37-40c1-4b22-a858-9d188e7777ec;SLCM and Dare to Care,,,58828.0,NEIG-17469,Emonee Niasia Lanise Dutton,Done,04/Aug/26 10:58 AM
P0189,"Name only (matched existing person, DOB missing)",Person P0189,NEIG-18828,60248,Rent Assistance Care Path,External Org to Complete Goal,,James Bryant,712020:7919ac37-40c1-4b22-a858-9d188e7777ec,James Bryant,712020:7919ac37-40c1-4b22-a858-9d188e7777ec,04/Aug/26 10:26 AM,04/Aug/26 10:28 AM,,JCPS,Passport,SSDI,SVC,,,James Bryant,,712020:7919ac37-40c1-4b22-a858-9d188e7777ec,,0,,,,,,,,,,,,,,,,,,,,,No,,,,,,,,No,No,,,,,,,,,,,,,0|i036z3:,,,,,,,,,,,,,No,,,,04/Aug/26 10:28 AM;712020:7919ac37-40c1-4b22-a858-9d188e7777ec;JB referred to Housing Stabilization,,,58744.0,NEIG-17385,jasmine d norris,Done,04/Aug/26 10:26 AM
P0351,"Name only (matched existing person, DOB missing)",Person P0351,NEIG-18822,60242,Foreclosure Prevention/Mortgage Assistance,External Org to Complete Goal,,James Bryant,712020:7919ac37-40c1-4b22-a858-9d188e7777ec,James Bryant,712020:7919ac37-40c1-4b22-a858-9d188e7777ec,04/Aug/26 10:22 AM,04/Aug/26 10:22 AM,,JCPS,JCPS-Employee,SLCM,Workforce-FinancialStability,,,James Bryant,,712020:7919ac37-40c1-4b22-a858-9d188e7777ec,,0,,,,,,,,,,,,,,,,,,,,,No,,,,,,,,No,No,,,,,,,,,,,,,0|i036xr:,,,,,,,,,,,,,No,,,,"04/Aug/26 10:22 AM;712020:7919ac37-40c1-4b22-a858-9d188e7777ec;JB referred to Protect My KY Home Foreclosure Alternatives, Salvation Army, JCPS EAP, and KTAP",,,58733.0,NEIG-17374,Stanley ray camp,Done,04/Aug/26 10:22 AM
P0345,"Name only (matched existing person, DOB missing)",Person P0345,NEIG-18817,60237,Rent Assistance Care Path,External Org to Complete Goal,,James Bryant,712020:7919ac37-40c1-4b22-a858-9d188e7777ec,James Bryant,712020:7919ac37-40c1-4b22-a858-9d188e7777ec,04/Aug/26 9:40 AM,04/Aug/26 9:41 AM,,Anthem,JCPS,JCPS-Employee,Passport,SAM,SNAP,James Bryant,,712020:7919ac37-40c1-4b22-a858-9d188e7777ec,,0,,,,,,,,,,,,,,,,,,,,,No,,,,,,,,No,No,,,,,,,,,,,,,0|i036wn:,,,,,,,,,,,,,No,,,,04/Aug/26 9:41 AM;712020:7919ac37-40c1-4b22-a858-9d188e7777ec;JB referred to Housing Stabilization,,,58670.0,NEIG-17311,shayla white,Done,04/Aug/26 9:40 AM
P0147,"Name only (matched existing person, DOB missing)",Person P0147,NEIG-18813,60233,Rent Assistance Care Path,Goal No Longer Wanted,Won't Do,James Bryant,712020:7919ac37-40c1-4b22-a858-9d188e7777ec,James Bryant,712020:7919ac37-40c1-4b22-a858-9d188e7777ec,04/Aug/26 9:14 AM,04/Aug/26 9:14 AM,04/Aug/26 9:14 AM,Humana-Medicaid,JCPS,SLCM,Workforce-Underemployed,,,James Bryant,,712020:7919ac37-40c1-4b22-a858-9d188e7777ec,,0,,,,,,,,,,,,,,,,,,,,,No,,,,,,,,No,No,,,,,,,,,,,,,0|i036vr:,,,,,,,,,,,,,No,,,10013_*:*_1_*:*_19289_*|*_10026_*:*_1_*:*_0,,,,58502.0,NEIG-17143,Eva Henderson,Done,04/Aug/26 9:14 AM
P0060,"Name only (matched existing person, DOB missing)",Person P0060,NEIG-18812,60232,Rent Assistance Care Path,External Org to Complete Goal,,James Bryant,712020:7919ac37-40c1-4b22-a858-9d188e7777ec,James Bryant,712020:7919ac37-40c1-4b22-a858-9d188e7777ec,04/Aug/26 9:12 AM,04/Aug/26 9:13 AM,,Immigrant,JCPS,SLCM,Uninsured,,,James Bryant,,712020:7919ac37-40c1-4b22-a858-9d188e7777ec,,0,,,,,,,,,,,,,,,,,,,,,No,,,,,,,,No,No,,,,,,,,,,,,,0|i036vj:,,,,,,,,,,,,,No,,,,04/Aug/26 9:13 AM;712020:7919ac37-40c1-4b22-a858-9d188e7777ec;JB referred to Housing Stabilization,,,58589.0,NEIG-17230,BODUO AUGUSTUS GBAIN,Done,04/Aug/26 9:13 AM
P0181,"Name only (matched existing person, DOB missing)",Person P0181,NEIG-18807,60227,Legal Assistance Care Path,External Org to Complete Goal,,James Bryant,712020:7919ac37-40c1-4b22-a858-9d188e7777ec,James Bryant,712020:7919ac37-40c1-4b22-a858-9d188e7777ec,04/Aug/26 9:00 AM,04/Aug/26 9:01 AM,,Eviction_Court,SLCM,SNAP,Winterwood,Workforce-FinancialStability,,James Bryant,,712020:7919ac37-40c1-4b22-a858-9d188e7777ec,,0,,,,,,,,,,,,,,,,,,,,,No,,,,,,,,No,No,,,,,,,,,,,,,0|i036uf:,,,,,,,,,,,,,No,,,,04/Aug/26 9:01 AM;712020:7919ac37-40c1-4b22-a858-9d188e7777ec;JB referred to Legal Aid,,,58549.0,NEIG-17190,Jamie E Nicholson,Done,04/Aug/26 9:01 AM
P0313,"Name only (matched existing person, DOB missing)",Person P0313,NEIG-18800,60220,Rent Assistance Care Path,External Org to Complete Goal,,James Bryant,712020:7919ac37-40c1-4b22-a858-9d188e7777ec,James Bryant,712020:7919ac37-40c1-4b22-a858-9d188e7777ec,04/Aug/26 8:35 AM,04/Aug/26 8:35 AM,,JCPS,SLCM,Uninsured,Workforce-FinancialStability,,,James Bryant,,712020:7919ac37-40c1-4b22-a858-9d188e7777ec,,0,,,,,,,,,,,,,,,,,,,,,No,,,,,,,,No,No,,,,,,,,,,,,,0|i036sv:,,,,,,,,,,,,,No,,,,04/Aug/26 8:35 AM;712020:7919ac37-40c1-4b22-a858-9d188e7777ec;JB referred to Housing Stabilization,,,58473.0,NEIG-17114,"Raylynn , D, Reed",Done,04/Aug/26 8:35 AM
P0258,"Name only (matched existing person, DOB missing)",Person P0258,NEIG-18799,60219,Rent Assistance Care Path,External Org to Complete Goal,,James Bryant,712020:7919ac37-40c1-4b22-a858-9d188e7777ec,James Bryant,712020:7919ac37-40c1-4b22-a858-9d188e7777ec,04/Aug/26 8:32 AM,04/Aug/26 8:33 AM,,ChronicHealthCondition,JCPS,Passport,SLCM,SNAP,Workforce-Unemployed,James Bryant,,712020:7919ac37-40c1-4b22-a858-9d188e7777ec,,0,,,,,,,,,,,,,,,,,,,,,No,,,,,,,,No,No,,,,,,,,,,,,,0|i036sn:,,,,,,,,,,,,,No,,,,04/Aug/26 8:33 AM;712020:7919ac37-40c1-4b22-a858-9d188e7777ec;JB referred to KTAP,,,58465.0,NEIG-17106,LaTazia D Hampton,Done,04/Aug/26 8:33 AM
P0073,"Name only (matched existing person, DOB missing)",Person P0073,NEIG-18777,60197,Rent Assistance Care Path,External Org to Complete Goal,,James Bryant,712020:7919ac37-40c1-4b22-a858-9d188e7777ec,James Bryant,712020:7919ac37-40c1-4b22-a858-9d188e7777ec,03/Aug/26 3:54 PM,03/Aug/26 3:54 PM,,Humana-Medicaid,SAM,Workforce-FinancialStability,,,,James Bryant,,712020:7919ac37-40c1-4b22-a858-9d188e7777ec,,0,,,,,,,,,,,,,,,,,,,,,No,,,,,,,,No,No,,,,,,,,,,,,,0|i036nr:,,,,,,,,,,,,,No,,,,03/Aug/26 3:54 PM;712020:7919ac37-40c1-4b22-a858-9d188e7777ec;JB referred to Housing Stabilization,,,58334.0,NEIG-16998,Bricole Johnson ,Done,03/Aug/26 3:54 PM
P0378,"Name only (matched existing person, DOB missing)",Person P0378,NEIG-18769,60189,Rent Assistance Care Path,External Org to Complete Goal,,James Bryant,712020:7919ac37-40c1-4b22-a858-9d188e7777ec,James Bryant,712020:7919ac37-40c1-4b22-a858-9d188e7777ec,03/Aug/26 3:30 PM,03/Aug/26 3:30 PM,,Immigrant,Medicaid,SLCM,Workforce-Unemployed,,,James Bryant,,712020:7919ac37-40c1-4b22-a858-9d188e7777ec,,0,,,,,,,,,,,,,,,,,,,,,No,,,,,,,,No,No,,,,,,,,,,,,,0|i036lz:,,,,,,,,,,,,,No,,,,03/Aug/26 3:30 PM;712020:7919ac37-40c1-4b22-a858-9d188e7777ec;JZ referred to Housing Stabilization,,,58176.0,NEIG-16919,Tomas a Nunez cordero,Done,03/Aug/26 3:30 PM
P0398,"Name only (no DOB, no other match)",Person P0398,NEIG-18768,60188,Rent Assistance Care Path,Goal Attained,Done,James Bryant,712020:7919ac37-40c1-4b22-a858-9d188e7777ec,James Bryant,712020:7919ac37-40c1-4b22-a858-9d188e7777ec,03/Aug/26 3:23 PM,03/Aug/26 3:24 PM,03/Aug/26 3:24 PM,Caretaker,JCPS,LMHA,Passport,SAM,SNAP,James Bryant,,712020:7919ac37-40c1-4b22-a858-9d188e7777ec,,0,,,,,,,,,,,,,,,,,,,,,No,,,,,,,,No,No,,,,,,,,,,,,,0|i036lr:,,,,,,,,,,,,,No,,,10013_*:*_1_*:*_19957_*|*_10027_*:*_1_*:*_0,03/Aug/26 3:24 PM;712020:7919ac37-40c1-4b22-a858-9d188e7777ec;SLCM paid deposit,,,58132.0,NEIG-16897,Jada p simon,Done,03/Aug/26 3:24 PM
P0008,"Name only (matched existing person, DOB missing)",Person P0008,NEIG-18767,60187,Eviction Prevention Care Path,External Org to Complete Goal,,James Bryant,712020:7919ac37-40c1-4b22-a858-9d188e7777ec,James Bryant,712020:7919ac37-40c1-4b22-a858-9d188e7777ec,03/Aug/26 3:14 PM,03/Aug/26 3:14 PM,,JCPS,Passport,SAM,SNAP,Workforce-FinancialStability,,James Bryant,,712020:7919ac37-40c1-4b22-a858-9d188e7777ec,,0,,,,,,,,,,,,,,,,,,,,,No,,,,,,,,No,No,,,,,,,,,,,,,0|i036lj:,,,,,,,,,,,,,No,,,,03/Aug/26 3:14 PM;712020:7919ac37-40c1-4b22-a858-9d188e7777ec;JB referred to KTAP,,,58110.0,NEIG-16886,Alexus Jaimesia Malone,Done,03/Aug/26 3:14 PM
P0170,"Name only (matched existing person, DOB missing)",Person P0170,NEIG-18766,60186,Food Care Path,External Org to Complete Goal,Done,James Bryant,712020:7919ac37-40c1-4b22-a858-9d188e7777ec,James Bryant,712020:7919ac37-40c1-4b22-a858-9d188e7777ec,03/Aug/26 3:12 PM,03/Aug/26 3:13 PM,03/Aug/26 3:13 PM,EACM,JCPS,Passport,SNAP,Workforce-FinancialStability,,James Bryant,,712020:7919ac37-40c1-4b22-a858-9d188e7777ec,,0,,,,,,,,,,,,,,,,,,,,,No,,,,,,,,No,No,,,,,,,,,,,,,0|i036lb:,,,,,,,,,,,,,No,,,10013_*:*_1_*:*_28537_*|*_10034_*:*_1_*:*_0,,,,58092.0,NEIG-16877,Jada M Arnold,Done,03/Aug/26 3:13 PM
P0170,"Name only (matched existing person, DOB missing)",Person P0170,NEIG-18765,60185,Rent Assistance Care Path,External Org to Complete Goal,,James Bryant,712020:7919ac37-40c1-4b22-a858-9d188e7777ec,James Bryant,712020:7919ac37-40c1-4b22-a858-9d188e7777ec,03/Aug/26 3:12 PM,03/Aug/26 3:13 PM,,EACM,JCPS,Passport,SNAP,Workforce-FinancialStability,,James Bryant,,712020:7919ac37-40c1-4b22-a858-9d188e7777ec,,0,,,,,,,,,,,,,,,,,,,,,No,,,,,,,,No,No,,,,,,,,,,,,,0|i036l3:,,,,,,,,,,,,,No,,,,03/Aug/26 3:13 PM;712020:7919ac37-40c1-4b22-a858-9d188e7777ec;JB referred to KTAP,,,58092.0,NEIG-16877,Jada M Arnold,Done,03/Aug/26 3:12 PM
P0026,"Name only (matched existing person, DOB missing)",Person P0026,NEIG-18764,60184,Rent Assistance Care Path,External Org to Complete Goal,,James Bryant,712020:7919ac37-40c1-4b22-a858-9d188e7777ec,James Bryant,712020:7919ac37-40c1-4b22-a858-9d188e7777ec,03/Aug/26 3:11 PM,03/Aug/26 3:11 PM,,SLCM,United,Workforce-FinancialStability,Young-adult,,,James Bryant,,712020:7919ac37-40c1-4b22-a858-9d188e7777ec,,0,,,,,,,,,,,,,,,,,,,,,No,,,,,,,,No,No,,,,,,,,,,,,,0|i036kv:,,,,,,,,,,,,,No,,,,03/Aug/26 3:11 PM;712020:7919ac37-40c1-4b22-a858-9d188e7777ec;JB referred to Housing Stabilization,,,58086.0,NEIG-16874,An’Drea Philpot ,Done,03/Aug/26 3:11 PM
P0080,"Name only (matched existing person, DOB missing)",Person P0080,NEIG-18763,60183,House Navigation Care Path,External Org to Complete Goal,Done,James Bryant,712020:7919ac37-40c1-4b22-a858-9d188e7777ec,James Bryant,712020:7919ac37-40c1-4b22-a858-9d188e7777ec,03/Aug/26 3:04 PM,03/Aug/26 3:04 PM,03/Aug/26 3:04 PM,FCHV,JCPS,SNAP,Workforce-FinancialStability,,,James Bryant,,712020:7919ac37-40c1-4b22-a858-9d188e7777ec,,0,,,,,,,,,,,,,,,,,,,,,No,,,,,,,,No,No,,,,,,,,,,,,,0|i036kn:,,,,,,,,,,,,,No,,,10013_*:*_1_*:*_30402_*|*_10034_*:*_1_*:*_0,03/Aug/26 3:04 PM;712020:7919ac37-40c1-4b22-a858-9d188e7777ec;Stacy Harris,,,57908.0,NEIG-16785,Brittany Q wilson,Done,03/Aug/26 3:04 PM
P0366,"Name only (matched existing person, DOB missing)",Person P0366,NEIG-18761,60181,Rent Assistance Care Path,External Org to Complete Goal,,James Bryant,712020:7919ac37-40c1-4b22-a858-9d188e7777ec,James Bryant,712020:7919ac37-40c1-4b22-a858-9d188e7777ec,03/Aug/26 2:56 PM,03/Aug/26 2:56 PM,,Caretaker,MUSCL,United,,,,James Bryant,,712020:7919ac37-40c1-4b22-a858-9d188e7777ec,,0,,,,,,,,,,,,,,,,,,,,,No,,,,,,,,No,No,,,,,,,,,,,,,0|i036k7:,,,,,,,,,,,,,No,,,,03/Aug/26 2:56 PM;712020:7919ac37-40c1-4b22-a858-9d188e7777ec;Housing Stabilization,,,57856.0,NEIG-16759,Taylor Lowery,Done,03/Aug/26 2:56 PM
P0250,"Name only (matched existing person, DOB missing)",Person P0250,NEIG-18760,60180,Rent Assistance Care Path,External Org to Complete Goal,,James Bryant,712020:7919ac37-40c1-4b22-a858-9d188e7777ec,James Bryant,712020:7919ac37-40c1-4b22-a858-9d188e7777ec,03/Aug/26 2:54 PM,03/Aug/26 2:55 PM,,JCPS,MUSCL,United,,,,James Bryant,,712020:7919ac37-40c1-4b22-a858-9d188e7777ec,,0,,,,,,,,,,,,,,,,,,,,,No,,,,,,,,No,No,,,,,,,,,,,,,0|i036jz:,,,,,,,,,,,,,No,,,,03/Aug/26 2:55 PM;712020:7919ac37-40c1-4b22-a858-9d188e7777ec;JB referred to Salvation Army,,,57842.0,NEIG-16752,Kristina M Coomer,Done,03/Aug/26 2:55 PM
P0252,"Name only (matched existing person, DOB missing)",Person P0252,NEIG-18759,60179,Rent Assistance Care Path,External Org to Complete Goal,,James Bryant,712020:7919ac37-40c1-4b22-a858-9d188e7777ec,James Bryant,712020:7919ac37-40c1-4b22-a858-9d188e7777ec,03/Aug/26 2:51 PM,03/Aug/26 2:51 PM,,Caretaker,Humana-Medicaid,JCPS,Passport,SLCM,SSDI,James Bryant,,712020:7919ac37-40c1-4b22-a858-9d188e7777ec,,0,,,,,,,,,,,,,,,,,,,,,No,,,,,,,,No,No,,,,,,,,,,,,,0|i036jr:,,,,,,,,,,,,,No,,,,03/Aug/26 2:51 PM;712020:7919ac37-40c1-4b22-a858-9d188e7777ec;KTAP,,,57804.0,NEIG-16733,Lachrisha R Glenn,Done,03/Aug/26 2:51 PM
P0044,"Name only (matched existing person, DOB missing)",Person P0044,NEIG-18755,60175,Legal Assistance Care Path,External Org to Complete Goal,,James Bryant,712020:7919ac37-40c1-4b22-a858-9d188e7777ec,James Bryant,712020:7919ac37-40c1-4b22-a858-9d188e7777ec,03/Aug/26 2:33 PM,03/Aug/26 2:34 PM,,Caretaker,JCPS,LMHA,SLCM,SNAP,SSDI,James Bryant,,712020:7919ac37-40c1-4b22-a858-9d188e7777ec,,0,,,,,,,,,,,,,,,,,,,,,No,,,,,,,,No,No,,,,,,,,,,,,,0|i036iv:,,,,,,,,,,,,,No,,,,03/Aug/26 2:34 PM;712020:7919ac37-40c1-4b22-a858-9d188e7777ec;JB referred to Legal Aid,,,57610.0,NEIG-16636,Ashley Moore,Done,03/Aug/26 2:33 PM
P0281,"Name only (matched existing person, DOB missing)",Person P0281,NEIG-18752,60172,Rent Assistance Care Path,External Org to Complete Goal,,James Bryant,712020:7919ac37-40c1-4b22-a858-9d188e7777ec,James Bryant,712020:7919ac37-40c1-4b22-a858-9d188e7777ec,03/Aug/26 2:22 PM,03/Aug/26 2:23 PM,,Immigrant,SLCM,SNAP,WellCare,Workforce-FinancialStability,,James Bryant,,712020:7919ac37-40c1-4b22-a858-9d188e7777ec,,0,,,,,,,,,,,,,,,,,,,,,No,,,,,,,,No,No,,,,,,,,,,,,,0|i036i7:,,,,,,,,,,,,,No,,,,03/Aug/26 2:23 PM;712020:7919ac37-40c1-4b22-a858-9d188e7777ec;JB referred to Hope and Door,,,57567.0,NEIG-16608,Meliza Robert ,Done,03/Aug/26 2:22 PM
P0145,"Name only (matched existing person, DOB missing)",Person P0145,NEIG-18750,60170,Rent Assistance Care Path,External Org to Complete Goal,,James Bryant,712020:7919ac37-40c1-4b22-a858-9d188e7777ec,James Bryant,712020:7919ac37-40c1-4b22-a858-9d188e7777ec,03/Aug/26 2:17 PM,03/Aug/26 2:17 PM,,Cancer,ChronicHealthCondition,JCPS,LMHA,Passport,SLCM,James Bryant,,712020:7919ac37-40c1-4b22-a858-9d188e7777ec,,0,,,,,,,,,,,,,,,,,,,,,No,,,,,,,,No,No,,,,,,,,,,,,,0|i036hr:,,,,,,,,,,,,,No,,,,03/Aug/26 2:17 PM;712020:7919ac37-40c1-4b22-a858-9d188e7777ec;JB referred to Shirley’s Way,,,57526.0,NEIG-16567,Erica Tillman,Done,03/Aug/26 2:17 PM
P0169,"Name only (matched existing person, DOB missing)",Person P0169,NEIG-18745,60165,Rent Assistance Care Path,Goal Attained,Done,James Bryant,712020:7919ac37-40c1-4b22-a858-9d188e7777ec,James Bryant,712020:7919ac37-40c1-4b22-a858-9d188e7777ec,03/Aug/26 2:10 PM,03/Aug/26 2:11 PM,03/Aug/26 2:10 PM,JCPS,Passport,SVC,Workforce-Unemployed,,,James Bryant,,712020:7919ac37-40c1-4b22-a858-9d188e7777ec,,0,,,,,,,,,,,,,,,,,,,,,No,,,,,,,,No,No,,,,,,,,,,,,,0|i036gn:,,,,,,,,,,,,,No,,,10013_*:*_1_*:*_9680_*|*_10027_*:*_1_*:*_0,03/Aug/26 2:11 PM;712020:7919ac37-40c1-4b22-a858-9d188e7777ec;SLCM paid $500 towards neighbor’s rent,,,57468.0,NEIG-16509,Jada Harris,Done,03/Aug/26 2:10 PM
P0232,Name + DOB,Person P0232,NEIG-18738,60158,New Profile,Referral Only,,Johanna South,712020:3b2c2185-c76f-4d90-ad8c-9e260c73c318,Johanna South,712020:3b2c2185-c76f-4d90-ad8c-9e260c73c318,03/Aug/26 1:59 PM,06/Aug/26 11:52 AM,,JCPS,LMHA,Passport,SLCM,SNAP,,James Bryant,Johanna South,712020:7919ac37-40c1-4b22-a858-9d188e7777ec,712020:3b2c2185-c76f-4d90-ad8c-9e260c73c318,1,Louisville,SLCM,,East end Health Club or Freedom Senior Service,37.0,"Employed, but need more hours and/or different work",,Not being evicted,Woman,Food Care Path,Pregnancy/Postpartum Care Path,,,Person with a physical or mental disability,Pregnant or recently postpartum,No,Rent - nothing past due,1600.0,Passport by Molina,03/Aug/26 12:00 AM,No,Denada Dryden,Issues with child care,Reduction in or loss of benefits,,,,,Yes,Yes,,No,,4,2,No,Text,,Medicaid,English,she/her,White,0|i036f3:,,,,,,,,Yes,Food benefits - TANF/SNAP,Part-time employment,Kentucky,,No,40215,2026-08-06 15:52:47.601,,06/Aug/26 11:52 AM;712020:7919ac37-40c1-4b22-a858-9d188e7777ec;Client reports no longer needing assistance after having SLCM food pantry appointment,,,,,,Done,06/Aug/26 11:52 AM
P0181,Name + DOB,Person P0181,NEIG-18690,60110,New Profile,Initial Contact,,Johanna South,712020:3b2c2185-c76f-4d90-ad8c-9e260c73c318,Johanna South,712020:3b2c2185-c76f-4d90-ad8c-9e260c73c318,03/Aug/26 9:52 AM,06/Aug/26 9:31 AM,,JCPS,Passport,SLCM,SNAP,,,Johanna South,,712020:3b2c2185-c76f-4d90-ad8c-9e260c73c318,,3,Louisville,SLCM,,,29.0,Unemployed but want to find work,,Not being evicted,Woman,Childcare Care Path,Financial Stability Care Path,,,,,No,Rent- past due,3000.0,Passport by Molina,03/Aug/26 12:00 AM,Yes,Overlook Terraces ,Loss of job,Medical emergency or other health needs,Unexpected expense,,,,Yes,Yes,,No,,2,2,No,Call,Text,Medicaid,English,she/her,White,0|i0364f:,,,,,,A phone call to further explain where you would like assistance,,No,Food benefits - TANF/SNAP,,Ky,LG&E,No,40214,,,,,,,,,In Progress,06/Aug/26 9:31 AM
P0218,Name + DOB,Person P0218,NEIG-18667,60087,New Profile,Referral Only,,Johanna South,712020:3b2c2185-c76f-4d90-ad8c-9e260c73c318,Johanna South,712020:3b2c2185-c76f-4d90-ad8c-9e260c73c318,02/Aug/26 11:09 AM,10/Aug/26 9:14 AM,,Humana-Medicaid,JCPS,LMHA,MUSCL,Workforce-Unemployed,,James Bryant,Johanna South,712020:7919ac37-40c1-4b22-a858-9d188e7777ec,712020:3b2c2185-c76f-4d90-ad8c-9e260c73c318,2,Louisville ,MUSCL,,,28.0,Unemployed but want to find work,,Not being evicted,Woman,,,,,,,No,Rent - nothing past due,0.0,Humana,02/Aug/26 12:00 AM,Yes,Kelly ,Death in the family,Issues with child care,Job loss,Loss of accessible transportation,,,Yes,Yes,,No,,2,1,No,Call,Text,Medicaid,English ,Prefer not to answer,White,0|i035zb:,,,,,,An email with available resources and next steps,,Yes,No income,,Ky,LG&E,No,40219,2026-08-10 13:14:02.174,,"10/Aug/26 9:14 AM;712020:7919ac37-40c1-4b22-a858-9d188e7777ec;Seeking LG&E reconnection, ended up paying the bill herself",,,,,,Done,10/Aug/26 9:14 AM
P0237,Name + DOB,Person P0237,NEIG-18625,60045,New Profile,Initial Contact,,Johanna South,712020:3b2c2185-c76f-4d90-ad8c-9e260c73c318,Johanna South,712020:3b2c2185-c76f-4d90-ad8c-9e260c73c318,31/Jul/26 4:10 AM,06/Aug/26 9:31 AM,,CLCM,Humana-Medicaid,SNAP,Workforce-Unemployed,,,Johanna South,,712020:3b2c2185-c76f-4d90-ad8c-9e260c73c318,,3,Louisville,CLCM,,,26.0,Unemployed but want to find work,,Not being evicted,Man,Financial Stability Care Path,Food Care Path,Pregnancy/Postpartum Care Path,Social Support,Pregnant or recently postpartum,,Yes,Rent - nothing past due,600.0,Humana,31/Jul/26 12:00 AM,No,FS Houses,Childbirth,Incarceration,Job loss,,,,Yes,Yes,No,No,,2,4,No,,,Medicaid,English,he/him,,0|i035pz:,,,,,,An email with available resources and next steps,,No,Food benefits - TANF/SNAP,,Kentucky,I don't know,No,40208,,,,,,,,,In Progress,06/Aug/26 9:31 AM
P0390,Name + DOB,Person P0390,NEIG-18613,60033,New Profile,Initial Contact,,Johanna South,712020:3b2c2185-c76f-4d90-ad8c-9e260c73c318,Johanna South,712020:3b2c2185-c76f-4d90-ad8c-9e260c73c318,30/Jul/26 5:30 PM,06/Aug/26 9:31 AM,,Immigrant,JCPS,Passport,SLCM,SNAP,Workforce-Underemployed,Johanna South,,712020:3b2c2185-c76f-4d90-ad8c-9e260c73c318,,1,louisville,SLCM,,Fdx,33.0,Employed,,Not being evicted,Woman,,,,,Refugee or Immigrant,,No,Rent - nothing past due,1908.0,Passport by Molina,30/Jul/26 12:00 AM,Yes, None,,,,,,,Yes,Yes,No,No,,5,1,No,Call,,Medicaid,Swahili ,she/her,Black of African American,0|i035nb:,,,,,,,,No,Food benefits - TANF/SNAP,Full-time employment,KY,LG&E,No,40215,,,,,,,,,In Progress,06/Aug/26 9:31 AM
P0262,Name + DOB,Person P0262,NEIG-18572,59992,New Profile,Referral Only,,Johanna South,712020:3b2c2185-c76f-4d90-ad8c-9e260c73c318,Johanna South,712020:3b2c2185-c76f-4d90-ad8c-9e260c73c318,30/Jul/26 11:12 AM,05/Aug/26 1:35 PM,,Launch,SLCM,Workforce-FinancialStability,Young-adult,,,James Bryant,Johanna South,712020:7919ac37-40c1-4b22-a858-9d188e7777ec,712020:3b2c2185-c76f-4d90-ad8c-9e260c73c318,1,Louisville ,SLCM,,Allied universal ,22.0,Employed,Non-payment,Unknown,Woman,Financial Stability Care Path,Food Care Path,Pregnancy/Postpartum Care Path,,Pregnant or recently postpartum,,No,Rent- past due,2000.0,WellCare,30/Jul/26 12:00 AM,No,Beechmont townhomes ,Household member left,Unexpected expense,,,Unexpected expense,1010.0,Yes,Yes,,Yes,700.0,1,0,No,Call,Text,Medicaid,English,she/her,White,0|i035e7:,Avoid an eviction,Come up with a plan to pay back rent,Find public/subsidized housing,Get rental assistance,,An email with available resources and next steps,A phone call to further explain where you would like assistance,No,Full-time employment,,Ky,,No,40214,2026-07-30 19:16:26.839,,30/Jul/26 3:16 PM;712020:7919ac37-40c1-4b22-a858-9d188e7777ec;Seeking $500 in rent assist,,,,,,Done,05/Aug/26 9:52 AM
P0208,Name + DOB,Person P0208,NEIG-18553,59973,New Profile,Referral Only,,Johanna South,712020:3b2c2185-c76f-4d90-ad8c-9e260c73c318,Johanna South,712020:3b2c2185-c76f-4d90-ad8c-9e260c73c318,30/Jul/26 9:54 AM,05/Aug/26 12:23 PM,,Cancer,HCM,Immigrant,JCPS,Workforce-FinancialStability,,James Bryant,Johanna South,712020:7919ac37-40c1-4b22-a858-9d188e7777ec,712020:3b2c2185-c76f-4d90-ad8c-9e260c73c318,1,Louisville ,HCM,,University of Louisville ,37.0,Employed,Non-payment,Currently being evicted,Woman,Financial Stability Care Path,Food Care Path,,,Person with cancer,Person with chronic health condition,No,Rent- past due,2200.0,Passport by Molina,30/Jul/26 12:00 AM,No,The Harrison ,Household member left,Reduction in hours at work,Unexpected expense,,Unexpected expense,1500.0,Yes,Yes,,No,1500.0,2,2,Yes,Call,Text,Employee-coverage,Haitian Creole,she/her,Black of African American,0|i0359z:,Avoid an eviction,Come up with a plan to pay back rent,Get rental assistance,Stay out of court,,An email with available resources and next steps,A phone call to further explain where you would like assistance,No,Full-time employment,,KY,,No,40218,2026-07-30 15:25:26.722,,30/Jul/26 11:25 AM;712020:7919ac37-40c1-4b22-a858-9d188e7777ec;Seeking $3000 in rent assistance,,,,,,Done,05/Aug/26 12:23 PM
P0252,Name + DOB,Person P0252,NEIG-18538,59958,New Profile,Duplicate,,Johanna South,712020:3b2c2185-c76f-4d90-ad8c-9e260c73c318,Johanna South,712020:3b2c2185-c76f-4d90-ad8c-9e260c73c318,29/Jul/26 7:42 PM,03/Aug/26 2:50 PM,,JCPS,SLCM,SSDI,Workforce-Unemployed,,,Johanna South,,712020:3b2c2185-c76f-4d90-ad8c-9e260c73c318,,8,LOUISVILLE,SLCM,,,38.0,Unemployed but want to find work,,Not being evicted,Woman,Financial Stability Care Path,,,,Person with a physical or mental disability,,Yes,Rent - nothing past due,994.0,Humana,29/Jul/26 12:00 AM,No,Ms kelly,Death in the family,Job loss,,,,,Yes,Yes,No other help,No,,4,5,No,Text,,Medicaid,English ,she/her,Other,0|i0356n:,,,,,,An email with available resources and next steps,A phone call to further explain where you would like assistance,No,Social Security - SSI/SSDI,,KY,,No,40214,,,,,,,,,Done,03/Aug/26 2:50 PM
P0302,"Name only (matched existing person, DOB missing)",Person P0302,NEIG-18506,59926,Digital Access,Goal Attained,Done,James Bryant,712020:7919ac37-40c1-4b22-a858-9d188e7777ec,James Bryant,712020:7919ac37-40c1-4b22-a858-9d188e7777ec,29/Jul/26 11:15 AM,29/Jul/26 3:38 PM,29/Jul/26 3:38 PM,JCPS,LMHA,Passport,SNAP,WLCM,,James Bryant,,712020:7919ac37-40c1-4b22-a858-9d188e7777ec,,0,,,,,,,,,,,,,,,,,,,,,No,,,,,,,,No,No,,,,,,,,,,,,,0|i034zj:,,,,,,,,,,,,,No,,,10021_*:*_1_*:*_0_*|*_10013_*:*_1_*:*_5160,,,,55458.0,NEIG-14793,Pascaline Kecuru ,Done,29/Jul/26 3:38 PM
P0277,Name + DOB,Person P0277,NEIG-18488,59908,New Profile,Referral Only,,Johanna South,712020:3b2c2185-c76f-4d90-ad8c-9e260c73c318,Johanna South,712020:3b2c2185-c76f-4d90-ad8c-9e260c73c318,28/Jul/26 5:22 PM,05/Aug/26 11:34 AM,,SLCM,SSDI,Workforce-Unemployed,,,,Johanna South,,712020:3b2c2185-c76f-4d90-ad8c-9e260c73c318,,1,Louisville ,SLCM,,,30.0,Unemployed but want to find work,,Not being evicted,Woman,Food Care Path,Transportation Care Path,,,,,No,Rent - nothing past due,662.0,United Healthcare,28/Jul/26 12:00 AM,Yes,Mark hunter,Loss of accessible transportation,,,,,,Yes,Yes,,No,,1,3,Yes,,,Medicaid,English ,she/her,,0|i034vj:,,,,,,An email with available resources and next steps,,No,Social Security - SSI/SSDI,,Ky,LG&E,Yes,40208,,,,,,,,,Done,05/Aug/26 11:34 AM
P0218,Name + DOB,Person P0218,NEIG-18451,59871,New Profile,Duplicate,,Johanna South,712020:3b2c2185-c76f-4d90-ad8c-9e260c73c318,Johanna South,712020:3b2c2185-c76f-4d90-ad8c-9e260c73c318,28/Jul/26 11:43 AM,06/Aug/26 9:57 AM,,Humana-Medicaid,JCPS,LMHA,MUSCL,Workforce-Unemployed,,Johanna South,,712020:3b2c2185-c76f-4d90-ad8c-9e260c73c318,,2,louisville,MUSCL,,,28.0,Unemployed but want to find work,,Not being evicted,Woman,Financial Stability Care Path,Transportation Care Path,,,,,No,Rent - nothing past due,0.0,Humana,28/Jul/26 12:00 AM,Yes,kelly,Death in the family,Job loss,Unexpected expense,,,,Yes,Yes,,No,,2,1,No,,,Medicaid,english,,White,0|i034nb:,,,,,,An email with available resources and next steps,A phone call to further explain where you would like assistance,Yes,No income,,ky,LG&E,No,40219,,,,,,,,,Done,06/Aug/26 9:57 AM
P0186,Name + DOB,Person P0186,NEIG-18440,59860,New Profile,Initial Contact,,Johanna South,712020:3b2c2185-c76f-4d90-ad8c-9e260c73c318,Johanna South,712020:3b2c2185-c76f-4d90-ad8c-9e260c73c318,28/Jul/26 11:14 AM,28/Jul/26 2:42 PM,,JCPS,Passport,SNAP,SVC,,,Johanna South,,712020:3b2c2185-c76f-4d90-ad8c-9e260c73c318,,3,Louisville,SVC,12/Aug/26 12:00 AM,,32.0,Unemployed but want to find work,Non-payment,Currently being evicted,Woman,Financial Stability Care Path,Legal Assistance Care Path,Transportation Care Path,,,,Yes,Rent- past due,1420.0,Passport by Molina,28/Jul/26 12:00 AM,No,Bruce Jackel,Eviction,Job loss,Loss of accessible transportation,Loss of job,Lost a job/had hours cut,1895.0,Yes,Yes,,No,5000.0,0,0,No,Call,Text,Medicaid,English ,she/her,Black of African American,0|i034kv:,Avoid an eviction,Find new housing,Get more time to move out,Get rental assistance,,An email with available resources and next steps,A phone call to further explain where you would like assistance,No,Food benefits - TANF/SNAP,,KY,,No,40212,,,,,,,,,In Progress,28/Jul/26 2:42 PM
P0033,Name + DOB,Person P0033,NEIG-18434,59854,New Profile,Second Contact,,Johanna South,712020:3b2c2185-c76f-4d90-ad8c-9e260c73c318,Johanna South,712020:3b2c2185-c76f-4d90-ad8c-9e260c73c318,28/Jul/26 11:07 AM,06/Aug/26 10:16 AM,,Eviction_Court,JCPS,SWCM,WellCare,Workforce-Unemployed,,James Bryant,Johanna South,712020:7919ac37-40c1-4b22-a858-9d188e7777ec,712020:3b2c2185-c76f-4d90-ad8c-9e260c73c318,4,Louisville,SWCM,27/Aug/26 12:00 AM,,29.0,Unemployed but want to find work,Non-payment,Currently being evicted,Woman,Financial Stability Care Path,Food Care Path,Transportation Care Path,,Person with a physical or mental disability,,No,Rent- past due,400.0,WellCare,28/Jul/26 12:00 AM,No,,Job loss,Loss of accessible transportation,Loss of job,,Lost a job/had hours cut,950.0,Yes,Yes,,No,3990.0,3,2,No,Text,,Medicaid,English ,she/her,White,0|i034jj:,Avoid an eviction,Come up with a plan to pay back rent,Get rental assistance,,,An email with available resources and next steps,Other,No,No income,Other,KY,,No,40272,2026-08-06 14:16:03.095,,06/Aug/26 10:16 AM;712020:7919ac37-40c1-4b22-a858-9d188e7777ec;Seeking $4940 in rent assistance,,,,,,In Progress,28/Jul/26 2:42 PM
P0079,Name + DOB,Person P0079,NEIG-18412,59832,New Profile,Duplicate,,Johanna South,712020:3b2c2185-c76f-4d90-ad8c-9e260c73c318,Johanna South,712020:3b2c2185-c76f-4d90-ad8c-9e260c73c318,28/Jul/26 3:44 AM,28/Jul/26 2:31 PM,,Eviction_Court,SLCM,SNAP,SSDI,,,Johanna South,,712020:3b2c2185-c76f-4d90-ad8c-9e260c73c318,,3,Louisville,SLCM,03/Sep/26 12:00 AM,,36.0,Unemployed but want to find work,Non-payment,Currently being evicted,Woman,Behavioral Health Care Path,Childcare Care Path,Financial Stability Care Path,Pregnancy/Postpartum Care Path,Person with a physical or mental disability,Pregnant or recently postpartum,No,Rent- past due,993.0,Passport by Molina,28/Jul/26 12:00 AM,No,Roy 5026458203,Death in the family,Eviction,Household member left,Issues with child care,Unexpected expense,1500.0,Yes,Yes,N/a,Yes,3500.0,3,1,No,Call,Text,Medicaid,English ,she/her,Black of African American,0|i034en:,Avoid an eviction,Get rental assistance,Not pay back rent,Stay out of court,,An email with available resources and next steps,,No,Food benefits - TANF/SNAP,Social Security - SSI/SSDI,KY,,No,40215,,,,,,,,,Done,28/Jul/26 2:31 PM
P0127,Name + DOB,Person P0127,NEIG-18396,59816,New Profile,Initial Contact,,Johanna South,712020:3b2c2185-c76f-4d90-ad8c-9e260c73c318,Johanna South,712020:3b2c2185-c76f-4d90-ad8c-9e260c73c318,27/Jul/26 6:15 PM,05/Aug/26 1:36 PM,,Aetna,SLCM,Workforce-Unemployed,Young-adult,,,Johanna South,,712020:3b2c2185-c76f-4d90-ad8c-9e260c73c318,,1,Louisville,SLCM,,,18.0,Unemployed but want to find work,,Not being evicted,Woman,Pregnancy/Postpartum Care Path,,,,Pregnant or recently postpartum,,No,Staying with friends/family,0.0,Aetna,27/Jul/26 12:00 AM,No,N/a,,,,,,,Yes,Yes,N/a,No,,2,4,Yes,Call,Text,Medicaid,English,she/her,Black of African American,0|i034b3:,,,,,,A phone call to further explain where you would like assistance,,No,No income,,KY,,No,40215,,,,,,,,,In Progress,28/Jul/26 2:42 PM
P0354,Name + DOB,Person P0354,NEIG-18389,59809,New Profile,Initial Contact,,Johanna South,712020:3b2c2185-c76f-4d90-ad8c-9e260c73c318,Johanna South,712020:3b2c2185-c76f-4d90-ad8c-9e260c73c318,27/Jul/26 5:29 PM,28/Jul/26 2:42 PM,,EACM,Immigrant,Passport,Workforce-FinancialStability,,,Johanna South,,712020:3b2c2185-c76f-4d90-ad8c-9e260c73c318,,6,louisville,EACM,,,24.0,Unemployed but want to find work,,Not being evicted,Woman,Food Care Path,,,,Refugee or Immigrant,,No,Own home - nothing past due,50000.0,Passport by Molina,27/Jul/26 12:00 AM,No,,Loss of job,,,,,,Yes,Yes,no,No,,2,4,Yes,Text,,Medicaid,english,she/her,Asian,0|i0349j:,,,,,,An email with available resources and next steps,,No,Full-time employment,,ky,,No,40245,,,,,,,,,In Progress,28/Jul/26 2:42 PM
P0202,Name + DOB,Person P0202,NEIG-18356,59776,New Profile,Initial Contact,,Johanna South,712020:3b2c2185-c76f-4d90-ad8c-9e260c73c318,Johanna South,712020:3b2c2185-c76f-4d90-ad8c-9e260c73c318,27/Jul/26 1:45 PM,28/Jul/26 2:42 PM,,JCPS,SLCM,Workforce-FinancialStability,Workforce-Unemployed,,,Johanna South,,712020:3b2c2185-c76f-4d90-ad8c-9e260c73c318,,4,Louisville,SLCM,,Humana,36.0,Employed,,Not being evicted,Woman,Food Care Path,,,,Was/is in the foster care system,,Yes,Own home - nothing past due,2400.0,Other,27/Jul/26 12:00 AM,Yes,Ky housing-mortgage,Job loss,Loss of accessible transportation,,,,,Yes,Yes,,No,,3,2,No,Text,,Employee-coverage,English,she/her,White,0|i03427:,,,,,,An email with available resources and next steps,,No,Full-time employment,,KY,LG&E,No,40215,,,,,,,,,In Progress,28/Jul/26 2:42 PM
P0035,Name + DOB,Person P0035,NEIG-18345,59765,New Profile,Referral Only,,Johanna South,712020:3b2c2185-c76f-4d90-ad8c-9e260c73c318,Johanna South,712020:3b2c2185-c76f-4d90-ad8c-9e260c73c318,27/Jul/26 12:27 PM,05/Aug/26 11:17 AM,,JCPS,SWCM,Workforce-Unemployed,,,,James Bryant,Johanna South,712020:7919ac37-40c1-4b22-a858-9d188e7777ec,712020:3b2c2185-c76f-4d90-ad8c-9e260c73c318,4,Louisville ,SWCM,,Don’t have one !,33.0,Unemployed but want to find work,Non-payment,Currently being evicted,Woman,,,,,Person with a physical or mental disability,Person with chronic health condition,No,Rent - nothing past due,994.0,Passport by Molina,27/Jul/26 12:00 AM,No,Araijzon Gales,Childbirth,Death in the family,Issues with child care,Loss of job,Have to pay other debt,53.0,Yes,Yes,,No,570.0,1,1,No,Call,Text,Medicaid,English ,she/her,Black of African American,0|i033zr:,Avoid an eviction,Get rental assistance,Not pay back rent,Stay out of court,,An email with available resources and next steps,A phone call to further explain where you would like assistance,Yes,Social Security - SSI/SSDI,Spousal support (Alimony),Ky,,No,40258,2026-07-29 13:33:41.019,,29/Jul/26 9:33 AM;712020:7919ac37-40c1-4b22-a858-9d188e7777ec;Seeking $412 in rent assistance,,,,,,Done,05/Aug/26 11:17 AM
P0005,Name + DOB,Person P0005,NEIG-18325,59745,New Profile,Follow Up,,Johanna South,712020:3b2c2185-c76f-4d90-ad8c-9e260c73c318,Johanna South,712020:3b2c2185-c76f-4d90-ad8c-9e260c73c318,27/Jul/26 10:17 AM,05/Aug/26 11:12 AM,,Passport,SLCM,Under500toStabilizae,Workforce-Unemployed,,,James Bryant,Johanna South,712020:7919ac37-40c1-4b22-a858-9d188e7777ec,712020:3b2c2185-c76f-4d90-ad8c-9e260c73c318,2,Louisville,SLCM,,Lost job recently ,24.0,Unemployed but want to find work,,Not being evicted,Woman,,,,,,,No,Rent - nothing past due,0.0,Passport by Molina,27/Jul/26 12:00 AM,Yes,Mr. Hank,Job loss,,,,,,Yes,Yes,,No,,1,2,No,Call,Text,,English ,she/her,Black of African American,0|i033vb:,,,,,,An email with available resources and next steps,A phone call to further explain where you would like assistance,No,No income,,KY,LG&E,Yes,40215,2026-07-29 14:17:45.539,,"29/Jul/26 10:17 AM;712020:7919ac37-40c1-4b22-a858-9d188e7777ec;Seeking water reconnection, food, and gallons of water",,,,,,In Progress,28/Jul/26 2:42 PM
P0334,Name + DOB,Person P0334,NEIG-18306,59726,New Profile,Initial Contact,,Johanna South,712020:3b2c2185-c76f-4d90-ad8c-9e260c73c318,Johanna South,712020:3b2c2185-c76f-4d90-ad8c-9e260c73c318,26/Jul/26 9:05 PM,28/Jul/26 2:42 PM,,JCPS,LMHA,MUSCL,SNAP,Workforce-Unemployed,,Johanna South,,712020:3b2c2185-c76f-4d90-ad8c-9e260c73c318,,2,Louisville,MUSCL,,,44.0,Unemployed but want to find work,,Not being evicted,Woman,,,,,Person with a physical or mental disability,,No,Rent - nothing past due,0.0,Humana,27/Jul/26 12:00 AM,Yes,,Job loss,Medical emergency or other health needs,,,,,Yes,Yes,,No,,2,1,No,Call,Text,Medicaid,English ,she/her,Black of African American,0|i033r3:,,,,,,An email with available resources and next steps,A phone call to further explain where you would like assistance,Yes,Food benefits - TANF/SNAP,No income,KY,LG&E,No,40219,,,,,,,,,In Progress,28/Jul/26 2:42 PM
P0063,Name + DOB,Person P0063,NEIG-18299,59688,New Profile,Initial Contact,,Johanna South,712020:3b2c2185-c76f-4d90-ad8c-9e260c73c318,Johanna South,712020:3b2c2185-c76f-4d90-ad8c-9e260c73c318,25/Jul/26 10:26 PM,28/Jul/26 2:42 PM,,Caretaker,ChronicHealthCondition,JCPS,LMHA,Passport,SLCM,Johanna South,,712020:3b2c2185-c76f-4d90-ad8c-9e260c73c318,,4,Louisville ,SLCM,,,42.0,Unemployed and not looking for work,,Not being evicted,Woman,,,,,Person with a physical or mental disability,Person with chronic health condition,No,Rent - nothing past due,994.0,Passport by Molina,26/Jul/26 12:00 AM,Yes,,Medical emergency or other health needs,Unexpected expense,,,,,Yes,Yes,,No,,4,1,No,Text,,Medicaid,English ,she/her,White,0|i033pj:,,,,,,An email with available resources and next steps,,Yes,Social Security - SSI/SSDI,,KENTUCKY,LG&E,No,40215,,,,,,,,,In Progress,28/Jul/26 2:42 PM
P0294,Name + DOB,Person P0294,NEIG-18273,59662,New Profile,Initial Contact,,Johanna South,712020:3b2c2185-c76f-4d90-ad8c-9e260c73c318,Johanna South,712020:3b2c2185-c76f-4d90-ad8c-9e260c73c318,24/Jul/26 4:27 PM,28/Jul/26 2:42 PM,,Humana-Medicaid,JCPS,LMHA,SLCM,Workforce-Underemployed,,Johanna South,,712020:3b2c2185-c76f-4d90-ad8c-9e260c73c318,,3,Louisville,SLCM,,CSC,41.0,"Employed, but need more hours and/or different work",,Not being evicted,Woman,Children's Education,Financial Stability Care Path,Healthcare Care Path,Pregnancy/Postpartum Care Path,Person with a physical or mental disability,Pregnant or recently postpartum,No,Other,426.0,Humana,24/Jul/26 12:00 AM,Yes,Greg Dunn,Medical emergency or other health needs,Reduction in hours at work,Unexpected expense,,,,Yes,Yes,,No,,3,1,No,Call,Text,Medicaid,English,she/her,White,0|i033jr:,,,,,,An email with available resources and next steps,A phone call to further explain where you would like assistance,Yes,Food benefits - TANF/SNAP,,KY,LG&E,Yes,40214,,,,,,,,,In Progress,28/Jul/26 2:42 PM
P0261,Name + DOB,Person P0261,NEIG-18267,59656,New Profile,Initial Contact,,Johanna South,712020:3b2c2185-c76f-4d90-ad8c-9e260c73c318,Johanna South,712020:3b2c2185-c76f-4d90-ad8c-9e260c73c318,24/Jul/26 3:39 PM,28/Jul/26 2:42 PM,,Immigrant,JCPS,LMHA,Passport,SAM,SSDI,Johanna South,,712020:3b2c2185-c76f-4d90-ad8c-9e260c73c318,,4,Louisville,SAM,,,35.0,Unemployed but want to find work,,Not being evicted,Woman,Behavioral Health Care Path,Financial Stability Care Path,Social Support,,Person with a physical or mental disability,Refugee or Immigrant,No,Rent - nothing past due,1400.0,Passport by Molina,24/Jul/26 12:00 AM,Yes,,Medical emergency or other health needs,Other,,,,,Yes,Yes,,Yes,,4,1,No,Call,Text,Medicaid,English,she/her,Black of African American,0|i033if:,,,,,,Other,,Yes,Social Security - SSI/SSDI,,KY,LG&E,No,40216,,,,,,,,,In Progress,28/Jul/26 2:42 PM
P0293,Name + DOB,Person P0293,NEIG-18239,59628,New Profile,Referral Only,,Johanna South,712020:3b2c2185-c76f-4d90-ad8c-9e260c73c318,Johanna South,712020:3b2c2185-c76f-4d90-ad8c-9e260c73c318,24/Jul/26 11:15 AM,05/Aug/26 10:58 AM,,Anthem,SLCM,WellCare,Workforce-Unemployed,Young-adult,,James Bryant,Johanna South,712020:7919ac37-40c1-4b22-a858-9d188e7777ec,712020:3b2c2185-c76f-4d90-ad8c-9e260c73c318,1,Louisville ,SLCM,,,19.0,Unemployed but want to find work,,Not being evicted,Woman,Financial Stability Care Path,Food Care Path,Transportation Care Path,,,,No,Rent- past due,3000.0,Anthem,24/Jul/26 12:00 AM,Yes,Patriot derby,Eviction,Incarceration,Job loss,,,,Yes,Yes,,No,,0,3,No,Call,Text,,English ,she/her,Black of African American,0|i033c7:,,,,,,An email with available resources and next steps,A phone call to further explain where you would like assistance,No,No income,,Kentucky ,LG&E,No,40215,2026-07-24 20:44:02.189,,"24/Jul/26 4:44 PM;712020:7919ac37-40c1-4b22-a858-9d188e7777ec;Seeking $300 towards rent, JB referred to Salvation Army. Inquired about LG&E assistance, JB referred to LiHEAP",,,,,,Done,05/Aug/26 10:58 AM
P0076,Name + DOB,Person P0076,NEIG-18220,59609,New Profile,Second Contact,,Johanna South,712020:3b2c2185-c76f-4d90-ad8c-9e260c73c318,Johanna South,712020:3b2c2185-c76f-4d90-ad8c-9e260c73c318,24/Jul/26 9:51 AM,05/Aug/26 2:45 PM,,Passport,SLCM,SNAP,SSDI,Workforce-Unemployed,,Johanna South,,712020:3b2c2185-c76f-4d90-ad8c-9e260c73c318,,1,Louisville,SLCM,23/Aug/26 12:00 AM,,36.0,Unemployed but want to find work,Non-payment,Unknown,Woman,Behavioral Health Care Path,Childcare Care Path,Financial Stability Care Path,Healthcare Care Path,Person with a physical or mental disability,Pregnant or recently postpartum,No,Rent- past due,995.0,Passport by Molina,24/Jul/26 12:00 AM,Yes,Roy 502-645-8302,Death in the family,Eviction,Household member left,Issues with child care,Unexpected expense,1500.0,Yes,Yes,Group recovery together/ ,Yes,3500.0,5,1,No,Call,Text,Medicaid,English ,she/her,Black of African American,0|i0337z:,Avoid an eviction,Come up with a plan to pay back rent,Get rental assistance,Stay out of court,,An email with available resources and next steps,A phone call to further explain where you would like assistance,No,Food benefits - TANF/SNAP,Social Security - SSI/SSDI,KY,LG&E,No,40215,,,,,,,,,In Progress,28/Jul/26 2:42 PM
P0376,Name + DOB,Person P0376,NEIG-18215,59604,New Profile,Referral Only,,Johanna South,712020:3b2c2185-c76f-4d90-ad8c-9e260c73c318,Johanna South,712020:3b2c2185-c76f-4d90-ad8c-9e260c73c318,24/Jul/26 9:49 AM,05/Aug/26 10:32 AM,,JCPS,Passport,SVC,Workforce-FinancialStability,,,James Bryant,Johanna South,712020:7919ac37-40c1-4b22-a858-9d188e7777ec,712020:3b2c2185-c76f-4d90-ad8c-9e260c73c318,4,Louisville,SVC,,CareTria,36.0,Employed,Non-payment,Currently being evicted,Woman,Financial Stability Care Path,Legal Assistance Care Path,,,,,Yes,Rent- past due,3300.0,Passport by Molina,24/Jul/26 12:00 AM,Yes,Main Street renewal,Unexpected expense,,,,Unexpected expense,990.0,Yes,Yes,,No,1190.0,4,1,No,Call,Text,Medicaid,English,she/her,White,0|i0336v:,Avoid an eviction,Come up with a plan to pay back rent,Find new housing,Find public/subsidized housing,,An email with available resources and next steps,A phone call to further explain where you would like assistance,No,Full-time employment,,KY,LG&E,Yes,40212,2026-07-29 14:01:08.834,,29/Jul/26 10:01 AM;712020:7919ac37-40c1-4b22-a858-9d188e7777ec;Seeking 1090 in rent assist,,,,,,Done,05/Aug/26 10:32 AM
P0279,Name + DOB,Person P0279,NEIG-18211,59600,New Profile,Initial Contact,,Johanna South,712020:3b2c2185-c76f-4d90-ad8c-9e260c73c318,Johanna South,712020:3b2c2185-c76f-4d90-ad8c-9e260c73c318,24/Jul/26 3:04 AM,28/Jul/26 2:42 PM,,Anthem,MUSCL,Workforce-FinancialStability,,,,Johanna South,,712020:3b2c2185-c76f-4d90-ad8c-9e260c73c318,,1,Louisville,MUSCL,,Agave & Rye Louisville ,32.0,Employed,,Not being evicted,Woman,,,,,,,No,Staying with friends/family,1400.0,Anthem,24/Jul/26 12:00 AM,No,Idk,Other,,,,,,Yes,Yes,,No,,1,1,No,,,Medicaid,English,she/her,White,0|i0335z:,,,,,,An email with available resources and next steps,,No,Full-time employment,,KY,,No,40217,,,,,,,,,In Progress,28/Jul/26 2:42 PM
P0025,Name + DOB,Person P0025,NEIG-18187,59576,New Profile,Duplicate,,Johanna South,712020:3b2c2185-c76f-4d90-ad8c-9e260c73c318,Johanna South,712020:3b2c2185-c76f-4d90-ad8c-9e260c73c318,23/Jul/26 11:11 AM,29/Jul/26 10:08 AM,,Aetna,CLCM,Workforce-Underemployed,,,,Johanna South,,712020:3b2c2185-c76f-4d90-ad8c-9e260c73c318,,2,Louisville,CLCM,,Amazon,25.0,Employed,,Not being evicted,Man,Financial Stability Care Path,,,,Person with chronic health condition,,No,Rent- past due,30000.0,Aetna,23/Jul/26 12:00 AM,Yes,Matt,Childbirth,Medical emergency or other health needs,Reduction in hours at work,,,,Yes,Yes,N/a,Yes,,1,2,No,Call,Text,Medicaid,English,Prefer not to answer,Black of African American,0|i0330n:,,,,,,A phone call to further explain where you would like assistance,,No,Part-time employment,,Ky,LG&E,No,40208,,,,,,,,,Done,29/Jul/26 10:08 AM
P0072,Name + DOB,Person P0072,NEIG-18156,59515,New Profile,Duplicate,,Johanna South,712020:3b2c2185-c76f-4d90-ad8c-9e260c73c318,Johanna South,712020:3b2c2185-c76f-4d90-ad8c-9e260c73c318,22/Jul/26 12:38 PM,28/Jul/26 1:47 PM,,SLCM,Workforce-FinancialStability,,,,,Johanna South,,712020:3b2c2185-c76f-4d90-ad8c-9e260c73c318,,3,Louisville,SLCM,,,29.0,Unemployed but want to find work,,Not being evicted,Woman,Food Care Path,Pregnancy/Postpartum Care Path,,,Pregnant or recently postpartum,,No,Rent - nothing past due,2000.0,Other,22/Jul/26 12:00 AM,No,Jhon hagen,Childbirth,Household member left,Medical emergency or other health needs,,,,Yes,Yes,,No,,3,2,No,Text,,,English,she/her,,0|i032tr:,,,,,,A phone call to further explain where you would like assistance,,No,Full-time employment,,KY,,No,40215,,,,,,,,,Done,28/Jul/26 1:47 PM
P0072,Name + DOB,Person P0072,NEIG-18142,59501,New Profile,Referral Only,,Johanna South,712020:3b2c2185-c76f-4d90-ad8c-9e260c73c318,Johanna South,712020:3b2c2185-c76f-4d90-ad8c-9e260c73c318,22/Jul/26 8:54 AM,05/Aug/26 10:23 AM,,SLCM,Uninsured,Workforce-FinancialStability,,,,James Bryant,Johanna South,712020:7919ac37-40c1-4b22-a858-9d188e7777ec,712020:3b2c2185-c76f-4d90-ad8c-9e260c73c318,3,Louisville,SLCM,,,29.0,Unemployed but want to find work,,Not being evicted,Woman,Financial Stability Care Path,Food Care Path,Pregnancy/Postpartum Care Path,,Pregnant or recently postpartum,,No,Rent - nothing past due,2000.0,Other,22/Jul/26 12:00 AM,No,Jhon hagen,Childbirth,Job loss,Medical emergency or other health needs,,,,Yes,Yes,,No,,3,2,No,Text,,,English,she/her,,0|i032qn:,,,,,,An email with available resources and next steps,,No,Full-time employment,,KY,,No,40215,2026-08-03 20:17:18.102,,03/Aug/26 4:17 PM;712020:7919ac37-40c1-4b22-a858-9d188e7777ec;LG&E and infant supplies,,,,,,Done,05/Aug/26 10:23 AM
P0158,Name + DOB,Person P0158,NEIG-18116,59475,New Profile,Referral Only,,Johanna South,712020:3b2c2185-c76f-4d90-ad8c-9e260c73c318,Johanna South,712020:3b2c2185-c76f-4d90-ad8c-9e260c73c318,21/Jul/26 1:54 PM,05/Aug/26 10:19 AM,,Passport,SLCM,Workforce-FinancialStability,,,,Johanna South,,712020:3b2c2185-c76f-4d90-ad8c-9e260c73c318,,1,Louisville,SLCM,,Recovery Now LlC,32.0,Employed,,Not being evicted,Woman,,,,,Pregnant or recently postpartum,,No,Rent - nothing past due,2400.0,Passport by Molina,21/Jul/26 12:00 AM,Yes,Ian Hooper,Household member left,Medical emergency or other health needs,,,,,Yes,Yes,N/a,No,,0,1,No,Call,,Medicaid,English ,she/her,White,0|i032kv:,,,,,,A phone call to further explain where you would like assistance,,No,Full-time employment,,KY,LG&E,Yes,40208,,,,,,,,,Done,05/Aug/26 10:19 AM
P0227,Name + DOB,Person P0227,NEIG-18099,59458,New Profile,Unable to Contact,,Johanna South,712020:3b2c2185-c76f-4d90-ad8c-9e260c73c318,Johanna South,712020:3b2c2185-c76f-4d90-ad8c-9e260c73c318,21/Jul/26 12:20 PM,06/Aug/26 10:35 AM,,Caretaker,Humana-Medicaid,SLCM,,,,Johanna South,,712020:3b2c2185-c76f-4d90-ad8c-9e260c73c318,,1,Fairdale,SLCM,,,24.0,Unemployed but want to find work,,Not being evicted,Woman,Financial Stability Care Path,,,,Pregnant or recently postpartum,,No,Rent - nothing past due,0.0,Humana,21/Jul/26 12:00 AM,No,Yiny,Childbirth,Issues with child care,Job loss,Unexpected expense,,,Yes,Yes,EACM referred me to you for rent assistance. ,Yes,,1,1,No,Call,Text,Medicaid,English,she/her,White,0|i032h3:,,,,,,,,No,No income,,KY,,No,40118,,,,,,,,,Done,06/Aug/26 10:35 AM
P0150,Name + DOB,Person P0150,NEIG-18034,59393,New Profile,Referral Only,,Johanna South,712020:3b2c2185-c76f-4d90-ad8c-9e260c73c318,Johanna South,712020:3b2c2185-c76f-4d90-ad8c-9e260c73c318,20/Jul/26 6:44 PM,05/Aug/26 9:42 AM,,Caretaker,JCPS,LMHA,SNAP,SVC,,James Bryant,Johanna South,712020:7919ac37-40c1-4b22-a858-9d188e7777ec,712020:3b2c2185-c76f-4d90-ad8c-9e260c73c318,6,Louisville ,SVC,,I don't have one I take care of my children witch 2 has autism ,30.0,Other,I don't know,Unknown,Woman,Behavioral Health Care Path,Childcare Care Path,Financial Stability Care Path,Intimate Partner Violence Victim Care Path,Person with a physical or mental disability,Person with chronic health condition,Yes,Unhoused,0.0,WellCare,20/Jul/26 12:00 AM,Yes,Lrei property management ,Eviction,Issues with child care,Loss of accessible transportation,Other,Other,1350.0,Yes,Yes,,No,5000.0,More than 5,1,No,Call,Text,Medicaid,English ,she/her,Black of African American,0|i0322n:,Find new housing,Find public/subsidized housing,Get rental assistance,Stay out of court,,An email with available resources and next steps,A phone call to further explain where you would like assistance,Yes,Food benefits - TANF/SNAP,,Kentucky ,LG&E,Yes,40212,2026-07-29 12:45:15.397,,29/Jul/26 8:45 AM;712020:7919ac37-40c1-4b22-a858-9d188e7777ec;Seeking furniture,,,,,,Done,05/Aug/26 9:42 AM
P0013,Name + DOB,Person P0013,NEIG-18014,59373,New Profile,Referral Only,,Johanna South,712020:3b2c2185-c76f-4d90-ad8c-9e260c73c318,Johanna South,712020:3b2c2185-c76f-4d90-ad8c-9e260c73c318,20/Jul/26 11:20 AM,05/Aug/26 9:13 AM,,Caretaker,SLCM,Uninsured,Workforce-Unemployed,,,James Bryant,Johanna South,712020:7919ac37-40c1-4b22-a858-9d188e7777ec,712020:3b2c2185-c76f-4d90-ad8c-9e260c73c318,3,Louisville ,SLCM,,,25.0,Unemployed but want to find work,,Not being evicted,Woman,Financial Stability Care Path,Food Care Path,Healthcare Care Path,Pregnancy/Postpartum Care Path,Pregnant or recently postpartum,Was/is in the foster care system,No,Staying with friends/family,0.0,I don't know,20/Jul/26 12:00 AM,No,,Childbirth,Eviction,Issues with child care,Job loss,,,Yes,Yes,,No,,2,2,No,Text,,,,she/her,White,0|i031y7:,,,,,,An email with available resources and next steps,,No,No income,,Kentucky ,,No,40215,2026-08-04 20:17:49.594,,"04/Aug/26 4:17 PM;712020:7919ac37-40c1-4b22-a858-9d188e7777ec;Client reports homeless (although chart says living with family), and seeking rehousing",,,,,,Done,05/Aug/26 9:13 AM
P0377,Name + DOB,Person P0377,NEIG-17980,59339,New Profile,Follow Up,,Johanna South,712020:3b2c2185-c76f-4d90-ad8c-9e260c73c318,Johanna South,712020:3b2c2185-c76f-4d90-ad8c-9e260c73c318,20/Jul/26 8:17 AM,05/Aug/26 1:34 PM,,JCPS,LMHA,Passport,SLCM,Workforce-Unemployed,,James Bryant,Johanna South,712020:7919ac37-40c1-4b22-a858-9d188e7777ec,712020:3b2c2185-c76f-4d90-ad8c-9e260c73c318,0,Louisville,SLCM,,,31.0,Unemployed but want to find work,,Not being evicted,Woman,Behavioral Health Care Path,Childcare Care Path,Children's Education,Financial Stability Care Path,,,No,Rent - nothing past due,0.0,Passport by Molina,20/Jul/26 12:00 AM,No,Jennifer,Job loss,,,,,,Yes,Yes,,Yes,,2,2,No,Call,Text,Medicaid,English ,she/her,Black of African American,0|i031qn:,,,,,,An email with available resources and next steps,A phone call to further explain where you would like assistance,Yes,No income,Other,KY,Water,Yes,40215,2026-07-21 18:50:07.013,,"21/Jul/26 2:50 PM;712020:7919ac37-40c1-4b22-a858-9d188e7777ec;Seeking water bill assistance. Got laid off, trying to find a new job",,,,,,In Progress,20/Jul/26 10:04 AM
P0328,Name + DOB,Person P0328,NEIG-17963,59322,New Profile,Referral Only,,Johanna South,712020:3b2c2185-c76f-4d90-ad8c-9e260c73c318,Johanna South,712020:3b2c2185-c76f-4d90-ad8c-9e260c73c318,19/Jul/26 11:20 AM,05/Aug/26 1:40 PM,,Caretaker,Eviction_Court,JCPS,Passport,SLCM,SNAP,James Bryant,Johanna South,712020:7919ac37-40c1-4b22-a858-9d188e7777ec,712020:3b2c2185-c76f-4d90-ad8c-9e260c73c318,3,Louisville,SLCM,22/Jul/26 12:00 AM,,31.0,Unemployed but want to find work,Non-payment,Currently being evicted,Woman,Legal Assistance Care Path,,,,Person with a physical or mental disability,,Yes,Rent- past due,900.0,Passport by Molina,19/Jul/26 12:00 AM,Yes,Sun residential,Eviction,Job loss,Reduction in or loss of benefits,Unexpected expense,Withheld rent because of problems with my housing,943.0,Yes,Yes,,No,3539.0,3,1,No,Text,,Medicaid,English,she/her,Black of African American,0|i031mv:,Avoid an eviction,Find new housing,Get more time to move out,Get rental assistance,,An email with available resources and next steps,Other,No,Food benefits - TANF/SNAP,Social Security - SSI/SSDI,KY,LG&E,Yes,40215,2026-07-20 17:58:15.188,,20/Jul/26 1:58 PM;712020:7919ac37-40c1-4b22-a858-9d188e7777ec;Seeking rent assistance due to loss of job,,,,,,Done,05/Aug/26 9:00 AM
P0380,Name + DOB,Person P0380,NEIG-17953,59312,New Profile,Referral Only,,Johanna South,712020:3b2c2185-c76f-4d90-ad8c-9e260c73c318,Johanna South,712020:3b2c2185-c76f-4d90-ad8c-9e260c73c318,18/Jul/26 5:59 AM,05/Aug/26 8:57 AM,,Eviction_Court,JAM,LMHA,Passport,SNAP,United,James Bryant,Johanna South,712020:7919ac37-40c1-4b22-a858-9d188e7777ec,712020:3b2c2185-c76f-4d90-ad8c-9e260c73c318,2,Louisville,JAM,30/Jul/26 12:00 AM,Bright horizons ,32.0,Employed,Non-payment,Currently being evicted,Woman,Financial Stability Care Path,,,,Pregnant or recently postpartum,,No,Rent- past due,2892.0,Passport by Molina,18/Jul/26 12:00 AM,No,Soliadgo,Reduction in hours at work,Unexpected expense,,,Unexpected expense,830.0,Yes,Yes,Legal Aid ,Yes,1760.0,2,1,No,Call,Text,Medicare,English,she/her,Black of African American,0|i031kn:,Avoid an eviction,Get rental assistance,Stay out of court,,,An email with available resources and next steps,A phone call to further explain where you would like assistance,Yes,Food benefits - TANF/SNAP,Full-time employment,KY,,No,40299,2026-07-20 15:42:34.032,,"20/Jul/26 11:42 AM;712020:7919ac37-40c1-4b22-a858-9d188e7777ec;Seeking $880 in rent assistance due to missing work while sick. Client also reports other bills being an issue leading to falling behind, and taking care of young children as another.",,,,,,Done,05/Aug/26 8:57 AM
P0377,Name + DOB,Person P0377,NEIG-17901,59260,New Profile,Duplicate,,Johanna South,712020:3b2c2185-c76f-4d90-ad8c-9e260c73c318,Johanna South,712020:3b2c2185-c76f-4d90-ad8c-9e260c73c318,17/Jul/26 7:15 AM,21/Jul/26 1:51 PM,,LMHA,Passport,SLCM,SNAP,Workforce-Unemployed,,Johanna South,,712020:3b2c2185-c76f-4d90-ad8c-9e260c73c318,,0,Louisville,SLCM,,,31.0,Unemployed but want to find work,,Not being evicted,Woman,Childcare Care Path,Financial Stability Care Path,Social Support,,,,No,Rent - nothing past due,0.0,Passport by Molina,17/Jul/26 12:00 AM,No,Jennifer,Issues with child care,Job loss,Loss of job,,,,Yes,Yes,No ,No,,2,2,No,Text,,Medicaid,English,she/her,Black of African American,0|i03193:,,,,,,An email with available resources and next steps,A phone call to further explain where you would like assistance,Yes,Food benefits - TANF/SNAP,,KY,Water,Yes,40215,,,,,,,,,Done,21/Jul/26 8:29 AM
P0067,Name + DOB,Person P0067,NEIG-17836,59195,New Profile,Referral Only,,Johanna South,712020:3b2c2185-c76f-4d90-ad8c-9e260c73c318,Johanna South,712020:3b2c2185-c76f-4d90-ad8c-9e260c73c318,16/Jul/26 9:50 AM,05/Aug/26 8:15 AM,,Caretaker,JCPS,SLCM,SNAP,Workforce-Underemployed,,James Bryant,Johanna South,712020:7919ac37-40c1-4b22-a858-9d188e7777ec,712020:3b2c2185-c76f-4d90-ad8c-9e260c73c318,1,Louisville,SLCM,,McDonald’s ,29.0,"Employed, but need more hours and/or different work",I don't know,Unknown,Woman,Financial Stability Care Path,,,,Pregnant or recently postpartum,,Yes,Rent- past due,3000.0,Aetna,16/Jul/26 12:00 AM,Yes,George Harris ,Death in the family,Reduction in hours at work,,,Have to pay other debt,1200.0,Yes,Yes,,No,,3,1,No,Text,,Medicaid,English ,she/her,Black of African American,0|i030un:,Avoid an eviction,Find new housing,Landlord fixes my home,,,An email with available resources and next steps,,No,Food benefits - TANF/SNAP,,Kentucky ,LG&E,No,40208,2026-07-20 17:40:47.796,,20/Jul/26 1:40 PM;712020:7919ac37-40c1-4b22-a858-9d188e7777ec;Fell behind on rent and LG&E due to illness preventing work,,,,,,Done,05/Aug/26 8:15 AM
P0387,Name + DOB,Person P0387,NEIG-17803,59162,New Profile,Referral Only,,Johanna South,712020:3b2c2185-c76f-4d90-ad8c-9e260c73c318,Johanna South,712020:3b2c2185-c76f-4d90-ad8c-9e260c73c318,15/Jul/26 11:05 PM,04/Aug/26 1:02 PM,,Anthem,JCPS,Passport,Senior,SLCM,SSDI,James Bryant,Johanna South,712020:7919ac37-40c1-4b22-a858-9d188e7777ec,712020:3b2c2185-c76f-4d90-ad8c-9e260c73c318,4,Louisville,SLCM,,,71.0,Other,,Not being evicted,Woman,Food Care Path,,,,Person with a physical or mental disability,Person with chronic health condition,No,Own home - mortgage past due,3200.0,Anthem,16/Jul/26 12:00 AM,Yes,,Loss of job,Onset of disability,,,,,Yes,Yes,,No,,2,3,Yes,Text,,Medicaid,English,she/her,White,0|i030nb:,,,,,,An email with available resources and next steps,,No,Pension,Social Security - SSI/SSDI,KY,LG&E,Yes,40214,2026-07-20 17:39:02.83,,20/Jul/26 1:39 PM;712020:7919ac37-40c1-4b22-a858-9d188e7777ec;Seeking LG&E and water assistance for August,,,,,,Done,04/Aug/26 1:02 PM
P0086,Name + DOB,Person P0086,NEIG-17785,59144,New Profile,Duplicate,,Johanna South,712020:3b2c2185-c76f-4d90-ad8c-9e260c73c318,Johanna South,712020:3b2c2185-c76f-4d90-ad8c-9e260c73c318,15/Jul/26 1:11 PM,20/Jul/26 12:49 PM,,JCPS,Passport,Re-entry,SVC,,,Johanna South,,712020:3b2c2185-c76f-4d90-ad8c-9e260c73c318,,3,Louisville ,SVC,,,36.0,Unemployed but want to find work,Non-payment,Currently being evicted,Woman,Behavioral Health Care Path,Financial Stability Care Path,Intimate Partner Violence Victim Care Path,Transportation Care Path,,,No,Rent- past due,0.0,Passport by Molina,15/Jul/26 12:00 AM,Yes,Synergy management ,Household member left,Incarceration,,,Other,123.0,Yes,Yes,Legal aid,Yes,760.0,3,1,No,Call,Text,Medicaid,English ,she/her,Black of African American,0|i030jb:,Avoid an eviction,Come up with a plan to pay back rent,Find new housing,Get more time to move out,,An email with available resources and next steps,A phone call to further explain where you would like assistance,Yes,Pension,,Kentucky ,LG&E,Yes,40212,,,,,,,,,Done,20/Jul/26 12:49 PM
P0244,Name + DOB,Person P0244,NEIG-17769,59128,New Profile,Unable to Contact,,Johanna South,712020:3b2c2185-c76f-4d90-ad8c-9e260c73c318,Johanna South,712020:3b2c2185-c76f-4d90-ad8c-9e260c73c318,15/Jul/26 11:47 AM,04/Aug/26 3:36 PM,,Caretaker,JCPS,LMHA,Passport,SLCM,Workforce-Unemployed,Johanna South,,712020:3b2c2185-c76f-4d90-ad8c-9e260c73c318,,1,Louisville,SLCM,,N/a,30.0,Unemployed but want to find work,,Not being evicted,Woman,Children's Welfare (CPS),Financial Stability Care Path,Food Care Path,Transportation Care Path,,,No,Staying with friends/family,0.0,Passport by Molina,15/Jul/26 12:00 AM,Yes,N/a,Childbirth,Eviction,In-patient rehabilitation,Loss of accessible transportation,,,Yes,Yes,N/a,No,,More than 5,1,No,Call,Text,Medicaid,English,she/her,Black of African American,0|i030fr:,,,,,,An email with available resources and next steps,A phone call to further explain where you would like assistance,Yes,No income,,Ky,LG&E,Yes,40215,,,,,,,,,Done,04/Aug/26 3:36 PM
P0020,Name + DOB,Person P0020,NEIG-17729,59088,New Profile,Referral Only,,Johanna South,712020:3b2c2185-c76f-4d90-ad8c-9e260c73c318,Johanna South,712020:3b2c2185-c76f-4d90-ad8c-9e260c73c318,14/Jul/26 4:28 PM,04/Aug/26 12:51 PM,,MUSCL,Passport,SNAP,Workforce-FinancialStability,,,James Bryant,Johanna South,712020:7919ac37-40c1-4b22-a858-9d188e7777ec,712020:3b2c2185-c76f-4d90-ad8c-9e260c73c318,2,Louisville,MUSCL,,Five Iron Golf,33.0,"Employed, but need more hours and/or different work",Non-payment,Unknown,Woman,Behavioral Health Care Path,Childcare Care Path,Financial Stability Care Path,Social Support,Was/is in the foster care system,,No,Rent- past due,2000.0,Passport by Molina,14/Jul/26 12:00 AM,No,Lashaunda Wilson - Lone Oak Meadows,Job loss,Reduction in hours at work,,,Lost a job/had hours cut,1211.0,Yes,Yes,,Yes,2524.0,2,1,No,Text,,Medicaid,English,she/her,White,0|i0306v:,Avoid an eviction,Come up with a plan to pay back rent,Find new housing,Get rental assistance,,An email with available resources and next steps,,No,Food benefits - TANF/SNAP,Full-time employment,KY,,No,40219,2026-07-20 17:34:59.328,,20/Jul/26 1:34 PM;712020:7919ac37-40c1-4b22-a858-9d188e7777ec;Seeking help with 2 months arrears,,,,,,Done,04/Aug/26 12:51 PM
P0228,Name + DOB,Person P0228,NEIG-17723,59082,New Profile,Referral Only,,Johanna South,712020:3b2c2185-c76f-4d90-ad8c-9e260c73c318,Johanna South,712020:3b2c2185-c76f-4d90-ad8c-9e260c73c318,14/Jul/26 4:25 PM,04/Aug/26 12:49 PM,,Humana-Medicaid,JCPS,LMHA,SAM,SNAP,,James Bryant,Johanna South,712020:7919ac37-40c1-4b22-a858-9d188e7777ec,712020:3b2c2185-c76f-4d90-ad8c-9e260c73c318,2,Louisville,SAM,,,29.0,Unemployed but want to find work,,Not being evicted,Woman,Childcare Care Path,Financial Stability Care Path,Transportation Care Path,,,,No,Rent - nothing past due,0.0,Humana,14/Jul/26 12:00 AM,Yes,Millcreek apartents ,Job loss,Loss of accessible transportation,Unexpected expense,,,,Yes,Yes,,No,,2,1,No,Call,,Medicaid,English,she/her,Black of African American,0|i0305j:,,,,,,A phone call to further explain where you would like assistance,,Yes,Food benefits - TANF/SNAP,,KY,LG&E,No,40214,2026-07-17 17:48:05.467,,17/Jul/26 1:48 PM;712020:7919ac37-40c1-4b22-a858-9d188e7777ec;Seeiking utility assistance,,,,,,Done,04/Aug/26 12:49 PM
P0141,Name + DOB,Person P0141,NEIG-17718,59077,New Profile,Referral Only,,Johanna South,712020:3b2c2185-c76f-4d90-ad8c-9e260c73c318,Johanna South,712020:3b2c2185-c76f-4d90-ad8c-9e260c73c318,14/Jul/26 3:08 PM,04/Aug/26 12:48 PM,,Caretaker,LMHA,MUSCL,,,,James Bryant,Johanna South,712020:7919ac37-40c1-4b22-a858-9d188e7777ec,712020:3b2c2185-c76f-4d90-ad8c-9e260c73c318,1,Louisville,MUSCL,,,32.0,Unemployed but want to find work,,Not being evicted,Woman,Intimate Partner Violence Victim Care Path,,,,Person with a physical or mental disability,Pregnant or recently postpartum,No,Staying with friends/family,800.0,Passport by Molina,14/Jul/26 12:00 AM,No,Falcon crest,,,,,,,Yes,Yes,,Yes,,1,1,No,Text,,Medicaid,English ,she/her,,0|i0304f:,,,,,,An email with available resources and next steps,A phone call to further explain where you would like assistance,Yes,Food benefits - TANF/SNAP,,Kentucky,,No,40219,2026-07-20 17:33:51.258,,20/Jul/26 1:33 PM;712020:7919ac37-40c1-4b22-a858-9d188e7777ec;Seeking guidance with accessing DV-victim services,,,,,,Done,04/Aug/26 12:48 PM
P0225,Name + DOB,Person P0225,NEIG-17701,59060,New Profile,Follow Up,,Johanna South,712020:3b2c2185-c76f-4d90-ad8c-9e260c73c318,Johanna South,712020:3b2c2185-c76f-4d90-ad8c-9e260c73c318,14/Jul/26 1:31 PM,10/Aug/26 4:03 PM,,Aetna,LMHA,SLCM,SNAP,Workforce-Unemployed,,James Bryant,Johanna South,712020:7919ac37-40c1-4b22-a858-9d188e7777ec,712020:3b2c2185-c76f-4d90-ad8c-9e260c73c318,1,Louisville,SLCM,,,24.0,Unemployed but want to find work,,Not being evicted,Woman,Financial Stability Care Path,Food Care Path,Transportation Care Path,,Person with a physical or mental disability,Pregnant or recently postpartum,No,Rent - nothing past due,0.0,Aetna,14/Jul/26 12:00 AM,Yes,Joni Blake ,Incarceration,Job loss,,,,,Yes,Yes,,No,,1,1,No,Call,Text,Medicaid,English ,she/her,,0|i0300n:,,,,,,An email with available resources and next steps,A phone call to further explain where you would like assistance,Yes,Food benefits - TANF/SNAP,No income,Kentucky,LG&E,No,40215,2026-08-04 19:44:59.832,,"04/Aug/26 3:44 PM;712020:7919ac37-40c1-4b22-a858-9d188e7777ec;Seeking pass-thru for $75 pledge, not at risk of disconnection",,,,,,In Progress,14/Jul/26 1:58 PM
P0329,Name + DOB,Person P0329,NEIG-17679,59038,New Profile,Follow Up,,Johanna South,712020:3b2c2185-c76f-4d90-ad8c-9e260c73c318,Johanna South,712020:3b2c2185-c76f-4d90-ad8c-9e260c73c318,14/Jul/26 11:57 AM,20/Jul/26 1:32 PM,,CPS-Involved,JCPS,SLCM,Uninsured,Workforce-FinancialStability,,Johanna South,,712020:3b2c2185-c76f-4d90-ad8c-9e260c73c318,,2,Louisville,SLCM,,Malone Staffing,25.0,"Employed, but need more hours and/or different work",I don't know,Currently being evicted,Woman,Behavioral Health Care Path,Childcare Care Path,Children's Welfare (CPS),Financial Stability Care Path,Was/is in the foster care system,,No,Rent- past due,0.0,I don't know,14/Jul/26 12:00 AM,No,I dont know,Eviction,Issues with child care,Job loss,Loss of accessible transportation,Lost a job/had hours cut,,Yes,Yes,Isabelle Warren DCBS CPS 502-207-9988,Yes,,2,1,No,Call,Text,,Kinyarwanda,she/her,Other,0|i02zvr:,Find new housing,Get more time to move out,Get rental assistance,,,A phone call to further explain where you would like assistance,,No,Part-time employment,,KY,I don't know,No,40219,,,,,,,,,In Progress,14/Jul/26 1:58 PM
P0264,Name + DOB,Person P0264,NEIG-17668,59027,New Profile,Referral Only,,Johanna South,712020:3b2c2185-c76f-4d90-ad8c-9e260c73c318,Johanna South,712020:3b2c2185-c76f-4d90-ad8c-9e260c73c318,14/Jul/26 10:29 AM,04/Aug/26 11:50 AM,,JCPS,Passport,SLCM,SNAP,Workforce-FinancialStability,,James Bryant,Johanna South,712020:7919ac37-40c1-4b22-a858-9d188e7777ec,712020:3b2c2185-c76f-4d90-ad8c-9e260c73c318,2,Louisville ,SLCM,,,36.0,Employed,Non-payment,Currently being evicted,Woman,,,,,,,Yes,Rent- past due,1800.0,Passport by Molina,14/Jul/26 12:00 AM,No,Daniel Flacn,Eviction,Other,,,Other,1600.0,Yes,Yes,,No,1600.0,2,3,No,Call,Text,Medicaid,,she/her,Black of African American,0|i02ztb:,Come up with a plan to pay back rent,Get rental assistance,,,,An email with available resources and next steps,A phone call to further explain where you would like assistance,No,Food benefits - TANF/SNAP,Other,Kentucky ,,No,40214,2026-07-15 13:27:38.879,,15/Jul/26 9:27 AM;712020:7919ac37-40c1-4b22-a858-9d188e7777ec;Seeking $1600 in rent assistance,,,,,,Done,04/Aug/26 11:50 AM
P0140,Name + DOB,Person P0140,NEIG-17638,58997,New Profile,Unable to Contact,,Johanna South,712020:3b2c2185-c76f-4d90-ad8c-9e260c73c318,Johanna South,712020:3b2c2185-c76f-4d90-ad8c-9e260c73c318,13/Jul/26 6:23 PM,04/Aug/26 11:45 AM,,Humana-Medicaid,JCPS,SLCM,SNAP,United,Workforce-FinancialStability,James Bryant,Johanna South,712020:7919ac37-40c1-4b22-a858-9d188e7777ec,712020:3b2c2185-c76f-4d90-ad8c-9e260c73c318,3,Louisville,SLCM,,Raffertys,28.0,Employed,,Unknown,Woman,,,,,,,Yes,Rent - nothing past due,2000.0,Humana,13/Jul/26 12:00 AM,Yes,Thomas John’s,Reduction in or loss of benefits,,,,,1100.0,Yes,Yes,,No,0.0,3,1,No,Text,,Medicaid,English,she/her,White,0|i02zmn:,Other,,,,,An email with available resources and next steps,,No,Food benefits - TANF/SNAP,Part-time employment,KY,LG&E,No,40214,2026-07-17 17:43:29.074,,17/Jul/26 1:43 PM;712020:7919ac37-40c1-4b22-a858-9d188e7777ec;Seeking LG&E assistance,04/Aug/26 11:45 AM;712020:7919ac37-40c1-4b22-a858-9d188e7777ec;Stopped responding when asked what happened to where she was unable to pay herself,,,,,Done,04/Aug/26 11:45 AM
P0053,Name + DOB,Person P0053,NEIG-17623,58982,New Profile,Referral Only,,Johanna South,712020:3b2c2185-c76f-4d90-ad8c-9e260c73c318,Johanna South,712020:3b2c2185-c76f-4d90-ad8c-9e260c73c318,13/Jul/26 4:28 PM,04/Aug/26 11:44 AM,,LGBTQIA+,Passport,SLCM,SNAP,Workforce-Underemployed,,James Bryant,Johanna South,712020:7919ac37-40c1-4b22-a858-9d188e7777ec,712020:3b2c2185-c76f-4d90-ad8c-9e260c73c318,1,Louisville,SLCM,,UPS outer loop ,23.0,Employed,,Not being evicted,Woman,Behavioral Health Care Path,Children's Education,Transportation Care Path,,LGBTQIA+,Person with a physical or mental disability,Yes,Rent- past due,300.0,Passport by Molina,13/Jul/26 12:00 AM,Yes,Melissa ,Issues with child care,Loss of accessible transportation,,,,,Yes,Yes,,No,,1,1,No,Call,Text,Medicaid,English ,she/her,Black of African American,0|i02zjb:,,,,,,An email with available resources and next steps,,No,Food benefits - TANF/SNAP,,Kentucky ,LG&E,No,40214,2026-07-20 17:29:51.503,,"20/Jul/26 1:29 PM;712020:7919ac37-40c1-4b22-a858-9d188e7777ec;Seeking $3000 in rent assistance, already used KTAP",,,,,,Done,04/Aug/26 11:44 AM
P0019,Name + DOB,Person P0019,NEIG-17615,58974,New Profile,Referral Only,,Johanna South,712020:3b2c2185-c76f-4d90-ad8c-9e260c73c318,Johanna South,712020:3b2c2185-c76f-4d90-ad8c-9e260c73c318,13/Jul/26 3:28 PM,04/Aug/26 11:43 AM,,Caretaker,JCPS,LMHA,Passport,SLCM,Workforce-Underemployed,James Bryant,Johanna South,712020:7919ac37-40c1-4b22-a858-9d188e7777ec,712020:3b2c2185-c76f-4d90-ad8c-9e260c73c318,5,Louisville,SLCM,,,34.0,Employed,Non-payment,Unknown,Woman,,,,,,,No,Rent- past due,1100.0,Passport by Molina,13/Jul/26 12:00 AM,No,Eric Titus,Reduction in hours at work,,,,Lost a job/had hours cut,280.0,Yes,Yes,,No,840.0,4,2,No,,,Medicare,English,she/her,White,0|i02zhj:,Get rental assistance,,,,,An email with available resources and next steps,,Yes,Part-time employment,,KY,LG&E,No,40215,2026-07-14 13:02:51.814,,14/Jul/26 9:02 AM;712020:7919ac37-40c1-4b22-a858-9d188e7777ec;Seeking assistance with $840 towards rent,,,,,,Done,04/Aug/26 11:43 AM
P0050,Name + DOB,Person P0050,NEIG-17562,58921,New Profile,Referral Only,,Johanna South,712020:3b2c2185-c76f-4d90-ad8c-9e260c73c318,Johanna South,712020:3b2c2185-c76f-4d90-ad8c-9e260c73c318,13/Jul/26 3:18 AM,04/Aug/26 11:13 AM,,Eviction_Court,Humana-Medicaid,JCPS,SWCM,Workforce-FinancialStability,,James Bryant,Johanna South,712020:7919ac37-40c1-4b22-a858-9d188e7777ec,712020:3b2c2185-c76f-4d90-ad8c-9e260c73c318,1,Louisville,SWCM,17/Jul/26 12:00 AM,Ge appliances ,26.0,Employed,Non-payment,Currently being evicted,Woman,Behavioral Health Care Path,Financial Stability Care Path,Food Care Path,Intimate Partner Violence Victim Care Path,,,Yes,Rent- past due,24000.0,Humana,13/Jul/26 12:00 AM,Yes,Maria Gonzales,Eviction,Issues with child care,Other,Reduction in or loss of benefits,Unexpected expense,850.0,Yes,Yes,,No,3000.0,1,2,No,Call,Text,Medicaid,English,she/her,,0|i02z5r:,Avoid an eviction,Come up with a plan to pay back rent,Stay out of court,,,An email with available resources and next steps,A phone call to further explain where you would like assistance,No,Full-time employment,,Kentucky,LG&E,No,40118,2026-07-14 13:04:57.42,,14/Jul/26 9:04 AM;712020:7919ac37-40c1-4b22-a858-9d188e7777ec;Seeking rent and food assistance,,,,,,Done,04/Aug/26 11:13 AM
P0374,Name + DOB,Person P0374,NEIG-17557,58916,New Profile,Referral Only,,Johanna South,712020:3b2c2185-c76f-4d90-ad8c-9e260c73c318,Johanna South,712020:3b2c2185-c76f-4d90-ad8c-9e260c73c318,13/Jul/26 1:14 AM,04/Aug/26 11:12 AM,,Eviction_Court,Passport,UCHM,Workforce-Underemployed,,,James Bryant,Johanna South,712020:7919ac37-40c1-4b22-a858-9d188e7777ec,712020:3b2c2185-c76f-4d90-ad8c-9e260c73c318,3,Louisville ,UCHM,,,28.0,Employed,I don't know,Currently being evicted,Woman,Financial Stability Care Path,Transportation Care Path,,,,,No,Rent- past due,0.0,Passport by Molina,13/Jul/26 12:00 AM,Yes,Maureen ,Eviction,,,,Other,1025.0,Yes,Yes,Legal aid,Yes,3000.0,3,1,No,Text,,Medicaid,English ,she/her,Black of African American,0|i02z4n:,Avoid an eviction,Come up with a plan to pay back rent,Find new housing,Get more time to move out,,An email with available resources and next steps,A phone call to further explain where you would like assistance,No,Full-time employment,,Ky,LG&E,No,40206,2026-07-20 17:26:27.528,,20/Jul/26 1:26 PM;712020:7919ac37-40c1-4b22-a858-9d188e7777ec;Seeking housing navigation,,,,,,Done,04/Aug/26 11:12 AM
P0331,Name + DOB,Person P0331,NEIG-17497,58856,New Profile,Referral Only,,Johanna South,712020:3b2c2185-c76f-4d90-ad8c-9e260c73c318,Johanna South,712020:3b2c2185-c76f-4d90-ad8c-9e260c73c318,11/Jul/26 1:12 PM,04/Aug/26 11:08 AM,,Launch,SLCM,Workforce-Unemployed,,,,James Bryant,Johanna South,712020:7919ac37-40c1-4b22-a858-9d188e7777ec,712020:3b2c2185-c76f-4d90-ad8c-9e260c73c318,1,Louisville ,SLCM,,ILYA Enterprises ,30.0,Employed,,Not being evicted,Woman,Childcare Care Path,Financial Stability Care Path,Food Care Path,,,,No,Rent- past due,0.0,I don't know,11/Jul/26 12:00 AM,Yes,Beechmont Townhomes,Job loss,,,,,,Yes,Yes,,No,,1,1,No,Text,,,english,she/her,Black of African American,0|i02yrb:,,,,,,An email with available resources and next steps,A phone call to further explain where you would like assistance,No,Part-time employment,,KY,LG&E,No,40214,2026-07-21 12:27:48.141,,21/Jul/26 8:27 AM;712020:7919ac37-40c1-4b22-a858-9d188e7777ec;Seeking $2100 in past due rent,,,,,,Done,04/Aug/26 11:08 AM
P0059,Name + DOB,Person P0059,NEIG-17483,58842,New Profile,Referral Only,,Johanna South,712020:3b2c2185-c76f-4d90-ad8c-9e260c73c318,Johanna South,712020:3b2c2185-c76f-4d90-ad8c-9e260c73c318,10/Jul/26 3:03 PM,04/Aug/26 11:04 AM,,Former-foster-care-individual,MUSCL,Workforce-FinancialStability,Young-adult,,,Johanna South,,712020:3b2c2185-c76f-4d90-ad8c-9e260c73c318,,1,LOUISVILLE,,,Walgreen's,22.0,Employed,,Not being evicted,Man,Social Support,Transportation Care Path,,,Was/is in the foster care system,,No,Staying with friends/family,3700.0,Aetna,10/Jul/26 12:00 AM,No,was with Family,Unexpected expense,,,,,,Yes,Yes,Indigo at the Park Apartments,Yes,,1,1,No,Text,,Medicaid,English,he/him,,0|i02yo7:,,,,,,A phone call to further explain where you would like assistance,,No,Full-time employment,,KY,,No,40229,,,,,,,,,Done,04/Aug/26 11:04 AM
P0142,Name + DOB,Person P0142,NEIG-17469,58828,New Profile,Referral Only,,Johanna South,712020:3b2c2185-c76f-4d90-ad8c-9e260c73c318,Johanna South,712020:3b2c2185-c76f-4d90-ad8c-9e260c73c318,10/Jul/26 1:45 PM,04/Aug/26 11:02 AM,,Caretaker,Humana-Medicaid,SLCM,SNAP,Workforce-Underemployed,,James Bryant,Johanna South,712020:7919ac37-40c1-4b22-a858-9d188e7777ec,712020:3b2c2185-c76f-4d90-ad8c-9e260c73c318,2,Louisville ,,,East way rehab & health ,22.0,"Employed, but need more hours and/or different work",,Not being evicted,Woman,Financial Stability Care Path,Pregnancy/Postpartum Care Path,Transportation Care Path,,Pregnant or recently postpartum,,No,Rent- past due,900.0,Humana,10/Jul/26 12:00 AM,No,Edge way ,Childbirth,,,,,,Yes,Yes,,No,,2,1,No,Text,,Medicaid,English ,she/her,Black of African American,0|i02yl3:,,,,,,An email with available resources and next steps,,No,Food benefits - TANF/SNAP,Part-time employment,KY,LG&E,No,40215,2026-07-13 13:29:21.061,,13/Jul/26 9:29 AM;712020:7919ac37-40c1-4b22-a858-9d188e7777ec;Seeking rent assistance and transportation,20/Jul/26 1:24 PM;712020:7919ac37-40c1-4b22-a858-9d188e7777ec;Seeking $600 towards rent,,,,,Done,04/Aug/26 11:02 AM
P0301,Name + DOB,Person P0301,NEIG-17437,58796,New Profile,Follow Up,,Johanna South,712020:3b2c2185-c76f-4d90-ad8c-9e260c73c318,Johanna South,712020:3b2c2185-c76f-4d90-ad8c-9e260c73c318,10/Jul/26 7:04 AM,12/Aug/26 11:17 AM,,Passport,SLCM,SNAP,Workforce-Unemployed,,,Johanna South,,712020:3b2c2185-c76f-4d90-ad8c-9e260c73c318,,2,Louisville,SLCM,,,37.0,Unemployed but want to find work,,Not being evicted,Woman,Financial Stability Care Path,Pregnancy/Postpartum Care Path,Transportation Care Path,,Pregnant or recently postpartum,,No,Staying with friends/family,0.0,Passport by Molina,10/Jul/26 12:00 AM,Yes,,Other,,,,,975.0,Yes,Yes,,No,1100.0,0,3,No,Text,,Medicaid,English,she/her,White,0|i02ydz:,,,,,,An email with available resources and next steps,Other,No,Food benefits - TANF/SNAP,No income,Kentucky,LG&E,No,40214,,,,,,,,,In Progress,12/Aug/26 10:56 AM
P0338,Name + DOB,Person P0338,NEIG-17422,58781,New Profile,Referral Only,,Johanna South,712020:3b2c2185-c76f-4d90-ad8c-9e260c73c318,Johanna South,712020:3b2c2185-c76f-4d90-ad8c-9e260c73c318,09/Jul/26 5:48 PM,04/Aug/26 10:51 AM,,Caretaker,JCPS,Passport,SLCM,SNAP,Workforce-Unemployed,James Bryant,Johanna South,712020:7919ac37-40c1-4b22-a858-9d188e7777ec,712020:3b2c2185-c76f-4d90-ad8c-9e260c73c318,4,Fairdale,SLCM,,,30.0,Unemployed but want to find work,,Not being evicted,Woman,Behavioral Health Care Path,Children's Education,Financial Stability Care Path,Food Care Path,LGBTQIA+,Person with a physical or mental disability,No,Rent - nothing past due,0.0,Passport by Molina,09/Jul/26 12:00 AM,Yes,Renae Martinez ,Job loss,Medical emergency or other health needs,Reduction in or loss of benefits,Unexpected expense,,,Yes,Yes,No,No,,4,1,No,Call,Text,Medicaid,English,she/her,Black of African American,0|i02yan:,,,,,,An email with available resources and next steps,,Yes,Food benefits - TANF/SNAP,No income,Ky,LG&E,No,40118,2026-07-20 17:21:33.763,,20/Jul/26 1:21 PM;712020:7919ac37-40c1-4b22-a858-9d188e7777ec;Seeking food and LG&E assistance,,,,,,Done,04/Aug/26 10:51 AM
P0176,Name + DOB,Person P0176,NEIG-17400,58759,New Profile,Referral Only,,Johanna South,712020:3b2c2185-c76f-4d90-ad8c-9e260c73c318,Johanna South,712020:3b2c2185-c76f-4d90-ad8c-9e260c73c318,09/Jul/26 1:14 PM,04/Aug/26 10:49 AM,,JCPS,LMHA,SLCM,SNAP,,,James Bryant,Johanna South,712020:7919ac37-40c1-4b22-a858-9d188e7777ec,712020:3b2c2185-c76f-4d90-ad8c-9e260c73c318,2,Fairdale,,,,24.0,Unemployed but want to find work,,Not being evicted,Woman,Financial Stability Care Path,Legal Assistance Care Path,,,,,No,Staying with friends/family,0.0,Passport by Molina,09/Jul/26 12:00 AM,Yes,N/a,Loss of accessible transportation,,,,,,Yes,Yes,,No,,2,1,No,Call,Text,Medicaid,English ,she/her,Black of African American,0|i02y5r:,,,,,,An email with available resources and next steps,A phone call to further explain where you would like assistance,Yes,Food benefits - TANF/SNAP,,Kentucky,LG&E,No,40118,2026-07-10 15:41:30.082,,10/Jul/26 11:41 AM;712020:7919ac37-40c1-4b22-a858-9d188e7777ec;Seeking assistance with $800 deposit,,,,,,Done,04/Aug/26 10:49 AM
P0069,Name + DOB,Person P0069,NEIG-17399,58758,New Profile,Follow Up,,Johanna South,712020:3b2c2185-c76f-4d90-ad8c-9e260c73c318,Johanna South,712020:3b2c2185-c76f-4d90-ad8c-9e260c73c318,09/Jul/26 1:14 PM,11/Aug/26 8:53 AM,,Humana-Medicaid,JCPS,Launch,SLCM,Workforce-Unemployed,,Johanna South,,712020:3b2c2185-c76f-4d90-ad8c-9e260c73c318,,4,Louisville,SLCM,30/Jul/26 12:00 AM,Wesley manor retirement community ,30.0,"Employed, but need more hours and/or different work",Non-payment,Currently being evicted,Woman,Financial Stability Care Path,Transportation Care Path,,,,,Yes,Rent- past due,2000.0,Humana,09/Jul/26 12:00 AM,Yes,Yesil moreno ,Eviction,Other,,,Other,1070.0,Yes,Yes,,No,4000.0,4,5,No,Call,Text,Medicaid,English ,she/her,Black of African American,0|i02y5j:,Avoid an eviction,Come up with a plan to pay back rent,Get more time to move out,Get rental assistance,,A phone call to further explain where you would like assistance,,No,Other,,KY,LG&E,No,40214,,,,,,,,,In Progress,10/Jul/26 3:28 PM
P0189,Name + DOB,Person P0189,NEIG-17385,58744,New Profile,Referral Only,,Johanna South,712020:3b2c2185-c76f-4d90-ad8c-9e260c73c318,Johanna South,712020:3b2c2185-c76f-4d90-ad8c-9e260c73c318,09/Jul/26 11:44 AM,11/Aug/26 12:08 PM,,JCPS,Passport,SSDI,SVC,Workforce-Unemployed,,James Bryant,Johanna South,712020:7919ac37-40c1-4b22-a858-9d188e7777ec,712020:3b2c2185-c76f-4d90-ad8c-9e260c73c318,3,louisville,SVC,,crown staffing,28.0,Unemployed but want to find work,,Not being evicted,Woman,Financial Stability Care Path,,,,Person with a physical or mental disability,,No,Rent- past due,894.0,Passport by Molina,09/Jul/26 12:00 AM,Yes,hpi,Job loss,Loss of job,,,,,Yes,Yes,,No,,2,1,No,Call,Text,Medicaid,english,she/her,Black of African American,0|i02y2f:,,,,,,A phone call to further explain where you would like assistance,,No,Social Security - SSI/SSDI,,ky,LG&E,Yes,40203,2026-07-20 17:20:59.564,,20/Jul/26 1:20 PM;712020:7919ac37-40c1-4b22-a858-9d188e7777ec;Seeking rent assistance,"11/Aug/26 12:08 PM;712020:b45b5172-67c2-45ac-81f5-e5089b0bea5a;I met with JN yesterday 8.10.26. She is currently behind on rent and water.

Rent: 1175 owe

Water: 728 owe

Recommendation:

* apply for housing stabilization program 8.11.26
* go to central ministry walk in hours 8.11.26
* apply for ktap program rap program 8.11.26
* apply for survivor benefits
* wants to be a part of the Kinship program

will follow up 8.11.26",,,,,Done,04/Aug/26 10:28 AM
P0351,Name + DOB,Person P0351,NEIG-17374,58733,New Profile,Referral Only,,Johanna South,712020:3b2c2185-c76f-4d90-ad8c-9e260c73c318,Johanna South,712020:3b2c2185-c76f-4d90-ad8c-9e260c73c318,09/Jul/26 11:07 AM,04/Aug/26 10:22 AM,,JCPS,JCPS-Employee,SLCM,Workforce-FinancialStability,,,James Bryant,Johanna South,712020:7919ac37-40c1-4b22-a858-9d188e7777ec,712020:3b2c2185-c76f-4d90-ad8c-9e260c73c318,1,Louisville,SLCM,,Fairdale High School (jcps),37.0,Employed,,Not being evicted,Man,,,,,,,No,Own home - mortgage past due,1260.0,Anthem,09/Jul/26 12:00 AM,No,Kentucky housing corporation ,Reduction in hours at work,Unexpected expense,,,,,Yes,Yes,,Yes,,4,1,No,Text,,Employee-coverage,English ,he/him,Black of African American,0|i02xzz:,,,,,,An email with available resources and next steps,,No,Part-time employment,,KY,,No,40118,2026-07-20 17:20:21.1,,20/Jul/26 1:20 PM;712020:7919ac37-40c1-4b22-a858-9d188e7777ec;Seeking mortgage and utility assistance,,,,,,Done,04/Aug/26 10:22 AM
P0389,Name + DOB,Person P0389,NEIG-17351,58710,New Profile,Referral Only,,Johanna South,712020:3b2c2185-c76f-4d90-ad8c-9e260c73c318,Johanna South,712020:3b2c2185-c76f-4d90-ad8c-9e260c73c318,09/Jul/26 4:36 AM,04/Aug/26 10:19 PM,,Passport,SLCM,Young-adult,,,,James Bryant,Johanna South,712020:7919ac37-40c1-4b22-a858-9d188e7777ec,712020:3b2c2185-c76f-4d90-ad8c-9e260c73c318,1,Louisville ,SLCM,,,23.0,Unemployed but want to find work,,Not being evicted,Man,Transportation Care Path,,,,,,Yes,Rent - nothing past due,0.0,Passport by Molina,09/Jul/26 12:00 AM,Yes,,Other,,,,,,Yes,Yes,,No,,1,0,No,Call,Text,Medicaid,English,he/him,Black of African American,0|i02xuv:,,,,,,An email with available resources and next steps,A phone call to further explain where you would like assistance,No,Other,,Ky,LG&E,No,40215,2026-07-20 17:19:32.657,,20/Jul/26 1:19 PM;712020:7919ac37-40c1-4b22-a858-9d188e7777ec;Seeking LG&E assistance,,,,,,Done,04/Aug/26 10:20 AM
P0368,Name + DOB,Person P0368,NEIG-17333,58692,New Profile,Referral Only,,Johanna South,712020:3b2c2185-c76f-4d90-ad8c-9e260c73c318,Johanna South,712020:3b2c2185-c76f-4d90-ad8c-9e260c73c318,08/Jul/26 5:27 PM,04/Aug/26 10:18 AM,,Humana-Medicaid,JCPS,LMHA,SLCM,SNAP,Workforce-Underemployed,James Bryant,Johanna South,712020:7919ac37-40c1-4b22-a858-9d188e7777ec,712020:3b2c2185-c76f-4d90-ad8c-9e260c73c318,1,Louisville,SLCM,,White Castle ,0.0,"Employed, but need more hours and/or different work",,Not being evicted,Woman,Childcare Care Path,Financial Stability Care Path,,,Person with a physical or mental disability,,No,Rent - nothing past due,900.0,Humana,08/Jul/26 12:00 AM,Yes,Yong Zheng ,Issues with child care,Other,Reduction in hours at work,,,,Yes,Yes,,No,,4,1,No,Call,Text,Medicaid,English ,she/her,American Indian/Alaskan Native,0|i02xqv:,,,,,,An email with available resources and next steps,A phone call to further explain where you would like assistance,Yes,Food benefits - TANF/SNAP,Part-time employment,KY,LG&E,Yes,40215,2026-07-13 17:55:33.098,,13/Jul/26 1:55 PM;712020:7919ac37-40c1-4b22-a858-9d188e7777ec;Seeking LG&E and water assistance,,,,,,Done,04/Aug/26 10:18 AM
P0345,Name + DOB,Person P0345,NEIG-17311,58670,New Profile,Referral Only,,Johanna South,712020:3b2c2185-c76f-4d90-ad8c-9e260c73c318,Johanna South,712020:3b2c2185-c76f-4d90-ad8c-9e260c73c318,08/Jul/26 11:54 AM,04/Aug/26 9:41 AM,,Anthem,JCPS,JCPS-Employee,Passport,SAM,SNAP,James Bryant,Johanna South,712020:7919ac37-40c1-4b22-a858-9d188e7777ec,712020:3b2c2185-c76f-4d90-ad8c-9e260c73c318,1,louisville,SAM,,jcps,35.0,Other,Non-payment,Unknown,Woman,Financial Stability Care Path,,,,,,No,Rent- past due,524.0,Anthem,08/Jul/26 12:00 AM,Yes,the foundry apartments,Reduction in hours at work,Unexpected expense,,,Lost a job/had hours cut,751.0,Yes,Yes,,No,801.0,3,1,No,Text,,Employee-coverage,english,she/her,Black of African American,0|i02xlz:,Avoid an eviction,Get rental assistance,Stay out of court,,,An email with available resources and next steps,A phone call to further explain where you would like assistance,Yes,Food benefits - TANF/SNAP,Full-time employment,kentucky,LG&E,No,40216,2026-07-20 16:59:38.638,,20/Jul/26 12:59 PM;712020:7919ac37-40c1-4b22-a858-9d188e7777ec;Seeking $801 in rent assistance,,,,,,Done,04/Aug/26 9:41 AM
P0323,Name + DOB,Person P0323,NEIG-17242,58601,New Profile,Referral Only,,Johanna South,712020:3b2c2185-c76f-4d90-ad8c-9e260c73c318,Johanna South,712020:3b2c2185-c76f-4d90-ad8c-9e260c73c318,07/Jul/26 1:06 PM,04/Aug/26 9:16 AM,,Passport,SLCM,SSDI,Workforce-FinancialStability,,,James Bryant,Johanna South,712020:7919ac37-40c1-4b22-a858-9d188e7777ec,712020:3b2c2185-c76f-4d90-ad8c-9e260c73c318,3,Louisville,SLCM,,,40.0,Unemployed but want to find work,,Not being evicted,Woman,Childcare Care Path,Financial Stability Care Path,Food Care Path,Pregnancy/Postpartum Care Path,Person with a physical or mental disability,Pregnant or recently postpartum,No,Rent- past due,2500.0,Passport by Molina,07/Jul/26 12:00 AM,Yes,The Kensington ,Eviction,Reduction in hours at work,,,,,Yes,Yes,Passport,Yes,,2,2,No,Call,Text,Medicaid,English ,she/her,White,0|i02x6n:,,,,,,A phone call to further explain where you would like assistance,,No,Full-time employment,Social Security - SSI/SSDI,KY,LG&E,No,40214,2026-07-20 16:58:04.497,,20/Jul/26 12:58 PM;712020:7919ac37-40c1-4b22-a858-9d188e7777ec;Seeking LG&E assistance,,,,,,Done,04/Aug/26 9:16 AM
P0060,Name + DOB,Person P0060,NEIG-17230,58589,New Profile,Referral Only,,Johanna South,712020:3b2c2185-c76f-4d90-ad8c-9e260c73c318,Johanna South,712020:3b2c2185-c76f-4d90-ad8c-9e260c73c318,07/Jul/26 12:30 PM,04/Aug/26 9:13 AM,,Immigrant,JCPS,SLCM,Uninsured,,,James Bryant,Johanna South,712020:7919ac37-40c1-4b22-a858-9d188e7777ec,712020:3b2c2185-c76f-4d90-ad8c-9e260c73c318,0,Louisville ,SLCM,,,51.0,Unemployed but want to find work,,Not being evicted,Man,Children's Education,Children's Welfare (CPS),Financial Stability Care Path,Legal Assistance Care Path,,,No,Rent- past due,0.0,I don't know,07/Jul/26 12:00 AM,No,SUN RESIDENTIALS,Childbirth,Eviction,Job loss,Loss of job,,,Yes,Yes,,No,,2,0,No,Text,,,English,Other,Black of African American,0|i02x3z:,,,,,,An email with available resources and next steps,,No,No income,,Kentucky,I don't know,No,40214,2026-07-14 16:16:01.911,,"14/Jul/26 12:16 PM;712020:7919ac37-40c1-4b22-a858-9d188e7777ec;Unemployed single father of young children (5 and 7), seeking $950 in rent assistance",,,,,,Done,04/Aug/26 9:13 AM
P0116,Name + DOB,Person P0116,NEIG-17228,58587,New Profile,Referral Only,,Johanna South,712020:3b2c2185-c76f-4d90-ad8c-9e260c73c318,Johanna South,712020:3b2c2185-c76f-4d90-ad8c-9e260c73c318,07/Jul/26 12:19 PM,04/Aug/26 9:12 AM,,JCPS,Passport,SNAP,SVC,Workforce-FinancialStability,,James Bryant,Johanna South,712020:7919ac37-40c1-4b22-a858-9d188e7777ec,712020:3b2c2185-c76f-4d90-ad8c-9e260c73c318,5,Louisville,SVC,,Soulful Choices,38.0,Employed,,Not being evicted,Woman,,,,,,,No,Rent- past due,1500.0,Passport by Molina,07/Jul/26 12:00 AM,Yes,Samantha ,Loss of job,,,,,,Yes,Yes,,No,,4,1,No,Text,,Medicaid,English,she/her,Black of African American,0|i02x3j:,,,,,,A phone call to further explain where you would like assistance,,No,Food benefits - TANF/SNAP,Full-time employment,Ky ,LG&E,No,40212,2026-07-20 16:57:41.859,,20/Jul/26 12:57 PM;712020:7919ac37-40c1-4b22-a858-9d188e7777ec;Seeking LG&E assistance,,,,,,Done,04/Aug/26 9:12 AM
P0287,Name + DOB,Person P0287,NEIG-17217,58576,New Profile,Referral Only,,Johanna South,712020:3b2c2185-c76f-4d90-ad8c-9e260c73c318,Johanna South,712020:3b2c2185-c76f-4d90-ad8c-9e260c73c318,07/Jul/26 11:23 AM,04/Aug/26 9:10 AM,,JCPS,LMHA,Passport,SLCM,,,James Bryant,Johanna South,712020:7919ac37-40c1-4b22-a858-9d188e7777ec,712020:3b2c2185-c76f-4d90-ad8c-9e260c73c318,5,Louisville,SLCM,,,46.0,Unemployed but want to find work,,Not being evicted,Woman,Food Care Path,Transportation Care Path,,,Person with chronic health condition,Was/is in the foster care system,No,Rent - nothing past due,0.0,Passport by Molina,07/Jul/26 12:00 AM,Yes,Clearwater Properties ,Loss of job,Medical emergency or other health needs,Onset of disability,,,,Yes,Yes,,No,,3,3,No,,,Medicaid,English,she/her,White,0|i02x13:,,,,,,An email with available resources and next steps,,Yes,No income,Pension,Ky,LG&E,No,40214,2026-07-20 16:57:24.365,,20/Jul/26 12:57 PM;712020:7919ac37-40c1-4b22-a858-9d188e7777ec;Seeking LG&E assistance,,,,,,Done,04/Aug/26 9:10 AM
P0028,Name + DOB,Person P0028,NEIG-17209,58568,New Profile,Referral Only,,Johanna South,712020:3b2c2185-c76f-4d90-ad8c-9e260c73c318,Johanna South,712020:3b2c2185-c76f-4d90-ad8c-9e260c73c318,07/Jul/26 9:47 AM,04/Aug/26 9:09 AM,,Passport,SWCM,Workforce-Unemployed,,,,James Bryant,Johanna South,712020:7919ac37-40c1-4b22-a858-9d188e7777ec,712020:3b2c2185-c76f-4d90-ad8c-9e260c73c318,1,Louisville,SWCM,,St matthew’s pharmacy ,27.0,Employed,Non-payment,Currently being evicted,Woman,,,,,,,Yes,Rent- past due,0.0,Passport by Molina,07/Jul/26 12:00 AM,No,kennedy place townhomes,Job loss,Loss of job,,,Lost a job/had hours cut,1304.0,Yes,Yes,,No,1344.0,1,1,No,Call,Text,,english ,she/her,White,0|i02wzb:,Avoid an eviction,Get rental assistance,,,,An email with available resources and next steps,A phone call to further explain where you would like assistance,No,No income,,KY,,No,40272,2026-07-08 16:56:17.221,,08/Jul/26 12:56 PM;712020:7919ac37-40c1-4b22-a858-9d188e7777ec;Seeking $1344 while in between jobs,,,,,,Done,04/Aug/26 9:09 AM
P0181,Name + DOB,Person P0181,NEIG-17190,58549,New Profile,Referral Only,,Johanna South,712020:3b2c2185-c76f-4d90-ad8c-9e260c73c318,Johanna South,712020:3b2c2185-c76f-4d90-ad8c-9e260c73c318,06/Jul/26 5:25 PM,04/Aug/26 9:01 AM,,Eviction_Court,SLCM,SNAP,Winterwood,Workforce-FinancialStability,,James Bryant,Johanna South,712020:7919ac37-40c1-4b22-a858-9d188e7777ec,712020:3b2c2185-c76f-4d90-ad8c-9e260c73c318,0,Louisville,SLCM,30/Jul/26 12:00 AM,Chewy,29.0,Employed,Non-payment,Unknown,Woman,Financial Stability Care Path,,,,Person with a physical or mental disability,Person with chronic health condition,No,Rent- past due,2500.0,Passport by Molina,06/Jul/26 12:00 AM,No,Overlook Terraces,Issues with child care,Medical emergency or other health needs,,,Other,1200.0,Yes,Yes,,No,5000.0,2,2,No,Call,Text,Medicaid,English,she/her,White,0|i02wv3:,Avoid an eviction,Come up with a plan to pay back rent,Get rental assistance,Stay out of court,48.0,A phone call to further explain where you would like assistance,,No,Food benefits - TANF/SNAP,Full-time employment,Ky,,No,40214,2026-07-08 15:48:56.29,,08/Jul/26 11:48 AM;712020:7919ac37-40c1-4b22-a858-9d188e7777ec;Seeking $5000 towards rent as well as LG&E assistance,04/Aug/26 9:01 AM;712020:7919ac37-40c1-4b22-a858-9d188e7777ec;Client was able to pay LG&E herself and was able to start getting money put towards rent,,,,,Done,04/Aug/26 9:01 AM
P0054,Name + DOB,Person P0054,NEIG-17167,58526,New Profile,Referral Only,,Johanna South,712020:3b2c2185-c76f-4d90-ad8c-9e260c73c318,Johanna South,712020:3b2c2185-c76f-4d90-ad8c-9e260c73c318,06/Jul/26 12:47 PM,04/Aug/26 8:56 AM,,ChronicHealthCondition,Passport,SLCM,SSDI,,,James Bryant,Johanna South,712020:7919ac37-40c1-4b22-a858-9d188e7777ec,712020:3b2c2185-c76f-4d90-ad8c-9e260c73c318,1,Louisville,SLCM,,,28.0,Unemployed and not looking for work,,Not being evicted,Woman,Financial Stability Care Path,Transportation Care Path,,,Person with a physical or mental disability,Person with chronic health condition,No,Unhoused,894.0,Passport by Molina,06/Jul/26 12:00 AM,Yes,,Household member left,Loss of accessible transportation,,,,,Yes,Yes,,No,,1,1,No,Call,Text,Medicaid,English,she/her,White,0|i02wpz:,,,,,,An email with available resources and next steps,A phone call to further explain where you would like assistance,No,Social Security - SSI/SSDI,,Kentucky,LG&E,Yes,40215,2026-07-08 19:31:04.065,,08/Jul/26 3:31 PM;712020:7919ac37-40c1-4b22-a858-9d188e7777ec;Client seeking assistance paying off old LG&E and water bills,,,,,,Done,04/Aug/26 8:56 AM
P0085,Name + DOB,Person P0085,NEIG-17154,58513,New Profile,Referral Only,,Johanna South,712020:3b2c2185-c76f-4d90-ad8c-9e260c73c318,Johanna South,712020:3b2c2185-c76f-4d90-ad8c-9e260c73c318,06/Jul/26 12:42 PM,04/Aug/26 8:50 AM,,Caretaker,Eviction_Court,JCPS,LMHA,Passport,SVC,James Bryant,Johanna South,712020:7919ac37-40c1-4b22-a858-9d188e7777ec,712020:3b2c2185-c76f-4d90-ad8c-9e260c73c318,3,Louisville ,SVC,14/Jul/26 12:00 AM,N/a,36.0,Unemployed but want to find work,Non-payment,Currently being evicted,Woman,Behavioral Health Care Path,Financial Stability Care Path,Intimate Partner Violence Victim Care Path,Social Support,,,No,Rent- past due,0.0,Passport by Molina,06/Jul/26 12:00 AM,Yes,Synergy ,Household member left,Incarceration,Loss of accessible transportation,,Other,123.0,Yes,Yes,Legal aid,Yes,760.0,3,1,No,Call,Text,Medicaid,English ,she/her,Black of African American,0|i02wn3:,Avoid an eviction,Come up with a plan to pay back rent,Get rental assistance,Stay out of court,,An email with available resources and next steps,,Yes,No income,,Ky,LG&E,Yes,40212,2026-07-08 13:55:22.263,,"08/Jul/26 9:55 AM;712020:7919ac37-40c1-4b22-a858-9d188e7777ec;Seeking employment, rent assistance, and LG&E assistance",,,,,,Done,04/Aug/26 8:50 AM
P0147,Name + DOB,Person P0147,NEIG-17143,58502,New Profile,Referral Only,,Johanna South,712020:3b2c2185-c76f-4d90-ad8c-9e260c73c318,Johanna South,712020:3b2c2185-c76f-4d90-ad8c-9e260c73c318,06/Jul/26 12:39 PM,04/Aug/26 9:15 AM,,Humana-Medicaid,JCPS,SLCM,Workforce-Underemployed,,,James Bryant,Johanna South,712020:7919ac37-40c1-4b22-a858-9d188e7777ec,712020:3b2c2185-c76f-4d90-ad8c-9e260c73c318,2,Fairdale,SLCM,,Usps,36.0,"Employed, but need more hours and/or different work",,Not being evicted,Woman,Behavioral Health Care Path,Childcare Care Path,Children's Education,Financial Stability Care Path,Person with a physical or mental disability,Was/is in the foster care system,No,Rent - nothing past due,1200.0,Humana,06/Jul/26 12:00 AM,Yes,Raul Hernandez ,Death in the family,Issues with child care,Reduction in hours at work,,,,Yes,Yes,No one. I'm in need utility assistance asap.,No,,2,1,No,Call,Text,Medicaid,English ,she/her,White,0|i02wkn:,,,,,,An email with available resources and next steps,A phone call to further explain where you would like assistance,No,Part-time employment,,KY,LG&E,Yes,40118,2026-07-21 12:36:26.906,,21/Jul/26 8:36 AM;712020:7919ac37-40c1-4b22-a858-9d188e7777ec;Seeking LG&E and water assistance,,,,,,Done,04/Aug/26 9:15 AM
P0371,Name + DOB,Person P0371,NEIG-17123,58482,New Profile,Referral Only,,Johanna South,712020:3b2c2185-c76f-4d90-ad8c-9e260c73c318,Johanna South,712020:3b2c2185-c76f-4d90-ad8c-9e260c73c318,06/Jul/26 11:34 AM,04/Aug/26 8:39 AM,,Caretaker,LGBTQIA+,MUSCL,Under500toStabilizae,United,Workforce-Unemployed,James Bryant,Johanna South,712020:7919ac37-40c1-4b22-a858-9d188e7777ec,712020:3b2c2185-c76f-4d90-ad8c-9e260c73c318,1,Louisville ,MUSCL,,,27.0,Unemployed but want to find work,,Not being evicted,Woman,Childcare Care Path,Children's Education,,,LGBTQIA+,,No,Rent- past due,400.0,United Healthcare,06/Jul/26 12:00 AM,Yes,Lashandra Lockhart,Loss of accessible transportation,Loss of job,,,,,Yes,Yes,,Yes,,1,1,No,Call,Text,Medicaid,English ,she/her,Black of African American,0|i02wg7:,,,,,,An email with available resources and next steps,A phone call to further explain where you would like assistance,No,,,Kentucky ,LG&E,No,40219,2026-07-08 19:08:38.909,,08/Jul/26 3:08 PM;712020:7919ac37-40c1-4b22-a858-9d188e7777ec;$397.85 to reconnect LG&E,04/Aug/26 8:39 AM;712020:7919ac37-40c1-4b22-a858-9d188e7777ec;Client found her own way to pay the LG&E,,,,,Done,04/Aug/26 8:38 AM
P0313,Name + DOB,Person P0313,NEIG-17114,58473,New Profile,Referral Only,,Johanna South,712020:3b2c2185-c76f-4d90-ad8c-9e260c73c318,Johanna South,712020:3b2c2185-c76f-4d90-ad8c-9e260c73c318,06/Jul/26 10:55 AM,04/Aug/26 8:35 AM,,JCPS,SLCM,Uninsured,Workforce-FinancialStability,,,James Bryant,Johanna South,712020:7919ac37-40c1-4b22-a858-9d188e7777ec,712020:3b2c2185-c76f-4d90-ad8c-9e260c73c318,2,Louisville ,SLCM,,Metro security ,27.0,"Employed, but need more hours and/or different work",Non-payment,Unknown,Woman,Childcare Care Path,Children's Education,Financial Stability Care Path,Food Care Path,,,No,Rent- past due,2500.0,I don't know,06/Jul/26 12:00 AM,No,Sara Washburn ,Eviction,Incarceration,Issues with child care,Loss of accessible transportation,Lost a job/had hours cut,1334.0,Yes,Yes,,Yes,1660.0,2,1,No,Call,Text,,English ,she/her,Black of African American,0|i02we7:,Avoid an eviction,Come up with a plan to pay back rent,Get rental assistance,Stay out of court,53.36,An email with available resources and next steps,A phone call to further explain where you would like assistance,No,Full-time employment,,Ky ,,No,40118,2026-07-08 13:16:48.761,,08/Jul/26 9:16 AM;712020:7919ac37-40c1-4b22-a858-9d188e7777ec;Seeking $1601 rent assist,,,,,,Done,04/Aug/26 8:35 AM
P0091,"Name only (matched existing person, DOB missing)",Person P0091,NEIG-17113,58472,Rent Assistance Care Path,External Org to Complete Goal,,James Bryant,712020:7919ac37-40c1-4b22-a858-9d188e7777ec,James Bryant,712020:7919ac37-40c1-4b22-a858-9d188e7777ec,06/Jul/26 10:36 AM,06/Jul/26 10:36 AM,,JCPS,Passport,SLCM,Workforce-FinancialStability,,,James Bryant,,712020:7919ac37-40c1-4b22-a858-9d188e7777ec,,0,,,,,,,,,,,,,,,,,,,,,No,,,,,,,,No,No,,,,,,,,,,,,,0|i02wdz:,,,,,,,,,,,,,No,,,,06/Jul/26 10:36 AM;712020:7919ac37-40c1-4b22-a858-9d188e7777ec;JB referred to KTAP,,,57290.0,NEIG-16331,Chelsea j Locke ,Done,06/Jul/26 10:36 AM
P0258,Name + DOB,Person P0258,NEIG-17106,58465,New Profile,Referral Only,,Johanna South,712020:3b2c2185-c76f-4d90-ad8c-9e260c73c318,Johanna South,712020:3b2c2185-c76f-4d90-ad8c-9e260c73c318,06/Jul/26 10:28 AM,04/Aug/26 8:33 AM,,ChronicHealthCondition,JCPS,Passport,SLCM,SNAP,Workforce-Unemployed,James Bryant,Johanna South,712020:7919ac37-40c1-4b22-a858-9d188e7777ec,712020:3b2c2185-c76f-4d90-ad8c-9e260c73c318,2,Louisville,SLCM,12/Aug/26 12:00 AM,Norton healthcare ,25.0,Unemployed but want to find work,I don't know,Unknown,Woman,Financial Stability Care Path,Legal Assistance Care Path,,,Person with chronic health condition,,Yes,Rent- past due,0.0,Passport by Molina,06/Jul/26 12:00 AM,Yes,Crossings at South Park ,Job loss,Loss of job,Medical emergency or other health needs,,Lost a job/had hours cut,1402.0,Yes,Yes,,No,2525.0,2,1,No,Text,,Medicaid,English,she/her,Black of African American,0|i02wcf:,Avoid an eviction,Come up with a plan to pay back rent,Get rental assistance,Landlord fixes my home,,,,No,Food benefits - TANF/SNAP,No income,Ky,LG&E,No,40118,2026-07-08 15:41:38.694,,08/Jul/26 11:41 AM;712020:7919ac37-40c1-4b22-a858-9d188e7777ec;Seeking $1000 towards rent as well as LG&E assistance,,,,,,Done,04/Aug/26 8:33 AM
P0385,"Name only (matched existing person, DOB missing)",Person P0385,NEIG-17105,58464,Rent Assistance Care Path,External Org to Complete Goal,,James Bryant,712020:7919ac37-40c1-4b22-a858-9d188e7777ec,James Bryant,712020:7919ac37-40c1-4b22-a858-9d188e7777ec,06/Jul/26 10:26 AM,06/Jul/26 10:26 AM,,JCPS,LMHA,Passport,SLCM,SNAP,,James Bryant,,712020:7919ac37-40c1-4b22-a858-9d188e7777ec,,0,,,,,,,,,,,,,,,,,,,,,No,,,,,,,,No,No,,,,,,,,,,,,,0|i02wc7:,,,,,,,,,,,,,No,,,,06/Jul/26 10:26 AM;712020:7919ac37-40c1-4b22-a858-9d188e7777ec;KTAP,,,56989.0,NEIG-16058,Tynekia Marie Randolph ,Done,06/Jul/26 10:26 AM
P0399,"Name only (no DOB, no other match)",Person P0399,NEIG-17104,58463,Basic Supplies,External Org to Complete Goal,,James Bryant,712020:7919ac37-40c1-4b22-a858-9d188e7777ec,James Bryant,712020:7919ac37-40c1-4b22-a858-9d188e7777ec,06/Jul/26 10:23 AM,06/Jul/26 10:23 AM,,JCPS,LMHA,Passport,SLCM,SNAP,Workforce-Underemployed,James Bryant,,712020:7919ac37-40c1-4b22-a858-9d188e7777ec,,0,,,,,,,,,,,,,,,,,,,,,No,,,,,,,,No,No,,,,,,,,,,,,,0|i02wbz:,,,,,,,,,,,,,No,,,,06/Jul/26 10:23 AM;712020:7919ac37-40c1-4b22-a858-9d188e7777ec;JB referred to NYSINYD and Goodwill,,,56791.0,NEIG-15860,Tynedra Johnson,Done,06/Jul/26 10:23 AM
P0400,"Name only (no DOB, no other match)",Person P0400,NEIG-17103,58462,Basic Supplies,External Org to Complete Goal,,James Bryant,712020:7919ac37-40c1-4b22-a858-9d188e7777ec,James Bryant,712020:7919ac37-40c1-4b22-a858-9d188e7777ec,06/Jul/26 10:22 AM,06/Jul/26 10:24 AM,,JCPS,LMHA,Passport,SLCM,SNAP,Workforce-Underemployed,James Bryant,,712020:7919ac37-40c1-4b22-a858-9d188e7777ec,,0,,,,,,,,,,,,,,,,,,,,,No,,,,,,,,No,No,,,,,,,,,,,,,0|i02wbr:,,,,,,,,,,,,,No,,,,"06/Jul/26 10:24 AM;712020:7919ac37-40c1-4b22-a858-9d188e7777ec;JB referred to FRYSC, IRM, GBI, Golden Arrow, and HANDS",,,56791.0,NEIG-15860,Tynedra Johnson,Done,06/Jul/26 10:23 AM
P0401,"Name only (no DOB, no other match)",Person P0401,NEIG-17102,58461,Rent Assistance Care Path,External Org to Complete Goal,,James Bryant,712020:7919ac37-40c1-4b22-a858-9d188e7777ec,James Bryant,712020:7919ac37-40c1-4b22-a858-9d188e7777ec,06/Jul/26 10:22 AM,06/Jul/26 10:23 AM,,JCPS,LMHA,Passport,SLCM,SNAP,Workforce-Underemployed,James Bryant,,712020:7919ac37-40c1-4b22-a858-9d188e7777ec,,0,,,,,,,,,,,,,,,,,,,,,No,,,,,,,,No,No,,,,,,,,,,,,,0|i02wbj:,,,,,,,,,,,,,No,,,,06/Jul/26 10:23 AM;712020:7919ac37-40c1-4b22-a858-9d188e7777ec;JB referred to KTAP,,,56791.0,NEIG-15860,Tynedra Johnson,Done,06/Jul/26 10:23 AM
P0242,Name + DOB,Person P0242,NEIG-17092,58451,New Profile,Referral Only,,Johanna South,712020:3b2c2185-c76f-4d90-ad8c-9e260c73c318,Johanna South,712020:3b2c2185-c76f-4d90-ad8c-9e260c73c318,06/Jul/26 9:51 AM,13/Jul/26 9:53 AM,,Immigrant,JCPS,SLCM,Workforce-FinancialStability,,,James Bryant,Janeth Zuniga,712020:7919ac37-40c1-4b22-a858-9d188e7777ec,712020:f8eb390c-3085-4236-9559-538a8b52e972,3,Louisville,SLCM,,,26.0,Unemployed but want to find work,,Not being evicted,Woman,Transportation Care Path,,,,Refugee or Immigrant,,,Rent - nothing past due,3200.0,Other,06/Jul/26 12:00 AM,No,,Reduction in hours at work,,,,,,Yes,Yes,,No,,2,2,No,Call,Text,,Spanish,,,0|i02w9b:,,,,,,An email with available resources and next steps,A phone call to further explain where you would like assistance,No,Full-time employment,,KY,,No,40214,2026-07-07 15:04:10.831,,07/Jul/26 11:04 AM;712020:7919ac37-40c1-4b22-a858-9d188e7777ec;[~accountid:712020:f8eb390c-3085-4236-9559-538a8b52e972] Could you call her too?,13/Jul/26 9:53 AM;712020:f8eb390c-3085-4236-9559-538a8b52e972;Jz- advise client to reach out to The Housing Stabilization Program as client is needing help with future rent.,,,,,Done,13/Jul/26 9:50 AM
P0197,"Name only (matched existing person, DOB missing)",Person P0197,NEIG-17073,58432,Rent Assistance Care Path,External Org to Complete Goal,,James Bryant,712020:7919ac37-40c1-4b22-a858-9d188e7777ec,James Bryant,712020:7919ac37-40c1-4b22-a858-9d188e7777ec,06/Jul/26 8:42 AM,06/Jul/26 8:43 AM,,SLCM,Workforce-FinancialStability,,,,,James Bryant,,712020:7919ac37-40c1-4b22-a858-9d188e7777ec,,0,,,,,,,,,,,,,,,,,,,,,No,,,,,,,,No,No,,,,,,,,,,,,,0|i02w53:,,,,,,,,,,,,,No,,,,06/Jul/26 8:43 AM;712020:7919ac37-40c1-4b22-a858-9d188e7777ec;JB referred to Salvation Army,,,57353.0,NEIG-16394,Jeovony d hearn,Done,06/Jul/26 8:43 AM
P0197,"Name only (matched existing person, DOB missing)",Person P0197,NEIG-17072,58431,Food Care Path,External Org to Complete Goal,Done,James Bryant,712020:7919ac37-40c1-4b22-a858-9d188e7777ec,James Bryant,712020:7919ac37-40c1-4b22-a858-9d188e7777ec,06/Jul/26 8:42 AM,06/Jul/26 8:44 AM,06/Jul/26 8:44 AM,SLCM,Workforce-FinancialStability,,,,,James Bryant,,712020:7919ac37-40c1-4b22-a858-9d188e7777ec,,0,,,,,,,,,,,,,,,,,,,,,No,,,,,,,,No,No,,,,,,,,,,,,,0|i02w4v:,,,,,,,,,,,,,No,,,10013_*:*_1_*:*_124416_*|*_10034_*:*_1_*:*_0,06/Jul/26 8:44 AM;712020:7919ac37-40c1-4b22-a858-9d188e7777ec;SLCM and Dare to Care,,,57353.0,NEIG-16394,Jeovony d hearn,Done,06/Jul/26 8:44 AM
P0395,"Name only (matched existing person, DOB missing)",Person P0395,NEIG-17068,58427,House Navigation Care Path,External Org to Complete Goal,Done,James Bryant,712020:7919ac37-40c1-4b22-a858-9d188e7777ec,James Bryant,712020:7919ac37-40c1-4b22-a858-9d188e7777ec,06/Jul/26 8:32 AM,06/Jul/26 8:33 AM,06/Jul/26 8:32 AM,CLCM,Uninsured,Workforce-FinancialStability,Young-adult,,,James Bryant,,712020:7919ac37-40c1-4b22-a858-9d188e7777ec,,0,,,,,,,,,,,,,,,,,,,,,No,,,,,,,,No,No,,,,,,,,,,,,,0|i02w3z:,,,,,,,,,,,,,No,,,10013_*:*_1_*:*_35761_*|*_10034_*:*_1_*:*_0,06/Jul/26 8:33 AM;712020:7919ac37-40c1-4b22-a858-9d188e7777ec;JB referred to Stacy Harris,,,57318.0,NEIG-16359,Zariah E scott ,Done,06/Jul/26 8:33 AM
P0395,"Name only (matched existing person, DOB missing)",Person P0395,NEIG-17067,58426,Rent Assistance Care Path,External Org to Complete Goal,,James Bryant,712020:7919ac37-40c1-4b22-a858-9d188e7777ec,James Bryant,712020:7919ac37-40c1-4b22-a858-9d188e7777ec,06/Jul/26 8:32 AM,06/Jul/26 8:32 AM,,CLCM,Uninsured,Workforce-FinancialStability,Young-adult,,,James Bryant,,712020:7919ac37-40c1-4b22-a858-9d188e7777ec,,0,,,,,,,,,,,,,,,,,,,,,No,,,,,,,,No,No,,,,,,,,,,,,,0|i02w3r:,,,,,,,,,,,,,No,,,,06/Jul/26 8:32 AM;712020:7919ac37-40c1-4b22-a858-9d188e7777ec;JB referred to Salvation Army and KTAP,,,57318.0,NEIG-16359,Zariah E scott ,Done,06/Jul/26 8:32 AM
P0286,"Name only (matched existing person, DOB missing)",Person P0286,NEIG-17066,58425,Transportation Care Path,External Org to Complete Goal,,James Bryant,712020:7919ac37-40c1-4b22-a858-9d188e7777ec,James Bryant,712020:7919ac37-40c1-4b22-a858-9d188e7777ec,06/Jul/26 8:25 AM,06/Jul/26 8:26 AM,,JCPS,LMHA,SLCM,SNAP,,,James Bryant,,712020:7919ac37-40c1-4b22-a858-9d188e7777ec,,0,,,,,,,,,,,,,,,,,,,,,No,,,,,,,,No,No,,,,,,,,,,,,,0|i02w3j:,,,,,,,,,,,,,No,,,,06/Jul/26 8:26 AM;712020:7919ac37-40c1-4b22-a858-9d188e7777ec;JB referred to SLCM for tarc tickets,,,57301.0,NEIG-16342,Miracle Richardson ,Done,06/Jul/26 8:25 AM
P0286,"Name only (matched existing person, DOB missing)",Person P0286,NEIG-17065,58424,Child Care Path,External Org to Complete Goal,,James Bryant,712020:7919ac37-40c1-4b22-a858-9d188e7777ec,James Bryant,712020:7919ac37-40c1-4b22-a858-9d188e7777ec,06/Jul/26 8:25 AM,06/Jul/26 8:25 AM,,JCPS,LMHA,SLCM,SNAP,,,James Bryant,,712020:7919ac37-40c1-4b22-a858-9d188e7777ec,,0,,,,,,,,,,,,,,,,,,,,,No,,,,,,,,No,No,,,,,,,,,,,,,0|i02w3b:,,,,,,,,,,,,,No,,,,06/Jul/26 8:25 AM;712020:7919ac37-40c1-4b22-a858-9d188e7777ec;JB referred to Thrive By 5,,,57301.0,NEIG-16342,Miracle Richardson ,Done,06/Jul/26 8:25 AM
P0286,"Name only (matched existing person, DOB missing)",Person P0286,NEIG-17064,58423,Other,External Org to Complete Goal,,James Bryant,712020:7919ac37-40c1-4b22-a858-9d188e7777ec,James Bryant,712020:7919ac37-40c1-4b22-a858-9d188e7777ec,06/Jul/26 8:25 AM,06/Jul/26 8:26 AM,,JCPS,LMHA,SLCM,SNAP,,,James Bryant,,712020:7919ac37-40c1-4b22-a858-9d188e7777ec,,0,,,,,,,,,,,,,,,,,,,,,No,,,,,,,,No,No,,,,,,,,,,,,,0|i02w33:,,,,,,,,,,,,,No,,,,06/Jul/26 8:26 AM;712020:7919ac37-40c1-4b22-a858-9d188e7777ec;JB referred to KHS pet retention team,,,57301.0,NEIG-16342,Miracle Richardson ,Done,06/Jul/26 8:26 AM
P0276,"Name only (matched existing person, DOB missing)",Person P0276,NEIG-17062,58421,Rent Assistance Care Path,Friction Point,,James Bryant,712020:7919ac37-40c1-4b22-a858-9d188e7777ec,James Bryant,712020:7919ac37-40c1-4b22-a858-9d188e7777ec,06/Jul/26 8:19 AM,24/Jul/26 3:02 PM,,Caretaker,Immigrant,JCPS,SLCM,United,,James Bryant,,712020:7919ac37-40c1-4b22-a858-9d188e7777ec,,0,,,,,,,,,,,,,,,,,,,,,No,,,,,,,,No,No,,,,,,,,,,,,,0|i02w2n:,,,,,,,,,,,,,No,,,,06/Jul/26 8:20 AM;712020:7919ac37-40c1-4b22-a858-9d188e7777ec;KTAP,,,57105.0,NEIG-16174,Medi Msafiri,In Progress,24/Jul/26 3:02 PM
P0306,"Name only (matched existing person, DOB missing)",Person P0306,NEIG-17059,58418,Rent Assistance Care Path,External Org to Complete Goal,,James Bryant,712020:7919ac37-40c1-4b22-a858-9d188e7777ec,James Bryant,712020:7919ac37-40c1-4b22-a858-9d188e7777ec,06/Jul/26 8:09 AM,06/Jul/26 8:10 AM,,Caretaker,HeritageGreen,JCPS,Passport,SLCM,SNAP,James Bryant,,712020:7919ac37-40c1-4b22-a858-9d188e7777ec,,0,,,,,,,,,,,,,,,,,,,,,No,,,,,,,,No,No,,,,,,,,,,,,,0|i02w1z:,,,,,,,,,,,,,No,,,,06/Jul/26 8:10 AM;712020:7919ac37-40c1-4b22-a858-9d188e7777ec;JB referred to KTAP FAST,,,57574.0,NEIG-16615,Priscella A Hirsch,Done,06/Jul/26 8:09 AM
P0096,Name + DOB,Person P0096,NEIG-17025,58384,New Profile,Follow Up,,Johanna South,712020:3b2c2185-c76f-4d90-ad8c-9e260c73c318,Johanna South,712020:3b2c2185-c76f-4d90-ad8c-9e260c73c318,05/Jul/26 10:18 AM,03/Aug/26 3:58 PM,,JCPS,SLCM,SNAP,Under500toStabilizae,,,James Bryant,Johanna South,712020:7919ac37-40c1-4b22-a858-9d188e7777ec,712020:3b2c2185-c76f-4d90-ad8c-9e260c73c318,3,Louisville ,SLCM,,Park Duvall ,27.0,Employed,Non-payment,Unknown,Woman,Childcare Care Path,Pregnancy/Postpartum Care Path,,,Pregnant or recently postpartum,,No,Rent- past due,2400.0,Passport by Molina,05/Jul/26 12:00 AM,Yes,Krystal ,Other,Reduction in hours at work,,,Unexpected expense,1318.0,Yes,Yes,Liheap referred me ,Yes,1318.0,3,0,No,Text,,Medicaid,,she/her,Black of African American,0|i02vuf:,Avoid an eviction,Come up with a plan to pay back rent,Get rental assistance,Other,54.917,An email with available resources and next steps,A phone call to further explain where you would like assistance,No,Food benefits - TANF/SNAP,Full-time employment,Ky,LG&E,Yes,40214,2026-07-08 15:37:52.198,,08/Jul/26 11:37 AM;712020:7919ac37-40c1-4b22-a858-9d188e7777ec;Seeking $1444 towards rent and LG&E assistance,08/Jul/26 3:49 PM;712020:7919ac37-40c1-4b22-a858-9d188e7777ec;150 by 7/15 to prevent disconnection,,,,,In Progress,08/Jul/26 8:06 AM
P0015,Name + DOB,Person P0015,NEIG-17021,58380,New Profile,Referral Only,,Johanna South,712020:3b2c2185-c76f-4d90-ad8c-9e260c73c318,Johanna South,712020:3b2c2185-c76f-4d90-ad8c-9e260c73c318,05/Jul/26 8:52 AM,04/Aug/26 10:00 AM,,FCHV,Workforce-FinancialStability,,,,,James Bryant,Johanna South,712020:7919ac37-40c1-4b22-a858-9d188e7777ec,712020:3b2c2185-c76f-4d90-ad8c-9e260c73c318,1,Louisville,FCHV,,Newcare of Louisville ,26.0,"Employed, but need more hours and/or different work",Non-payment,Currently being evicted,Woman,,,,,Pregnant or recently postpartum,,Yes,Rent- past due,2500.0,Passport by Molina,05/Jul/26 12:00 AM,No,,Eviction,Other,Reduction in hours at work,,Lost a job/had hours cut,1025.0,Yes,Yes,,No,4500.0,2,1,No,Text,,Medicaid,English,she/her,Black of African American,0|i02vtj:,Avoid an eviction,Find new housing,Get rental assistance,,41.0,An email with available resources and next steps,A phone call to further explain where you would like assistance,No,Full-time employment,,Kentucky,LG&E,No,40218,2026-07-08 13:13:41.623,,08/Jul/26 9:13 AM;712020:7919ac37-40c1-4b22-a858-9d188e7777ec;Client seeking $4873.52 towards past due rent,04/Aug/26 9:39 AM;712020:7919ac37-40c1-4b22-a858-9d188e7777ec;Client was able to get rent bill down to $302,,,,,Done,04/Aug/26 9:39 AM
P0195,Name + DOB,Person P0195,NEIG-17018,58374,New Profile,Referral Only,,Johanna South,712020:3b2c2185-c76f-4d90-ad8c-9e260c73c318,Johanna South,712020:3b2c2185-c76f-4d90-ad8c-9e260c73c318,04/Jul/26 1:04 AM,03/Aug/26 3:58 PM,,Aetna,Caretaker,FCHV,SNAP,WellCare,Workforce-FinancialStability,James Bryant,Johanna South,712020:7919ac37-40c1-4b22-a858-9d188e7777ec,712020:3b2c2185-c76f-4d90-ad8c-9e260c73c318,4,Louisville ,,,,20.0,Unemployed but want to find work,,Not being evicted,Woman,Financial Stability Care Path,,,,Pregnant or recently postpartum,,No,Rent - nothing past due,2000.0,Aetna,04/Jul/26 12:00 AM,No,,Childbirth,,,,,,Yes,Yes,,No,,1,4,No,Text,,Medicaid,Spanish ,she/her,,0|i02vsv:,,,,,,An email with available resources and next steps,A phone call to further explain where you would like assistance,No,Food benefits - TANF/SNAP,Full-time employment,Kentucky ,,No,40291,2026-07-20 16:54:40.312,,20/Jul/26 12:54 PM;712020:7919ac37-40c1-4b22-a858-9d188e7777ec;Client seeking direct financial assistance (not vendor payment),,,,,,Done,03/Aug/26 3:58 PM
P0009,Name + DOB,Person P0009,NEIG-17011,58360,New Profile,Referral Only,,Johanna South,712020:3b2c2185-c76f-4d90-ad8c-9e260c73c318,Johanna South,712020:3b2c2185-c76f-4d90-ad8c-9e260c73c318,03/Jul/26 10:05 PM,03/Aug/26 3:58 PM,,CLCM,JCPS,Workforce-Underemployed,,,,James Bryant,Johanna South,712020:7919ac37-40c1-4b22-a858-9d188e7777ec,712020:3b2c2185-c76f-4d90-ad8c-9e260c73c318,3,Louisville ,CLCM,,I start a new job in 2 weeks DDR Logistics LLC,27.0,Other,Non-payment,Currently being evicted,Woman,Financial Stability Care Path,Food Care Path,Pregnancy/Postpartum Care Path,Transportation Care Path,Pregnant or recently postpartum,,Yes,Rent- past due,600.0,Passport by Molina,04/Jul/26 12:00 AM,Yes,FS Houses,Childbirth,Eviction,Job loss,Loss of accessible transportation,Lost a job/had hours cut,730.0,Yes,Yes,,Yes,1600.0,2,2,No,Text,,Medicaid,English,she/her,White,0|i02vrb:,Avoid an eviction,Get rental assistance,Stay out of court,,121.667,An email with available resources and next steps,,No,No income,Part-time employment,Kentucky,LG&E,No,40208,2026-07-20 16:54:12.292,,"20/Jul/26 12:54 PM;712020:7919ac37-40c1-4b22-a858-9d188e7777ec;Seeking rent assistance, fell behind due to illness",,,,,,Done,03/Aug/26 3:58 PM
P0073,Name + DOB,Person P0073,NEIG-16998,58334,New Profile,Referral Only,,Johanna South,712020:3b2c2185-c76f-4d90-ad8c-9e260c73c318,Johanna South,712020:3b2c2185-c76f-4d90-ad8c-9e260c73c318,03/Jul/26 7:25 PM,03/Aug/26 3:54 PM,,Humana-Medicaid,SAM,Workforce-FinancialStability,,,,Johanna South,,712020:3b2c2185-c76f-4d90-ad8c-9e260c73c318,,0,Louisville,SAM,,touched By An Angel Childcare ,29.0,Employed,,Not being evicted,Woman,,,,,Pregnant or recently postpartum,,No,Rent - nothing past due,1500.0,Humana,03/Jul/26 12:00 AM,No,Laurel At The Woodlands ,Childbirth,,,,,,Yes,Yes,No,No,,0,1,No,Call,Text,Medicaid,English ,,Black of African American,0|i02vof:,,,,,,An email with available resources and next steps,A phone call to further explain where you would like assistance,No,Full-time employment,,Ky,,No,40216,,,,,,,,,Done,03/Aug/26 3:54 PM
P0101,Name + DOB,Person P0101,NEIG-16993,58324,New Profile,Follow Up,,Johanna South,712020:3b2c2185-c76f-4d90-ad8c-9e260c73c318,Johanna South,712020:3b2c2185-c76f-4d90-ad8c-9e260c73c318,03/Jul/26 3:32 PM,10/Aug/26 3:13 PM,,Passport,SLCM,Workforce-Underemployed,,,,James Bryant,Johanna South,712020:7919ac37-40c1-4b22-a858-9d188e7777ec,712020:3b2c2185-c76f-4d90-ad8c-9e260c73c318,1,Louisville ,SLCM,,Self Employement ,43.0,"Employed, but need more hours and/or different work",,Not being evicted,Woman,Behavioral Health Care Path,Food Care Path,Social Support,,Person with a physical or mental disability,Person with chronic health condition,No,Rent - nothing past due,700.0,Passport by Molina,03/Jul/26 12:00 AM,No,Cheri ,Medical emergency or other health needs,Other,Reduction in hours at work,Unexpected expense,,,Yes,Yes,,No,,1,1,No,Call,,Medicaid,English,she/her,White,0|i02vnb:,,,,,,A phone call to further explain where you would like assistance,,No,Other,Part-time employment,Ky,,No,40214,2026-07-31 19:22:02.39,,31/Jul/26 3:22 PM;712020:7919ac37-40c1-4b22-a858-9d188e7777ec;Unresponsive to three methods of contact,"10/Aug/26 3:13 PM;712020:7919ac37-40c1-4b22-a858-9d188e7777ec;Struggling with rent, trying to find assistance with $600 or more towards $1200. JB referred to KTAP, due to client not keeping proper records of self-employment hours/income",,,,,In Progress,10/Aug/26 3:13 PM
P0136,Name + DOB,Person P0136,NEIG-16958,58254,New Profile,Referral Only,,Johanna South,712020:3b2c2185-c76f-4d90-ad8c-9e260c73c318,Johanna South,712020:3b2c2185-c76f-4d90-ad8c-9e260c73c318,02/Jul/26 5:34 PM,03/Aug/26 3:35 PM,,LMHA,SLCM,Workforce-Unemployed,,,,James Bryant,Johanna South,712020:7919ac37-40c1-4b22-a858-9d188e7777ec,712020:3b2c2185-c76f-4d90-ad8c-9e260c73c318,5,Louisville ,SLCM,,,26.0,Unemployed but want to find work,,Not being evicted,Woman,,,,,,,No,Rent - nothing past due,0.0,Passport by Molina,02/Jul/26 12:00 AM,Yes,Cardinal hill apartments ,Reduction in or loss of benefits,Unexpected expense,,,,,Yes,Yes,,No,,1,1,No,Call,Text,Medicaid,English ,she/her,White,0|i02vfj:,,,,,,An email with available resources and next steps,A phone call to further explain where you would like assistance,Yes,Food benefits - TANF/SNAP,,KY,LG&E,No,40214,2026-07-08 14:51:42.815,,08/Jul/26 10:51 AM;712020:7919ac37-40c1-4b22-a858-9d188e7777ec;Seeking LG&E assistance but not at risk of disconnection,03/Aug/26 3:35 PM;712020:7919ac37-40c1-4b22-a858-9d188e7777ec;JB referred to ZeroV,,,,,Done,03/Aug/26 3:35 PM
P0388,Name + DOB,Person P0388,NEIG-16948,58234,New Profile,Referral Only,,Johanna South,712020:3b2c2185-c76f-4d90-ad8c-9e260c73c318,Johanna South,712020:3b2c2185-c76f-4d90-ad8c-9e260c73c318,02/Jul/26 2:48 PM,03/Aug/26 3:39 PM,,JCPS,SNAP,SVC,Workforce-Unemployed,,,James Bryant,Johanna South,712020:7919ac37-40c1-4b22-a858-9d188e7777ec,712020:3b2c2185-c76f-4d90-ad8c-9e260c73c318,3,Louisville,SVC,,,38.0,Unemployed and not looking for work,I don't know,Currently being evicted,Woman,Transportation Care Path,,,,,,Yes,Rent- past due,5600.0,Passport by Molina,02/Jul/26 12:00 AM,No,Mathis Brothers,Reduction in hours at work,,,,Lost a job/had hours cut,450.0,Yes,Yes,,Yes,6500.0,2,2,No,Call,Text,Medicaid,English ,Prefer not to answer,White,0|i02vdb:,Come up with a plan to pay back rent,Find new housing,Get more time to move out,Get rental assistance,8.036,An email with available resources and next steps,,No,Food benefits - TANF/SNAP,Full-time employment,KENTUCKY,,No,40212,2026-07-20 16:52:07.171,,20/Jul/26 12:52 PM;712020:7919ac37-40c1-4b22-a858-9d188e7777ec;Seeking landlord mediation,,,,,,Done,03/Aug/26 3:39 PM
P0310,Name + DOB,Person P0310,NEIG-16936,58210,New Profile,Referral Only,,Johanna South,712020:3b2c2185-c76f-4d90-ad8c-9e260c73c318,Johanna South,712020:3b2c2185-c76f-4d90-ad8c-9e260c73c318,02/Jul/26 12:15 PM,03/Aug/26 3:38 PM,,SLCM,United,Workforce-FinancialStability,,,,Johanna South,,712020:3b2c2185-c76f-4d90-ad8c-9e260c73c318,,1,Louisville ,SLCM,,Logans treehouse ,26.0,"Employed, but need more hours and/or different work",,Not being evicted,Woman,Financial Stability Care Path,Food Care Path,,,,,No,Rent- past due,2000.0,United Healthcare,02/Jul/26 12:00 AM,No,Sharon landrum ,,,,,,,Yes,Yes,,No,,1,1,No,Text,,Medicaid,English,she/her,Prefer not to answer,0|i02van:,,,,,,An email with available resources and next steps,,No,Full-time employment,,Ky,,No,40214,,,,,,,,,Done,03/Aug/26 3:38 PM
P0121,Name + DOB,Person P0121,NEIG-16923,58184,New Profile,Referral Only,,Johanna South,712020:3b2c2185-c76f-4d90-ad8c-9e260c73c318,Johanna South,712020:3b2c2185-c76f-4d90-ad8c-9e260c73c318,02/Jul/26 10:15 AM,03/Aug/26 3:31 PM,,Caretaker,JCPS,LGBTQIA+,LMHA,SSDI,WLCM,Johanna South,,712020:3b2c2185-c76f-4d90-ad8c-9e260c73c318,,1,Louisville,WLCM,31/Jul/26 12:00 AM,CareBuilders ,33.0,Employed,Other,Currently being evicted,Woman,Legal Assistance Care Path,,,,LGBTQIA+,Person with a physical or mental disability,Yes,Rent- past due,1300.0,Passport by Molina,02/Jul/26 12:00 AM,No,Alan,Death in the family,Eviction,Loss of accessible transportation,Medical emergency or other health needs,Withheld rent because of problems with my housing,1600.0,Yes,Yes,,No,,4,5,No,Call,Text,Medicaid,English ,she/her,Black of African American,0|i02v7r:,Find new housing,Get my security deposit back,,,123.077,An email with available resources and next steps,A phone call to further explain where you would like assistance,Yes,Part-time employment,Social Security - SSI/SSDI,KY,LG&E,No,40210,,,,,,,,,Done,03/Aug/26 3:31 PM
P0378,Name + DOB,Person P0378,NEIG-16919,58176,New Profile,Referral Only,,Johanna South,712020:3b2c2185-c76f-4d90-ad8c-9e260c73c318,Johanna South,712020:3b2c2185-c76f-4d90-ad8c-9e260c73c318,02/Jul/26 9:55 AM,03/Aug/26 3:30 PM,,Immigrant,Medicaid,SLCM,Workforce-Unemployed,,,James Bryant,Janeth Zuniga,712020:7919ac37-40c1-4b22-a858-9d188e7777ec,712020:f8eb390c-3085-4236-9559-538a8b52e972,3,Louisville,SLCM,,,26.0,Unemployed but want to find work,Non-payment,Unknown,Man,Financial Stability Care Path,,,,,,No,Rent- past due,0.0,I don't know,02/Jul/26 12:00 AM,No,,Job loss,,,,Lost a job/had hours cut,1200.0,Yes,Yes,,No,2.0,1,2,No,Text,,Medicaid,,he/him,,0|i02v6v:,Avoid an eviction,Come up with a plan to pay back rent,Get rental assistance,Stay out of court,,An email with available resources and next steps,A phone call to further explain where you would like assistance,No,No income,,Kentucky ,LG&E,Yes,40215,2026-07-07 15:12:46.182,,07/Jul/26 11:12 AM;712020:7919ac37-40c1-4b22-a858-9d188e7777ec;[~accountid:712020:f8eb390c-3085-4236-9559-538a8b52e972] Could you call him?,"07/Jul/26 11:26 AM;712020:f8eb390c-3085-4236-9559-538a8b52e972;JZ made contact Tomas he is needing help with rent for the month of July of 1,200 JZ text Tomas information on The Housing Stabilization Program to Apply July 14,2026 @ 9:00am ",,,,,Done,03/Aug/26 3:30 PM
P0303,Name + DOB,Person P0303,NEIG-16909,58156,New Profile,Referral Only,,Johanna South,712020:3b2c2185-c76f-4d90-ad8c-9e260c73c318,Johanna South,712020:3b2c2185-c76f-4d90-ad8c-9e260c73c318,02/Jul/26 8:56 AM,03/Aug/26 3:28 PM,,JCPS,LMHA,Passport,SAM,Workforce-FinancialStability,,James Bryant,Johanna South,712020:7919ac37-40c1-4b22-a858-9d188e7777ec,712020:3b2c2185-c76f-4d90-ad8c-9e260c73c318,3,Louisville ,SAM,,GE,31.0,Employed,,Not being evicted,Woman,,,,,,,No,Rent - nothing past due,1200.0,Passport by Molina,02/Jul/26 12:00 AM,Yes,Not sure ,,,,,,,Yes,Yes,,No,,3,1,No,Call,Text,Medicaid,English ,she/her,Black of African American,0|i02v4n:,,,,,,An email with available resources and next steps,A phone call to further explain where you would like assistance,Yes,Part-time employment,,Ky,LG&E,No,40216,2026-07-07 12:41:42.631,,"07/Jul/26 8:41 AM;712020:7919ac37-40c1-4b22-a858-9d188e7777ec;Client reports needing assistance with utility bills due to LMHA utility stipend running out, JB recommended KTAP",,,,,,Done,03/Aug/26 3:28 PM
P0172,Name + DOB,Person P0172,NEIG-16897,58132,New Profile,Referral Only,,Johanna South,712020:3b2c2185-c76f-4d90-ad8c-9e260c73c318,Johanna South,712020:3b2c2185-c76f-4d90-ad8c-9e260c73c318,01/Jul/26 7:27 PM,03/Aug/26 3:25 PM,,Caretaker,JCPS,LMHA,Passport,SAM,SNAP,James Bryant,Johanna South,712020:7919ac37-40c1-4b22-a858-9d188e7777ec,712020:3b2c2185-c76f-4d90-ad8c-9e260c73c318,1,Louisville,,,,25.0,Unemployed but want to find work,,Not being evicted,Woman,Financial Stability Care Path,Pregnancy/Postpartum Care Path,Transportation Care Path,,Pregnant or recently postpartum,,Yes,Rent- past due,426.0,Passport by Molina,01/Jul/26 12:00 AM,No,,Childbirth,Job loss,Loss of accessible transportation,,,,Yes,Yes,,No,,3,1,No,Call,Text,Medicaid,English ,she/her,Black of African American,0|i02v1z:,,,,,,An email with available resources and next steps,A phone call to further explain where you would like assistance,Yes,Food benefits - TANF/SNAP,,Ky,Water,Yes,40216,2026-07-02 14:11:36.9,,"02/Jul/26 10:11 AM;712020:7919ac37-40c1-4b22-a858-9d188e7777ec;Seeking infant supplies, gas cards, and deposit assistance",,,,,,Done,03/Aug/26 3:25 PM
P0285,"Name only (matched existing person, DOB missing)",Person P0285,NEIG-16888,58114,Digital Access,External Org to Complete Goal,,James Bryant,712020:7919ac37-40c1-4b22-a858-9d188e7777ec,James Bryant,712020:7919ac37-40c1-4b22-a858-9d188e7777ec,01/Jul/26 4:24 PM,01/Jul/26 4:25 PM,,Passport,SSDI,WLCM,Workforce-FinancialStability,,,James Bryant,,712020:7919ac37-40c1-4b22-a858-9d188e7777ec,,0,,,,,,,,,,,,,,,,,,,,,No,,,,,,,,No,No,,,,,,,,,,,,,0|i02uzz:,,,,,,,,,,,,,No,,,,"01/Jul/26 4:25 PM;712020:7919ac37-40c1-4b22-a858-9d188e7777ec;JB recommended KTAP, Child Support, and switching to a Lifeline Phone Provider",,,57491.0,NEIG-16532,mikiyah parrish,Done,01/Jul/26 4:25 PM
P0008,Name + DOB,Person P0008,NEIG-16886,58110,New Profile,Referral Only,,Johanna South,712020:3b2c2185-c76f-4d90-ad8c-9e260c73c318,Johanna South,712020:3b2c2185-c76f-4d90-ad8c-9e260c73c318,01/Jul/26 4:21 PM,03/Aug/26 3:14 PM,,JCPS,Passport,SAM,SNAP,Workforce-FinancialStability,,James Bryant,Johanna South,712020:7919ac37-40c1-4b22-a858-9d188e7777ec,712020:3b2c2185-c76f-4d90-ad8c-9e260c73c318,2,Louisville,SAM,,Jefferson County Public School,28.0,Employed,,Not being evicted,Woman,,,,,,,No,Rent- past due,29000.0,Passport by Molina,01/Jul/26 12:00 AM,Yes,Laurel at the Woodlands,Loss of job,Other,,,,,Yes,Yes,,Yes,,2,1,No,Call,Text,Medicaid,English,she/her,Black of African American,0|i02uzj:,,,,,,An email with available resources and next steps,A phone call to further explain where you would like assistance,No,Food benefits - TANF/SNAP,Full-time employment,Kentucky,LG&E,No,40216,2026-07-02 14:17:44.385,,02/Jul/26 10:17 AM;712020:7919ac37-40c1-4b22-a858-9d188e7777ec;Seeking rent assistance,,,,,,Done,03/Aug/26 3:14 PM
P0187,"Name only (matched existing person, DOB missing)",Person P0187,NEIG-16883,58104,Rent Assistance Care Path,External Org to Complete Goal,,James Bryant,712020:7919ac37-40c1-4b22-a858-9d188e7777ec,James Bryant,712020:7919ac37-40c1-4b22-a858-9d188e7777ec,01/Jul/26 3:54 PM,01/Jul/26 3:54 PM,,Caretaker,SVC,Uninsured,Workforce-Unemployed,,,James Bryant,,712020:7919ac37-40c1-4b22-a858-9d188e7777ec,,0,,,,,,,,,,,,,,,,,,,,,No,,,,,,,,No,No,,,,,,,,,,,,,0|i02uyv:,,,,,,,,,,,,,No,,,,01/Jul/26 3:54 PM;712020:7919ac37-40c1-4b22-a858-9d188e7777ec;JB referred to Salvation Army and SVC,,,57264.0,NEIG-16305,Jaquez Stewart ,Done,01/Jul/26 3:54 PM
P0217,"Name only (matched existing person, DOB missing)",Person P0217,NEIG-16882,58102,Legal Assistance Care Path,External Org to Complete Goal,,James Bryant,712020:7919ac37-40c1-4b22-a858-9d188e7777ec,James Bryant,712020:7919ac37-40c1-4b22-a858-9d188e7777ec,01/Jul/26 3:50 PM,01/Jul/26 3:51 PM,,Caretaker,MUSCL,Passport,Workforce-Unemployed,Young-adult,,James Bryant,,712020:7919ac37-40c1-4b22-a858-9d188e7777ec,,0,,,,,,,,,,,,,,,,,,,,,No,,,,,,,,No,No,,,,,,,,,,,,,0|i02uyn:,,,,,,,,,,,,,No,,,,"01/Jul/26 3:51 PM;712020:7919ac37-40c1-4b22-a858-9d188e7777ec;JB showed client how to check CourtNet, and instructed her to apply with Legal Aid as soon as she actually has a court date",,,57260.0,NEIG-16301,Justine Doria hall ,Done,01/Jul/26 3:50 PM
P0217,"Name only (matched existing person, DOB missing)",Person P0217,NEIG-16881,58100,Rent Assistance Care Path,External Org to Complete Goal,,James Bryant,712020:7919ac37-40c1-4b22-a858-9d188e7777ec,James Bryant,712020:7919ac37-40c1-4b22-a858-9d188e7777ec,01/Jul/26 3:49 PM,01/Jul/26 3:50 PM,,Caretaker,MUSCL,Passport,Workforce-Unemployed,Young-adult,,James Bryant,,712020:7919ac37-40c1-4b22-a858-9d188e7777ec,,0,,,,,,,,,,,,,,,,,,,,,No,,,,,,,,No,No,,,,,,,,,,,,,0|i02uyf:,,,,,,,,,,,,,No,,,,01/Jul/26 3:50 PM;712020:7919ac37-40c1-4b22-a858-9d188e7777ec;JB referred to Housing Stabilization,,,57260.0,NEIG-16301,Justine Doria hall ,Done,01/Jul/26 3:50 PM
P0170,Name + DOB,Person P0170,NEIG-16877,58092,New Profile,Referral Only,,Johanna South,712020:3b2c2185-c76f-4d90-ad8c-9e260c73c318,Johanna South,712020:3b2c2185-c76f-4d90-ad8c-9e260c73c318,01/Jul/26 3:40 PM,03/Aug/26 3:13 PM,,EACM,JCPS,Passport,SNAP,Workforce-FinancialStability,,James Bryant,Johanna South,712020:7919ac37-40c1-4b22-a858-9d188e7777ec,712020:3b2c2185-c76f-4d90-ad8c-9e260c73c318,8,Prospect,EACM,,"JCPS, Teacher ",27.0,Employed,,Not being evicted,Woman,,,,,,,No,Rent - nothing past due,1500.0,Passport by Molina,01/Jul/26 12:00 AM,Yes,Daniel XU,Reduction in hours at work,,,,,,Yes,Yes,"Shiny Varughese, eastern area community ministries, svarughese@eacmonline.org ",Yes,,More than 5,2,No,Call,Text,Medicaid,English ,she/her,Black of African American,0|i02uxj:,,,,,,An email with available resources and next steps,A phone call to further explain where you would like assistance,No,Food benefits - TANF/SNAP,Full-time employment,KY,LG&E,No,40059,2026-07-02 14:52:18.266,,"02/Jul/26 10:52 AM;712020:7919ac37-40c1-4b22-a858-9d188e7777ec;Seeking rent, utility, and food assistance. Client has 7 kids and is in school. Client is also a teacher.",,,,,,Done,03/Aug/26 3:13 PM
P0049,"Name only (matched existing person, DOB missing)",Person P0049,NEIG-16876,58090,Rent Assistance Care Path,External Org to Complete Goal,,James Bryant,712020:7919ac37-40c1-4b22-a858-9d188e7777ec,James Bryant,712020:7919ac37-40c1-4b22-a858-9d188e7777ec,01/Jul/26 3:37 PM,01/Jul/26 3:38 PM,,ChronicHealthCondition,SLCM,Uninsured,Workforce-Unemployed,,,James Bryant,,712020:7919ac37-40c1-4b22-a858-9d188e7777ec,,0,,,,,,,,,,,,,,,,,,,,,No,,,,,,,,No,No,,,,,,,,,,,,,0|i02uxb:,,,,,,,,,,,,,No,,,,01/Jul/26 3:38 PM;712020:7919ac37-40c1-4b22-a858-9d188e7777ec;JB referred to Housing Stabilization,,,57207.0,NEIG-16248,Austin James carman ,Done,01/Jul/26 3:38 PM
P0026,Name + DOB,Person P0026,NEIG-16874,58086,New Profile,Referral Only,,Johanna South,712020:3b2c2185-c76f-4d90-ad8c-9e260c73c318,Johanna South,712020:3b2c2185-c76f-4d90-ad8c-9e260c73c318,01/Jul/26 3:37 PM,03/Aug/26 3:11 PM,,SLCM,United,Workforce-FinancialStability,Young-adult,,,James Bryant,Johanna South,712020:7919ac37-40c1-4b22-a858-9d188e7777ec,712020:3b2c2185-c76f-4d90-ad8c-9e260c73c318,1,Louisville,SLCM,,Norton healthcare ,21.0,"Employed, but need more hours and/or different work",,Not being evicted,Woman,,,,,,,No,Rent - nothing past due,2900.0,United Healthcare,01/Jul/26 12:00 AM,No,The kingstoning,Reduction in hours at work,,,,,,Yes,Yes,,Yes,,1,1,No,Call,Text,Medicaid,,she/her,Prefer not to answer,0|i02uwv:,,,,,,An email with available resources and next steps,A phone call to further explain where you would like assistance,No,Part-time employment,,Ky,I don't know,No,40214,2026-07-02 14:05:31.279,,"02/Jul/26 10:05 AM;712020:7919ac37-40c1-4b22-a858-9d188e7777ec;Seeking rent assistance, owes $980",,,,,,Done,03/Aug/26 3:11 PM
P0049,"Name only (matched existing person, DOB missing)",Person P0049,NEIG-16873,58084,Utility Care Path,External Org to Complete Goal,Done,James Bryant,712020:7919ac37-40c1-4b22-a858-9d188e7777ec,James Bryant,712020:7919ac37-40c1-4b22-a858-9d188e7777ec,01/Jul/26 3:36 PM,01/Jul/26 3:37 PM,01/Jul/26 3:37 PM,ChronicHealthCondition,SLCM,Uninsured,Workforce-Unemployed,,,James Bryant,,712020:7919ac37-40c1-4b22-a858-9d188e7777ec,,0,,,,,,,,,,,,,,,,,,,,,No,,,,,,,,No,No,,,,,,,,,,,,,0|i02uwn:,,,,,,,,,,,,,No,,,10013_*:*_1_*:*_61835_*|*_10034_*:*_1_*:*_0,01/Jul/26 3:37 PM;712020:7919ac37-40c1-4b22-a858-9d188e7777ec;JB referred to Salvation Army,,,57207.0,NEIG-16248,Austin James carman ,Done,01/Jul/26 3:37 PM
P0049,"Name only (matched existing person, DOB missing)",Person P0049,NEIG-16872,58082,Legal Assistance Care Path,External Org to Complete Goal,,James Bryant,712020:7919ac37-40c1-4b22-a858-9d188e7777ec,James Bryant,712020:7919ac37-40c1-4b22-a858-9d188e7777ec,01/Jul/26 3:36 PM,01/Jul/26 3:37 PM,,ChronicHealthCondition,SLCM,Uninsured,Workforce-Unemployed,,,James Bryant,,712020:7919ac37-40c1-4b22-a858-9d188e7777ec,,0,,,,,,,,,,,,,,,,,,,,,No,,,,,,,,No,No,,,,,,,,,,,,,0|i02uwf:,,,,,,,,,,,,,No,,,,01/Jul/26 3:37 PM;712020:7919ac37-40c1-4b22-a858-9d188e7777ec;JB referred to Legal Aid and [~accountid:712020:2f98e9e5-2c81-42f2-b0df-230c6c90c56e] for family court/custody issues,,,57207.0,NEIG-16248,Austin James carman ,Done,01/Jul/26 3:37 PM
P0157,"Name only (matched existing person, DOB missing)",Person P0157,NEIG-16871,58080,Rent Assistance Care Path,External Org to Complete Goal,,James Bryant,712020:7919ac37-40c1-4b22-a858-9d188e7777ec,James Bryant,712020:7919ac37-40c1-4b22-a858-9d188e7777ec,01/Jul/26 3:35 PM,01/Jul/26 3:36 PM,,HeritageGreen,SLCM,WellCare,Workforce-FinancialStability,,,James Bryant,,712020:7919ac37-40c1-4b22-a858-9d188e7777ec,,0,,,,,,,,,,,,,,,,,,,,,No,,,,,,,,No,No,,,,,,,,,,,,,0|i02uw7:,,,,,,,,,,,,,No,,,,01/Jul/26 3:35 PM;712020:7919ac37-40c1-4b22-a858-9d188e7777ec;JB referred to KTAP Salvation Army and Housing Stabilization,,,57174.0,NEIG-16215,Heather r bruce,Done,01/Jul/26 3:35 PM
P0036,"Name only (matched existing person, DOB missing)",Person P0036,NEIG-16867,58072,Legal Assistance Care Path,External Org to Complete Goal,,James Bryant,712020:7919ac37-40c1-4b22-a858-9d188e7777ec,James Bryant,712020:7919ac37-40c1-4b22-a858-9d188e7777ec,01/Jul/26 3:29 PM,01/Jul/26 3:30 PM,,Aetna,Caretaker,ChronicHealthCondition,JCPS,MUSCL,SNAP,James Bryant,,712020:7919ac37-40c1-4b22-a858-9d188e7777ec,,0,,,,,,,,,,,,,,,,,,,,,No,,,,,,,,No,No,,,,,,,,,,,,,0|i02uvb:,,,,,,,,,,,,,No,,,,"01/Jul/26 3:30 PM;712020:7919ac37-40c1-4b22-a858-9d188e7777ec;JB instructed client on how to check court date, and encouraged them to sign up with Legal Aid if one shows up",,,57111.0,NEIG-16180,Ariana Faye mozee,Done,01/Jul/26 3:30 PM
P0336,"Name only (matched existing person, DOB missing)",Person P0336,NEIG-16865,58068,Rent Assistance Care Path,External Org to Complete Goal,,James Bryant,712020:7919ac37-40c1-4b22-a858-9d188e7777ec,James Bryant,712020:7919ac37-40c1-4b22-a858-9d188e7777ec,01/Jul/26 3:27 PM,01/Jul/26 3:27 PM,,AdvocacyStoryShareOffer,Caretaker,ChronicHealthCondition,HeritageGreen,JCPS,LMHA,James Bryant,,712020:7919ac37-40c1-4b22-a858-9d188e7777ec,,0,,,,,,,,,,,,,,,,,,,,,No,,,,,,,,No,No,,,,,,,,,,,,,0|i02uuv:,,,,,,,,,,,,,No,,,,01/Jul/26 3:27 PM;712020:7919ac37-40c1-4b22-a858-9d188e7777ec;EACM and HOPE,,,57102.0,NEIG-16171,Seville Shirley,Done,01/Jul/26 3:27 PM
P0159,"Name only (matched existing person, DOB missing)",Person P0159,NEIG-16862,58062,House Navigation Care Path,External Org to Complete Goal,Done,James Bryant,712020:7919ac37-40c1-4b22-a858-9d188e7777ec,James Bryant,712020:7919ac37-40c1-4b22-a858-9d188e7777ec,01/Jul/26 3:21 PM,01/Jul/26 3:21 PM,01/Jul/26 3:21 PM,Caretaker,Eviction_Court,SLCM,,,,James Bryant,,712020:7919ac37-40c1-4b22-a858-9d188e7777ec,,0,,,,,,,,,,,,,,,,,,,,,No,,,,,,,,No,No,,,,,,,,,,,,,0|i02uu7:,,,,,,,,,,,,,No,,,10013_*:*_1_*:*_7111_*|*_10034_*:*_1_*:*_0,,,,57095.0,NEIG-16164,Iesha Faye Phillips,Done,01/Jul/26 3:21 PM
P0402,"Name only (no DOB, no other match)",Person P0402,NEIG-16861,58060,Rent Assistance Care Path,External Org to Complete Goal,,James Bryant,712020:7919ac37-40c1-4b22-a858-9d188e7777ec,James Bryant,712020:7919ac37-40c1-4b22-a858-9d188e7777ec,01/Jul/26 3:17 PM,01/Jul/26 3:17 PM,,Caretaker,LGBTQIA+,Passport,SLCM,Workforce-FinancialStability,Young-adult,James Bryant,,712020:7919ac37-40c1-4b22-a858-9d188e7777ec,,0,,,,,,,,,,,,,,,,,,,,,No,,,,,,,,No,No,,,,,,,,,,,,,0|i02utz:,,,,,,,,,,,,,No,,,,01/Jul/26 3:17 PM;712020:7919ac37-40c1-4b22-a858-9d188e7777ec;JB referred to Sweet Evening Breeze,,,57093.0,NEIG-16162,Alexianna sandrea rojene hazley ,Done,01/Jul/26 3:17 PM
P0254,"Name only (matched existing person, DOB missing)",Person P0254,NEIG-16854,58046,Rent Assistance Care Path,External Org to Complete Goal,,James Bryant,712020:7919ac37-40c1-4b22-a858-9d188e7777ec,James Bryant,712020:7919ac37-40c1-4b22-a858-9d188e7777ec,01/Jul/26 2:56 PM,01/Jul/26 2:56 PM,,JCPS,Passport,SLCM,SNAP,SSDI,,James Bryant,,712020:7919ac37-40c1-4b22-a858-9d188e7777ec,,0,,,,,,,,,,,,,,,,,,,,,No,,,,,,,,No,No,,,,,,,,,,,,,0|i02usf:,,,,,,,,,,,,,No,,,,01/Jul/26 2:56 PM;712020:7919ac37-40c1-4b22-a858-9d188e7777ec;JB referred to Housing Stabilization and Salvation Army,,,56900.0,NEIG-15969,Lakitea C. Gordon,Done,01/Jul/26 2:56 PM
P0254,"Name only (matched existing person, DOB missing)",Person P0254,NEIG-16853,58044,Medical Costs or Bills,Goal No Longer Wanted,Won't Do,James Bryant,712020:7919ac37-40c1-4b22-a858-9d188e7777ec,James Bryant,712020:7919ac37-40c1-4b22-a858-9d188e7777ec,01/Jul/26 2:55 PM,01/Jul/26 2:56 PM,01/Jul/26 2:56 PM,JCPS,Passport,SLCM,SNAP,SSDI,,James Bryant,,712020:7919ac37-40c1-4b22-a858-9d188e7777ec,,0,,,,,,,,,,,,,,,,,,,,,No,,,,,,,,No,No,,,,,,,,,,,,,0|i02us7:,,,,,,,,,,,,,No,,,10013_*:*_1_*:*_23684_*|*_10026_*:*_1_*:*_0,,,,56900.0,NEIG-15969,Lakitea C. Gordon,Done,01/Jul/26 2:56 PM
P0220,"Name only (matched existing person, DOB missing)",Person P0220,NEIG-16846,58030,Rent Assistance Care Path,External Org to Complete Goal,,James Bryant,712020:7919ac37-40c1-4b22-a858-9d188e7777ec,James Bryant,712020:7919ac37-40c1-4b22-a858-9d188e7777ec,01/Jul/26 2:44 PM,01/Jul/26 2:45 PM,,Aetna,SLCM,SNAP,United,Young-adult,,James Bryant,,712020:7919ac37-40c1-4b22-a858-9d188e7777ec,,0,,,,,,,,,,,,,,,,,,,,,No,,,,,,,,No,No,,,,,,,,,,,,,0|i02uqn:,,,,,,,,,,,,,No,,,,01/Jul/26 2:45 PM;712020:7919ac37-40c1-4b22-a858-9d188e7777ec;JB referred to Housing Stabilization,,,56758.0,NEIG-15827,Kaelin M Strong,Done,01/Jul/26 2:45 PM
P0213,"Name only (matched existing person, DOB missing)",Person P0213,NEIG-16842,58022,Rent Assistance Care Path,External Org to Complete Goal,,James Bryant,712020:7919ac37-40c1-4b22-a858-9d188e7777ec,James Bryant,712020:7919ac37-40c1-4b22-a858-9d188e7777ec,01/Jul/26 2:38 PM,01/Jul/26 2:38 PM,,SNAP,SVC,United,,,,James Bryant,,712020:7919ac37-40c1-4b22-a858-9d188e7777ec,,0,,,,,,,,,,,,,,,,,,,,,No,,,,,,,,No,No,,,,,,,,,,,,,0|i02upr:,,,,,,,,,,,,,No,,,,01/Jul/26 2:38 PM;712020:7919ac37-40c1-4b22-a858-9d188e7777ec;JB referred to KTAP and Hope and Door,,,56649.0,NEIG-15718,Josie Renee,Done,01/Jul/26 2:38 PM
P0081,"Name only (matched existing person, DOB missing)",Person P0081,NEIG-16837,58012,House Navigation Care Path,External Org to Complete Goal,Done,James Bryant,712020:7919ac37-40c1-4b22-a858-9d188e7777ec,James Bryant,712020:7919ac37-40c1-4b22-a858-9d188e7777ec,01/Jul/26 2:25 PM,01/Jul/26 2:25 PM,01/Jul/26 2:25 PM,Eviction_Court,Passport,SLCM,SNAP,Young-adult,,James Bryant,,712020:7919ac37-40c1-4b22-a858-9d188e7777ec,,0,,,,,,,,,,,,,,,,,,,,,No,,,,,,,,No,No,,,,,,,,,,,,,0|i02uon:,,,,,,,,,,,,,No,,,10013_*:*_1_*:*_15611_*|*_10034_*:*_1_*:*_0,01/Jul/26 2:25 PM;712020:7919ac37-40c1-4b22-a858-9d188e7777ec;JB referred to Stacy Harris and KTAP RAP,,,56613.0,NEIG-15682,Brooklyn E Brangers,Done,01/Jul/26 2:25 PM
P0363,"Name only (matched existing person, DOB missing)",Person P0363,NEIG-16835,58008,Basic Supplies,External Org to Complete Goal,,James Bryant,712020:7919ac37-40c1-4b22-a858-9d188e7777ec,James Bryant,712020:7919ac37-40c1-4b22-a858-9d188e7777ec,01/Jul/26 2:19 PM,01/Jul/26 2:19 PM,,Caretaker,Passport,SNAP,WLCM,,,James Bryant,,712020:7919ac37-40c1-4b22-a858-9d188e7777ec,,0,,,,,,,,,,,,,,,,,,,,,No,,,,,,,,No,No,,,,,,,,,,,,,0|i02uo7:,,,,,,,,,,,,,No,,,,01/Jul/26 2:19 PM;712020:7919ac37-40c1-4b22-a858-9d188e7777ec;JB referred to NYSINYD and Goodwill,,,56603.0,NEIG-15672,Tannie Denise Woodson,Done,01/Jul/26 2:19 PM
P0363,"Name only (matched existing person, DOB missing)",Person P0363,NEIG-16834,58006,Other,Goal No Longer Needed,Won't Do,James Bryant,712020:7919ac37-40c1-4b22-a858-9d188e7777ec,James Bryant,712020:7919ac37-40c1-4b22-a858-9d188e7777ec,01/Jul/26 2:18 PM,01/Jul/26 2:18 PM,01/Jul/26 2:18 PM,Caretaker,Passport,SNAP,WLCM,,,James Bryant,,712020:7919ac37-40c1-4b22-a858-9d188e7777ec,,0,,,,,,,,,,,,,,,,,,,,,No,,,,,,,,No,No,,,,,,,,,,,,,0|i02unz:,,,,,,,,,,,,,No,,,10013_*:*_1_*:*_53493_*|*_10025_*:*_1_*:*_0,,,,56603.0,NEIG-15672,Tannie Denise Woodson,Done,01/Jul/26 2:18 PM
P0356,"Name only (matched existing person, DOB missing)",Person P0356,NEIG-16817,57972,Rent Assistance Care Path,External Org to Complete Goal,,James Bryant,712020:7919ac37-40c1-4b22-a858-9d188e7777ec,James Bryant,712020:7919ac37-40c1-4b22-a858-9d188e7777ec,01/Jul/26 10:39 AM,01/Jul/26 10:39 AM,,Caretaker,HeritageGreen,JCPS,LMHA,Passport,SLCM,James Bryant,,712020:7919ac37-40c1-4b22-a858-9d188e7777ec,,0,,,,,,,,,,,,,,,,,,,,,No,,,,,,,,No,No,,,,,,,,,,,,,0|i02uk7:,,,,,,,,,,,,,No,,,,01/Jul/26 10:39 AM;712020:7919ac37-40c1-4b22-a858-9d188e7777ec;JB referred to Salvation Army and KTAP,,,56508.0,NEIG-15604,Sydnei A Epperson,Done,01/Jul/26 10:39 AM
P0273,Name + DOB,Person P0273,NEIG-16806,57950,New Profile,Unable to Contact,,Johanna South,712020:3b2c2185-c76f-4d90-ad8c-9e260c73c318,Johanna South,712020:3b2c2185-c76f-4d90-ad8c-9e260c73c318,01/Jul/26 8:01 AM,03/Aug/26 3:09 PM,,Cancer,Caretaker,JCPS,LMHA,Passport,SLCM,James Bryant,Johanna South,712020:7919ac37-40c1-4b22-a858-9d188e7777ec,712020:3b2c2185-c76f-4d90-ad8c-9e260c73c318,1,Louisville,SLCM,,,45.0,Unemployed and not looking for work,,Not being evicted,Woman,Food Care Path,,,,Person with a physical or mental disability,Person with cancer,No,Rent - nothing past due,900.0,Passport by Molina,01/Jul/26 12:00 AM,Yes,M&w management  mr phill,Death in the family,Other,Unexpected expense,,,,Yes,Yes,,No,,3,3,No,Call,Text,Medicaid,English ,she/her,White,0|i02uhr:,,,,,,An email with available resources and next steps,A phone call to further explain where you would like assistance,Yes,Food benefits - TANF/SNAP,Part-time employment,Ky,LG&E,No,40208,2026-07-20 16:50:50.737,,20/Jul/26 12:50 PM;712020:7919ac37-40c1-4b22-a858-9d188e7777ec;Seeking LG&E assistance but stopped responding,,,,,,Done,03/Aug/26 3:09 PM
P0080,Name + DOB,Person P0080,NEIG-16785,57908,New Profile,Referral Only,,Johanna South,712020:3b2c2185-c76f-4d90-ad8c-9e260c73c318,Johanna South,712020:3b2c2185-c76f-4d90-ad8c-9e260c73c318,30/Jun/26 11:39 PM,03/Aug/26 3:04 PM,,FCHV,JCPS,SNAP,Workforce-FinancialStability,,,James Bryant,Johanna South,712020:7919ac37-40c1-4b22-a858-9d188e7777ec,712020:3b2c2185-c76f-4d90-ad8c-9e260c73c318,3,Louisville ,FCHV,22/Jul/26 12:00 AM,Ovec ,39.0,Employed,Non-payment,Currently being evicted,Woman,Financial Stability Care Path,Food Care Path,Transportation Care Path,,Person with a physical or mental disability,Person with chronic health condition,Yes,Rent- past due,2500.0,Passport by Molina,01/Jul/26 12:00 AM,No,Sun residential ,Loss of accessible transportation,Medical emergency or other health needs,Other,,Other,1100.0,Yes,Yes,Legal aid,No,3000.0,2,2,No,Call,Text,Medicaid,English ,she/her,Black of African American,0|i02ud3:,Avoid an eviction,Come up with a plan to pay back rent,Get rental assistance,Stay out of court,44.0,An email with available resources and next steps,A phone call to further explain where you would like assistance,No,Food benefits - TANF/SNAP,Full-time employment,KY,LG&E,Yes,40218,2026-07-02 14:12:05.784,,02/Jul/26 10:12 AM;712020:7919ac37-40c1-4b22-a858-9d188e7777ec;Seeking rent assistance or eviction-friendly housing providers,,,,,,Done,03/Aug/26 3:04 PM
P0078,Name + DOB,Person P0078,NEIG-16772,57882,New Profile,Unable to Contact,,Johanna South,712020:3b2c2185-c76f-4d90-ad8c-9e260c73c318,Johanna South,712020:3b2c2185-c76f-4d90-ad8c-9e260c73c318,30/Jun/26 5:34 PM,03/Aug/26 2:56 PM,,Humana-Medicaid,JCPS,SLCM,SNAP,WellCare,,James Bryant,Johanna South,712020:7919ac37-40c1-4b22-a858-9d188e7777ec,712020:3b2c2185-c76f-4d90-ad8c-9e260c73c318,3,Louisville,SLCM,,Jeff's Donuts ,33.0,Employed,,Not being evicted,Woman,Food Care Path,,,,,,Yes,Rent - nothing past due,2200.0,Humana,30/Jun/26 12:00 AM,No,Main Street renewal,Household member left,,,,,,Yes,Yes,,No,,3,1,No,Call,Text,Medicaid,English,she/her,White,0|i02ua7:,,,,,,An email with available resources and next steps,A phone call to further explain where you would like assistance,No,Food benefits - TANF/SNAP,Full-time employment,Kentucky ,,No,40215,2026-07-20 16:48:36.331,,20/Jul/26 12:48 PM;712020:7919ac37-40c1-4b22-a858-9d188e7777ec;Seeking rent assistance but stopped responding,,,,,,Done,03/Aug/26 2:56 PM
P0366,Name + DOB,Person P0366,NEIG-16759,57856,New Profile,Referral Only,,Johanna South,712020:3b2c2185-c76f-4d90-ad8c-9e260c73c318,Johanna South,712020:3b2c2185-c76f-4d90-ad8c-9e260c73c318,30/Jun/26 3:58 PM,03/Aug/26 2:56 PM,,Caretaker,MUSCL,United,,,,James Bryant,Johanna South,712020:7919ac37-40c1-4b22-a858-9d188e7777ec,712020:3b2c2185-c76f-4d90-ad8c-9e260c73c318,1,Louisville,MUSCL,,,27.0,Other,,Not being evicted,Woman,Financial Stability Care Path,Pregnancy/Postpartum Care Path,,,Pregnant or recently postpartum,,No,Rent- past due,0.0,United Healthcare,30/Jun/26 12:00 AM,Yes,Broadway Management ,Childbirth,,,,,,Yes,Yes,,No,,2,1,No,Text,,Medicaid,ENGLISH,she/her,Black of African American,0|i02u7b:,,,,,,An email with available resources and next steps,,No,No income,,KY,LG&E,Yes,40213,2026-07-20 16:48:18.427,,"20/Jul/26 12:48 PM;712020:7919ac37-40c1-4b22-a858-9d188e7777ec;Seeking rent assistance, on short term disability due to pregnancy",,,,,,Done,03/Aug/26 2:56 PM
P0250,Name + DOB,Person P0250,NEIG-16752,57842,New Profile,Referral Only,,Johanna South,712020:3b2c2185-c76f-4d90-ad8c-9e260c73c318,Johanna South,712020:3b2c2185-c76f-4d90-ad8c-9e260c73c318,30/Jun/26 2:47 PM,03/Aug/26 2:55 PM,,JCPS,MUSCL,United,,,,James Bryant,Johanna South,712020:7919ac37-40c1-4b22-a858-9d188e7777ec,712020:3b2c2185-c76f-4d90-ad8c-9e260c73c318,2,Louisville,MUSCL,,,44.0,Unemployed but want to find work,,Not being evicted,Woman,Financial Stability Care Path,Intimate Partner Violence Victim Care Path,,,,,No,Rent - nothing past due,608.0,United Healthcare,30/Jun/26 12:00 AM,No,tanyard park apartments,Household member left,Other,,,,,Yes,Yes,,No,,2,1,No,Text,,Medicaid,english,she/her,White,0|i02u5r:,,,,,,An email with available resources and next steps,A phone call to further explain where you would like assistance,No,,,KY,,No,40229,2026-07-02 14:55:03.361,,02/Jul/26 10:55 AM;712020:7919ac37-40c1-4b22-a858-9d188e7777ec;Seeking rent assistance,,,,,,Done,03/Aug/26 2:55 PM
P0025,Name + DOB,Person P0025,NEIG-16742,57822,New Profile,Referral Only,,Johanna South,712020:3b2c2185-c76f-4d90-ad8c-9e260c73c318,Johanna South,712020:3b2c2185-c76f-4d90-ad8c-9e260c73c318,30/Jun/26 10:42 AM,03/Aug/26 2:53 PM,,CLCM,,,,,,James Bryant,Johanna South,712020:7919ac37-40c1-4b22-a858-9d188e7777ec,712020:3b2c2185-c76f-4d90-ad8c-9e260c73c318,1,Louisville,,,Amazon,25.0,Employed,,Unknown,Man,Childcare Care Path,Financial Stability Care Path,Food Care Path,Legal Assistance Care Path,Person with chronic health condition,,No,Rent- past due,1500.0,Aetna,30/Jun/26 12:00 AM,Yes,Zach,Medical emergency or other health needs,Onset of disability,Reduction in hours at work,,Lost a job/had hours cut,900.0,Yes,Yes,Na,Yes,,1,1,No,Call,Text,Medicaid,English,he/him,Black of African American,0|i02u3j:,Avoid an eviction,Come up with a plan to pay back rent,,,60.0,An email with available resources and next steps,A phone call to further explain where you would like assistance,No,Part-time employment,,KY,LG&E,No,40208,2026-07-02 12:58:07.217,,02/Jul/26 8:58 AM;712020:7919ac37-40c1-4b22-a858-9d188e7777ec;Client seeking LG&E assistance,,,,,,Done,03/Aug/26 2:53 PM
P0318,Name + DOB,Person P0318,NEIG-16738,57814,New Profile,Referral Only,,Johanna South,712020:3b2c2185-c76f-4d90-ad8c-9e260c73c318,Johanna South,712020:3b2c2185-c76f-4d90-ad8c-9e260c73c318,30/Jun/26 10:29 AM,11/Aug/26 11:35 AM,,Eviction_Court,JCPS,SWCM,Workforce-FinancialStability,,,James Bryant,Johanna South,712020:7919ac37-40c1-4b22-a858-9d188e7777ec,712020:3b2c2185-c76f-4d90-ad8c-9e260c73c318,3,louisville,SWCM,05/Aug/26 12:00 AM,Uofl Health,33.0,Employed,Non-payment,Currently being evicted,Woman,Children's Education,Financial Stability Care Path,,,Person with chronic health condition,,No,Rent- past due,2164.0,Passport by Molina,30/Jun/26 12:00 AM,No,Janet Scherzer (Moss Creek Apartments),Unexpected expense,,,,Unexpected expense,1455.0,Yes,Yes,Celestine Bowman(Legal Aid),Yes,3560.8,3,1,No,Text,,Medicaid,english,she/her,Black of African American,0|i02u2n:,Avoid an eviction,Come up with a plan to pay back rent,Get rental assistance,Stay out of court,67.237,An email with available resources and next steps,,No,Full-time employment,,ky,,No,40258,2026-07-20 16:47:22.719,,20/Jul/26 12:47 PM;712020:7919ac37-40c1-4b22-a858-9d188e7777ec;Seeking rent assistance and eviction process info,"11/Aug/26 11:34 AM;712020:b45b5172-67c2-45ac-81f5-e5089b0bea5a;Met with RP on 8.11.26

Recommendation: Option 1

* call passport insurance (ask for case manager and rent assistance)
* Apply with ktap fast program
* reapply through her job at St. Mary's for financial assistance
* apply with salvation army
* apply with southwest community ministry

RP is currently behind 6706.60 as of 8.10.26

* client has 2300 including 800 from housing stabilization
* $500 -call passport insurance (ask for case manager and rent assistance)
* $2600 - Apply with ktap fast program
* $???reapply through her job at St. Mary's for financial assistance
* $300 - apply with salvation army
* $500 - apply with southwest community ministry

Option 2:

* Use the 2300 to move into another place
* apply to patriot derby
* Barrier - landlord referral has been an issue when applying for other apartments.
* court is 8.12.26 to turn in keys
* ask landlord for more time",,,,,Done,03/Aug/26 2:52 PM
P0252,Name + DOB,Person P0252,NEIG-16733,57804,New Profile,Referral Only,,Johanna South,712020:3b2c2185-c76f-4d90-ad8c-9e260c73c318,Johanna South,712020:3b2c2185-c76f-4d90-ad8c-9e260c73c318,30/Jun/26 10:07 AM,03/Aug/26 2:51 PM,,Caretaker,Humana-Medicaid,JCPS,Passport,SLCM,SSDI,James Bryant,Johanna South,712020:7919ac37-40c1-4b22-a858-9d188e7777ec,712020:3b2c2185-c76f-4d90-ad8c-9e260c73c318,5,LOUISVILLE,SLCM,,n\a,37.0,Unemployed but want to find work,,Not being evicted,Woman,Food Care Path,Transportation Care Path,,,,,Yes,Rent - nothing past due,994.0,Humana,30/Jun/26 12:00 AM,Yes,Ms kelly Strong,Death in the family,Medical emergency or other health needs,,,,,Yes,Yes,,No,,4,5,No,Call,Text,Medicaid,english,she/her,Black of African American,0|i02u1j:,,,,,,An email with available resources and next steps,A phone call to further explain where you would like assistance,No,Social Security - SSI/SSDI,,KY,LG&E,Yes,40214,2026-07-02 12:56:21.292,,02/Jul/26 8:56 AM;712020:7919ac37-40c1-4b22-a858-9d188e7777ec;Client seeking LG&E assistance,,,,,,Done,03/Aug/26 2:51 PM
P0139,Name + DOB,Person P0139,NEIG-16729,57796,New Profile,Unable to Contact,,Johanna South,712020:3b2c2185-c76f-4d90-ad8c-9e260c73c318,Johanna South,712020:3b2c2185-c76f-4d90-ad8c-9e260c73c318,30/Jun/26 9:04 AM,04/Aug/26 3:19 PM,,SAM,SNAP,Workforce-Unemployed,,,,Johanna South,,712020:3b2c2185-c76f-4d90-ad8c-9e260c73c318,,0,Louisville,SAM,,,27.0,Unemployed but want to find work,,Not being evicted,Woman,Food Care Path,,,,Pregnant or recently postpartum,,No,Rent- past due,900.0,WellCare,30/Jun/26 12:00 AM,Yes,Don Wagner ,Death in the family,,,,,,Yes,Yes,,No,,3,1,No,Call,,Medicaid,,she/her,White,0|i02u0n:,,,,,,An email with available resources and next steps,Other,No,Food benefits - TANF/SNAP,,KY,LG&E,No,40216,,,,,,,,,Done,04/Aug/26 3:19 PM
P0307,Name + DOB,Person P0307,NEIG-16681,57700,New Profile,Referral Only,,Johanna South,712020:3b2c2185-c76f-4d90-ad8c-9e260c73c318,Johanna South,712020:3b2c2185-c76f-4d90-ad8c-9e260c73c318,29/Jun/26 2:58 PM,03/Aug/26 2:44 PM,,Humana-Medicaid,JCPS,SLCM,United,Workforce-FinancialStability,,James Bryant,Johanna South,712020:7919ac37-40c1-4b22-a858-9d188e7777ec,712020:3b2c2185-c76f-4d90-ad8c-9e260c73c318,4,Louisville,SLCM,,,40.0,Employed,,Not being evicted,Man,Behavioral Health Care Path,Childcare Care Path,Food Care Path,,,,,Rent- past due,2500.0,Humana,29/Jun/26 12:00 AM,No,,Medical emergency or other health needs,,,,,,Yes,Yes,,No,,3,2,No,Text,,Medicaid,,he/him,Black of African American,0|i02tpz:,,,,,,An email with available resources and next steps,A phone call to further explain where you would like assistance,No,Part-time employment,,KY,Water,Yes,40215,2026-07-02 14:01:41.803,,02/Jul/26 10:01 AM;712020:7919ac37-40c1-4b22-a858-9d188e7777ec;Seeking water assistance,,,,,,Done,03/Aug/26 2:44 PM
P0048,Name + DOB,Person P0048,NEIG-16669,57676,New Profile,Unable to Contact,,Johanna South,712020:3b2c2185-c76f-4d90-ad8c-9e260c73c318,Johanna South,712020:3b2c2185-c76f-4d90-ad8c-9e260c73c318,29/Jun/26 12:38 PM,04/Aug/26 3:18 PM,,Caretaker,Humana-Medicaid,MUSCL,,,,Johanna South,,712020:3b2c2185-c76f-4d90-ad8c-9e260c73c318,,3,Louisville ,MUSCL,,,46.0,Unemployed and not looking for work,,Not being evicted,Woman,Financial Stability Care Path,Transportation Care Path,,,Pregnant or recently postpartum,,No,Rent - nothing past due,0.0,Humana,29/Jun/26 12:00 AM,Yes,,Loss of accessible transportation,Reduction in or loss of benefits,Unexpected expense,,,,Yes,Yes,,Yes,,1,4,No,Call,Text,Medicaid,English ,she/her,Black of African American,0|i02tnb:,,,,,,A phone call to further explain where you would like assistance,,No,No income,Other,Kentucky ,LG&E,No,40218,,,,,,,,,Done,04/Aug/26 3:18 PM
P0278,Name + DOB,Person P0278,NEIG-16648,57634,New Profile,Referral Only,,Johanna South,712020:3b2c2185-c76f-4d90-ad8c-9e260c73c318,Johanna South,712020:3b2c2185-c76f-4d90-ad8c-9e260c73c318,29/Jun/26 10:27 AM,03/Aug/26 2:35 PM,,Caretaker,ChronicHealthCondition,SLCM,Under500toStabilizae,,,James Bryant,Johanna South,712020:7919ac37-40c1-4b22-a858-9d188e7777ec,712020:3b2c2185-c76f-4d90-ad8c-9e260c73c318,3,Louisville ,SLCM,,,46.0,Unemployed but want to find work,,Not being evicted,Woman,Financial Stability Care Path,,,,Person with a physical or mental disability,Person with chronic health condition,No,Rent - nothing past due,0.0,I don't know,29/Jun/26 12:00 AM,Yes,Mr Vititow,Death in the family,Job loss,Loss of accessible transportation,Medical emergency or other health needs,,,Yes,Yes,None ,No,,1,2,No,,,,English ,she/her,American Indian/Alaskan Native,0|i02tin:,,,,,,An email with available resources and next steps,,No,No income,,Ky,LG&E,Yes,40214,2026-07-08 19:06:56.506,,08/Jul/26 3:06 PM;712020:7919ac37-40c1-4b22-a858-9d188e7777ec;149.07 to reconnect water,,,,,,Done,03/Aug/26 2:35 PM
P0044,Name + DOB,Person P0044,NEIG-16636,57610,New Profile,Referral Only,,Johanna South,712020:3b2c2185-c76f-4d90-ad8c-9e260c73c318,Johanna South,712020:3b2c2185-c76f-4d90-ad8c-9e260c73c318,29/Jun/26 10:16 AM,03/Aug/26 2:34 PM,,Caretaker,JCPS,LMHA,SLCM,SNAP,SSDI,James Bryant,Johanna South,712020:7919ac37-40c1-4b22-a858-9d188e7777ec,712020:3b2c2185-c76f-4d90-ad8c-9e260c73c318,5,Louisville,SLCM,,,35.0,Unemployed but want to find work,Non-payment,Currently being evicted,Woman,Financial Stability Care Path,,,,,,No,Rent- past due,996.0,Passport by Molina,29/Jun/26 12:00 AM,Yes,Overlook terrace ,Job loss,,,,Lost a job/had hours cut,1200.0,Yes,Yes,,No,700.0,4,2,No,Text,,Medicaid,English ,she/her,Black of African American,0|i02tfz:,Avoid an eviction,Come up with a plan to pay back rent,Get rental assistance,Stay out of court,120.482,An email with available resources and next steps,A phone call to further explain where you would like assistance,Yes,Food benefits - TANF/SNAP,Social Security - SSI/SSDI,KY,LG&E,No,40214,2026-07-02 14:17:22.473,,02/Jul/26 10:17 AM;712020:7919ac37-40c1-4b22-a858-9d188e7777ec;Client seeking rent ($750) and utility assistance ($522.35 LG&E daily payment plan balance),,,,,,Done,03/Aug/26 2:34 PM
P0238,Name + DOB,Person P0238,NEIG-16621,57580,New Profile,Referral Only,,Johanna South,712020:3b2c2185-c76f-4d90-ad8c-9e260c73c318,Johanna South,712020:3b2c2185-c76f-4d90-ad8c-9e260c73c318,29/Jun/26 1:17 AM,03/Aug/26 2:29 PM,,Passport,SLCM,Workforce-Unemployed,,,,James Bryant,Johanna South,712020:7919ac37-40c1-4b22-a858-9d188e7777ec,712020:3b2c2185-c76f-4d90-ad8c-9e260c73c318,0,louisville ,SLCM,,,25.0,Unemployed but want to find work,,Not being evicted,Woman,,,,,Person with a physical or mental disability,Pregnant or recently postpartum,No,Rent - nothing past due,0.0,Passport by Molina,29/Jun/26 12:00 AM,Yes,Joni,Incarceration,Job loss,,,,,Yes,Yes,,No,,0,0,No,Call,Text,Medicaid,english,she/her,Black of African American,0|i02tcn:,,,,,,An email with available resources and next steps,A phone call to further explain where you would like assistance,No,No income,,ky ,LG&E,No,40215,2026-07-02 13:57:47.427,,"02/Jul/26 9:57 AM;712020:7919ac37-40c1-4b22-a858-9d188e7777ec;Seeking utility assistance, not at risk of disconnection",,,,,,Done,03/Aug/26 2:29 PM
P0306,Name + DOB,Person P0306,NEIG-16615,57574,New Profile,Referral Only,,Johanna South,712020:3b2c2185-c76f-4d90-ad8c-9e260c73c318,Johanna South,712020:3b2c2185-c76f-4d90-ad8c-9e260c73c318,27/Jun/26 4:34 PM,03/Aug/26 2:24 PM,,Caretaker,HeritageGreen,JCPS,Passport,SLCM,SNAP,James Bryant,Johanna South,712020:7919ac37-40c1-4b22-a858-9d188e7777ec,712020:3b2c2185-c76f-4d90-ad8c-9e260c73c318,2,Louisville,SLCM,,,24.0,Other,,Not being evicted,Woman,Pregnancy/Postpartum Care Path,,,,Pregnant or recently postpartum,,No,Rent - nothing past due,0.0,Passport by Molina,27/Jun/26 12:00 AM,Yes,,,,,,,,Yes,Yes,,No,,2,1,No,Text,,Medicaid,English,she/her,White,0|i02tbb:,,,,,,An email with available resources and next steps,A phone call to further explain where you would like assistance,No,Food benefits - TANF/SNAP,No income,KY,LG&E,No,40214,2026-07-02 12:40:03.123,,"02/Jul/26 8:40 AM;712020:7919ac37-40c1-4b22-a858-9d188e7777ec;Client seeking LG&E assistance, is not at risk of disconnection. Client inquired about rent assistance, and it was determined that KTAP could help (since she has a job starting soon)","06/Jul/26 8:11 AM;712020:7919ac37-40c1-4b22-a858-9d188e7777ec;Client texted again, this time about LG&E. It would cost $309 to prevent disconnection for 30 days",,,,,Done,03/Aug/26 2:24 PM
P0082,Name + DOB,Person P0082,NEIG-16610,57569,New Profile,Follow Up,,Johanna South,712020:3b2c2185-c76f-4d90-ad8c-9e260c73c318,Johanna South,712020:3b2c2185-c76f-4d90-ad8c-9e260c73c318,27/Jun/26 11:46 AM,03/Aug/26 2:23 PM,,Caretaker,JCPS,LMHA,Passport,SLCM,SNAP,James Bryant,Johanna South,712020:7919ac37-40c1-4b22-a858-9d188e7777ec,712020:3b2c2185-c76f-4d90-ad8c-9e260c73c318,0,Louisville,SLCM,,,30.0,Unemployed and not looking for work,,Not being evicted,Woman,Behavioral Health Care Path,Financial Stability Care Path,Pregnancy/Postpartum Care Path,,Pregnant or recently postpartum,,No,Rent - nothing past due,400.0,Passport by Molina,27/Jun/26 12:00 AM,Yes,,Death in the family,Job loss,Medical emergency or other health needs,,,,Yes,Yes,,Yes,,3,4,No,Call,Text,Medicaid,English ,she/her,Black of African American,0|i02ta7:,,,,,,An email with available resources and next steps,A phone call to further explain where you would like assistance,Yes,Food benefits - TANF/SNAP,,KY,Water,Yes,40215,2026-07-02 14:08:44.333,,"02/Jul/26 10:08 AM;712020:7919ac37-40c1-4b22-a858-9d188e7777ec;Client’s LG&E is disconnected, currently in highrisk pregnancy, $281 to reconnect","22/Jul/26 11:22 AM;712020:7919ac37-40c1-4b22-a858-9d188e7777ec;LG&E was taken care of, now looking for water help",,,,,In Progress,02/Jul/26 9:07 AM
P0281,Name + DOB,Person P0281,NEIG-16608,57567,New Profile,Referral Only,,Johanna South,712020:3b2c2185-c76f-4d90-ad8c-9e260c73c318,Johanna South,712020:3b2c2185-c76f-4d90-ad8c-9e260c73c318,26/Jun/26 10:34 PM,03/Aug/26 2:23 PM,,Immigrant,SLCM,SNAP,WellCare,Workforce-FinancialStability,,James Bryant,Johanna South,712020:7919ac37-40c1-4b22-a858-9d188e7777ec,712020:3b2c2185-c76f-4d90-ad8c-9e260c73c318,0,Louisville ,SLCM,,Doordach ,25.0,Other,,Not being evicted,Woman,Childcare Care Path,,,,,,Yes,Rent - nothing past due,1132.0,WellCare,27/Jun/26 12:00 AM,No,Walter,,,,,,,Yes,Yes,,No,,2,0,No,Call,Text,Medicaid,Spanish and English ,she/her,,0|i02t9r:,,,,,,An email with available resources and next steps,A phone call to further explain where you would like assistance,No,Food benefits - TANF/SNAP,,Kentucky ,I don't know,No,40214,2026-07-20 16:46:05.558,,20/Jul/26 12:46 PM;712020:7919ac37-40c1-4b22-a858-9d188e7777ec;Seeking rent assistance,,,,,,Done,03/Aug/26 2:23 PM
P0233,Name + DOB,Person P0233,NEIG-16598,57557,New Profile,Referral Only,,Johanna South,712020:3b2c2185-c76f-4d90-ad8c-9e260c73c318,Johanna South,712020:3b2c2185-c76f-4d90-ad8c-9e260c73c318,26/Jun/26 10:56 AM,03/Aug/26 2:20 PM,,Aetna,Passport,SNAP,SWCM,Workforce-Unemployed,,James Bryant,Johanna South,712020:7919ac37-40c1-4b22-a858-9d188e7777ec,712020:3b2c2185-c76f-4d90-ad8c-9e260c73c318,1,LOUISVILLE,,,,25.0,Unemployed but want to find work,Non-payment,Unknown,Woman,Financial Stability Care Path,,,,Pregnant or recently postpartum,,No,Rent- past due,0.0,Anthem,26/Jun/26 12:00 AM,Yes,ALISHA HIGGS,Eviction,Job loss,Unexpected expense,,Lost a job/had hours cut,1250.0,Yes,Yes,,No,1250.0,1,1,No,Call,Text,Medicaid,ENGLISH,she/her,White,0|i02t7j:,Avoid an eviction,Come up with a plan to pay back rent,Find public/subsidized housing,Get rental assistance,,An email with available resources and next steps,A phone call to further explain where you would like assistance,No,Food benefits - TANF/SNAP,No income,KY,LG&E,Yes,40258,2026-06-30 12:46:50.374,,30/Jun/26 8:46 AM;712020:7919ac37-40c1-4b22-a858-9d188e7777ec;Client seeking $1250 in rent assistance,,,,,,Done,03/Aug/26 2:20 PM
P0145,Name + DOB,Person P0145,NEIG-16567,57526,New Profile,Referral Only,,Johanna South,712020:3b2c2185-c76f-4d90-ad8c-9e260c73c318,Johanna South,712020:3b2c2185-c76f-4d90-ad8c-9e260c73c318,26/Jun/26 7:33 AM,03/Aug/26 2:18 PM,,Cancer,ChronicHealthCondition,JCPS,LMHA,Passport,SLCM,James Bryant,Johanna South,712020:7919ac37-40c1-4b22-a858-9d188e7777ec,712020:3b2c2185-c76f-4d90-ad8c-9e260c73c318,4,Louisville,SLCM,,,38.0,Unemployed but want to find work,,Not being evicted,Woman,Behavioral Health Care Path,Childcare Care Path,Financial Stability Care Path,Food Care Path,Person with cancer,,No,Rent - nothing past due,0.0,Passport by Molina,26/Jun/26 12:00 AM,No,,Household member left,Job loss,Loss of job,,,,Yes,Yes,,Yes,,1,1,No,Text,,Medicaid,English ,she/her,Black of African American,0|i02t0n:,,,,,,An email with available resources and next steps,,Yes,Food benefits - TANF/SNAP,No income,KY,Water,Yes,40208,2026-07-02 12:41:53.36,,02/Jul/26 8:41 AM;712020:7919ac37-40c1-4b22-a858-9d188e7777ec;Client seeking water bill assistance (disconnected) and help with deposit (moving into WLCM’s area),,,,,,Done,03/Aug/26 2:18 PM
P0180,"Name only (matched existing person, DOB missing)",Person P0180,NEIG-16551,57510,Basic Supplies,External Org to Complete Goal,,James Bryant,712020:7919ac37-40c1-4b22-a858-9d188e7777ec,James Bryant,712020:7919ac37-40c1-4b22-a858-9d188e7777ec,25/Jun/26 12:48 PM,25/Jun/26 12:48 PM,,Caretaker,ChronicHealthCondition,JCPS,Passport,SLCM,SSDI,James Bryant,,712020:7919ac37-40c1-4b22-a858-9d188e7777ec,,0,,,,,,,,,,,,,,,,,,,,,No,,,,,,,,No,No,,,,,,,,,,,,,0|i02sx3:,,,,,,,,,,,,,No,,,,,,,56938.0,NEIG-16007,Jamie alcorn,Done,25/Jun/26 12:48 PM
P0285,Name + DOB,Person P0285,NEIG-16532,57491,New Profile,Referral Only,,Johanna South,712020:3b2c2185-c76f-4d90-ad8c-9e260c73c318,Johanna South,712020:3b2c2185-c76f-4d90-ad8c-9e260c73c318,24/Jun/26 10:46 PM,01/Jul/26 4:25 PM,,Passport,SSDI,WLCM,Workforce-FinancialStability,,,Johanna South,,712020:3b2c2185-c76f-4d90-ad8c-9e260c73c318,,0,Louisville,WLCM,,UPS,23.0,Employed,,Not being evicted,Woman,Financial Stability Care Path,,,,Pregnant or recently postpartum,,No,Staying with friends/family,0.0,Passport by Molina,25/Jun/26 12:00 AM,No,,,,,,,,Yes,Yes,,Yes,,5,4,No,Text,,Medicaid,english,she/her,Black of African American,0|i02ssv:,,,,,,An email with available resources and next steps,,No,Food benefits - TANF/SNAP,Full-time employment,KY,,No,40210,,,,,,,,,Done,01/Jul/26 4:25 PM
P0302,"Name only (matched existing person, DOB missing)",Person P0302,NEIG-16521,57480,Basic Supplies,Connected to Resource,,James Bryant,712020:7919ac37-40c1-4b22-a858-9d188e7777ec,James Bryant,712020:7919ac37-40c1-4b22-a858-9d188e7777ec,24/Jun/26 1:33 PM,24/Jun/26 1:33 PM,,JCPS,LMHA,Passport,SNAP,WLCM,,James Bryant,,712020:7919ac37-40c1-4b22-a858-9d188e7777ec,,0,,,,,,,,,,,,,,,,,,,,,No,,,,,,,,No,No,,,,,,,,,,,,,0|i02sqf:,,,,,,,,,,,,,No,,,,,,,55458.0,NEIG-14793,Pascaline Kecuru ,In Progress,24/Jun/26 1:33 PM
P0169,Name + DOB,Person P0169,NEIG-16509,57468,New Profile,Referral Only,,Johanna South,712020:3b2c2185-c76f-4d90-ad8c-9e260c73c318,Johanna South,712020:3b2c2185-c76f-4d90-ad8c-9e260c73c318,24/Jun/26 12:22 PM,03/Aug/26 2:11 PM,,JCPS,Passport,SVC,Workforce-Unemployed,,,James Bryant,Johanna South,712020:7919ac37-40c1-4b22-a858-9d188e7777ec,712020:3b2c2185-c76f-4d90-ad8c-9e260c73c318,2,Louisville,SVC,,,27.0,Unemployed but want to find work,,Not being evicted,Woman,Financial Stability Care Path,Food Care Path,,,Person with a physical or mental disability,Person with chronic health condition,No,Rent- past due,0.0,Passport by Molina,24/Jun/26 12:00 AM,Yes,The housing partnership ,Job loss,Loss of job,Medical emergency or other health needs,Unexpected expense,,,Yes,Yes,,No,,2,1,No,Call,Text,Medicaid,English ,she/her,Black of African American,0|i02snr:,,,,,,An email with available resources and next steps,A phone call to further explain where you would like assistance,No,No income,Other,Kentucky ,LG&E,No,40211,2026-07-13 15:54:58.839,,13/Jul/26 11:54 AM;712020:7919ac37-40c1-4b22-a858-9d188e7777ec;Client meeting with Jonet,,,,,,Done,03/Aug/26 2:11 PM
P0348,Name + DOB,Person P0348,NEIG-16501,57460,New Profile,Unable to Contact,,Johanna South,712020:3b2c2185-c76f-4d90-ad8c-9e260c73c318,Johanna South,712020:3b2c2185-c76f-4d90-ad8c-9e260c73c318,24/Jun/26 12:04 PM,04/Aug/26 3:17 PM,,Anthem,ChronicHealthCondition,Eviction_Court,JCPS,SLCM,SSDI,Johanna South,,712020:3b2c2185-c76f-4d90-ad8c-9e260c73c318,,1,Louisville,SLCM,06/Jul/26 12:00 AM,,34.0,Other,Non-payment,Currently being evicted,Woman,,,,,,,No,Rent- past due,1400.0,Anthem,24/Jun/26 12:00 AM,No,Jasmine Rhodes ,Incarceration,,,,Other,1200.0,Yes,Yes,No,No,1400.0,2,1,No,Call,Text,Medicaid,English ,she/her,White,0|i02slz:,Avoid an eviction,Come up with a plan to pay back rent,Stay out of court,,85.714,An email with available resources and next steps,A phone call to further explain where you would like assistance,No,Social Security - SSI/SSDI,,KY,,No,40214,,,,,,,,,Done,04/Aug/26 3:17 PM
P0188,Name + DOB,Person P0188,NEIG-16466,57425,New Profile,Referral Only,,Johanna South,712020:3b2c2185-c76f-4d90-ad8c-9e260c73c318,Johanna South,712020:3b2c2185-c76f-4d90-ad8c-9e260c73c318,23/Jun/26 8:04 PM,03/Aug/26 2:00 PM,,Passport,SLCM,SNAP,,,,James Bryant,Johanna South,712020:7919ac37-40c1-4b22-a858-9d188e7777ec,712020:3b2c2185-c76f-4d90-ad8c-9e260c73c318,3,Louisville,SLCM,,,25.0,Unemployed but want to find work,,Not being evicted,Woman,,,,,,,Yes,Rent - nothing past due,0.0,Passport by Molina,24/Jun/26 12:00 AM,Yes,Estella management ,Issues with child care,Job loss,Loss of accessible transportation,Loss of job,,,Yes,Yes,,No,,3,1,No,Text,,Medicaid,english,she/her,Black of African American,0|i02se7:,,,,,,An email with available resources and next steps,A phone call to further explain where you would like assistance,No,Food benefits - TANF/SNAP,No income,KY,LG&E,Yes,40214,2026-06-29 12:22:36.38,,29/Jun/26 8:22 AM;712020:7919ac37-40c1-4b22-a858-9d188e7777ec;Seeking LG&E assistance,,,,,,Done,03/Aug/26 2:00 PM
P0062,Name + DOB,Person P0062,NEIG-16451,57410,New Profile,Referral Only,,Johanna South,712020:3b2c2185-c76f-4d90-ad8c-9e260c73c318,Johanna South,712020:3b2c2185-c76f-4d90-ad8c-9e260c73c318,23/Jun/26 3:33 PM,03/Aug/26 1:58 PM,,Eviction_Court,UCHM,United,Workforce-Underemployed,,,James Bryant,Johanna South,712020:7919ac37-40c1-4b22-a858-9d188e7777ec,712020:3b2c2185-c76f-4d90-ad8c-9e260c73c318,1,Louisville ,UCHM,10/Aug/26 12:00 AM,Salon innovation ,31.0,"Employed, but need more hours and/or different work",Non-payment,Currently being evicted,Woman,Financial Stability Care Path,,,,Pregnant or recently postpartum,,No,Rent- past due,2600.0,United Healthcare,23/Jun/26 12:00 AM,No,Malette,Other,,,,Lost a job/had hours cut,1780.0,Yes,Yes,,No,2460.0,0,1,No,Call,Text,Medicaid,English ,she/her,Black of African American,0|i02sav:,Avoid an eviction,,,,68.462,A phone call to further explain where you would like assistance,,No,Part-time employment,,Kentucky,,No,40206,2026-07-01 20:20:34.582,,"01/Jul/26 4:20 PM;712020:7919ac37-40c1-4b22-a858-9d188e7777ec;Client seeking rent assistance, owes around $900. JB referred to Housing Stabilization and Legal Aid",,,,,,Done,03/Aug/26 1:58 PM
P0197,Name + DOB,Person P0197,NEIG-16394,57353,New Profile,Referral Only,,Johanna South,712020:3b2c2185-c76f-4d90-ad8c-9e260c73c318,Johanna South,712020:3b2c2185-c76f-4d90-ad8c-9e260c73c318,23/Jun/26 10:33 AM,06/Jul/26 8:44 AM,,SLCM,Workforce-FinancialStability,,,,,James Bryant,Johanna South,712020:7919ac37-40c1-4b22-a858-9d188e7777ec,712020:3b2c2185-c76f-4d90-ad8c-9e260c73c318,2,Louisville ,SLCM,,Quest diagnostics ,24.0,Employed,,Not being evicted,Woman,Childcare Care Path,,,,,,No,Rent- past due,1200.0,I don't know,23/Jun/26 12:00 AM,Yes,Ms Ann ,Death in the family,Issues with child care,Other,Unexpected expense,,,Yes,Yes,"I was receiving help from this same program but wasn’t able to get the funds due to moving, I wanted to know if I was able to receive them same funds. ",No,,0,1,No,Call,Text,Employee-coverage,English,she/her,Black of African American,0|i02ry7:,,,,,,An email with available resources and next steps,A phone call to further explain where you would like assistance,No,Full-time employment,,KY,LG&E,No,40214,2026-06-24 15:42:49.43,,24/Jun/26 11:42 AM;712020:7919ac37-40c1-4b22-a858-9d188e7777ec;Client seeking rent assistance,,,,,,Done,06/Jul/26 8:44 AM
P0341,Name + DOB,Person P0341,NEIG-16378,57337,New Profile,Follow Up,,Johanna South,712020:3b2c2185-c76f-4d90-ad8c-9e260c73c318,Johanna South,712020:3b2c2185-c76f-4d90-ad8c-9e260c73c318,23/Jun/26 8:40 AM,30/Jul/26 10:47 AM,,Humana-Medicaid,Humana-Medicare,JCPS,LGBTQIA+,SLCM,SNAP,James Bryant,Johanna South,712020:7919ac37-40c1-4b22-a858-9d188e7777ec,712020:3b2c2185-c76f-4d90-ad8c-9e260c73c318,3,Louisville,SLCM,,,29.0,Unemployed but want to find work,,Not being evicted,Woman,Childcare Care Path,Financial Stability Care Path,,,LGBTQIA+,Pregnant or recently postpartum,Yes,Rent- past due,0.0,Humana,23/Jun/26 12:00 AM,Yes,American avenje ,Childbirth,Issues with child care,Loss of accessible transportation,,,,Yes,Yes,,Yes,,3,1,No,Text,,Medicaid,English ,she/her,Black of African American,0|i02run:,,,,,,An email with available resources and next steps,A phone call to further explain where you would like assistance,No,Food benefits - TANF/SNAP,No income,KY,LG&E,No,40215,2026-06-26 20:21:36.097,,26/Jun/26 4:21 PM;712020:7919ac37-40c1-4b22-a858-9d188e7777ec;Client trying to get caught up on lG&E,,,,,,In Progress,26/Jun/26 3:49 PM
P0004,Name + DOB,Person P0004,NEIG-16367,57326,New Profile,Unable to Contact,,Johanna South,712020:3b2c2185-c76f-4d90-ad8c-9e260c73c318,Johanna South,712020:3b2c2185-c76f-4d90-ad8c-9e260c73c318,22/Jun/26 11:10 PM,04/Aug/26 3:15 PM,,Aetna,Immigrant,JCPS,SLCM,SNAP,,Johanna South,,712020:3b2c2185-c76f-4d90-ad8c-9e260c73c318,,5,Louisville ,SLCM,,,31.0,Unemployed but want to find work,,Not being evicted,Woman,Food Care Path,Pregnancy/Postpartum Care Path,,,Pregnant or recently postpartum,,No,Staying with friends/family,0.0,Aetna,23/Jun/26 12:00 AM,No,,Childbirth,,,,,,Yes,Yes,,No,,4,More than 5,No,Text,,Medicaid,English,she/her,Native Hawaiian or Other Pacific Islander,0|i02rs7:,,,,,,An email with available resources and next steps,,No,Food benefits - TANF/SNAP,No income,Kentucky ,,No,40214,,,,,,,,,Done,04/Aug/26 3:15 PM
P0395,Name + DOB,Person P0395,NEIG-16359,57318,New Profile,Referral Only,,Johanna South,712020:3b2c2185-c76f-4d90-ad8c-9e260c73c318,Johanna South,712020:3b2c2185-c76f-4d90-ad8c-9e260c73c318,22/Jun/26 6:58 PM,06/Jul/26 8:33 AM,,CLCM,Uninsured,Workforce-FinancialStability,Young-adult,,,James Bryant,Johanna South,712020:7919ac37-40c1-4b22-a858-9d188e7777ec,712020:3b2c2185-c76f-4d90-ad8c-9e260c73c318,1,Louisville,CLCM,,Metz,21.0,"Employed, but need more hours and/or different work",Non-payment,Unknown,Woman,Childcare Care Path,Financial Stability Care Path,Transportation Care Path,,,,No,Rent- past due,2000.0,I don't know,22/Jun/26 12:00 AM,No,Black oak,Eviction,Issues with child care,Medical emergency or other health needs,Unexpected expense,Unexpected expense,819.0,Yes,Yes,,Yes,1018.72,1,1,No,Text,,,,she/her,Black of African American,0|i02rqf:,Avoid an eviction,Come up with a plan to pay back rent,Find new housing,Get my security deposit back,40.95,An email with available resources and next steps,A phone call to further explain where you would like assistance,No,Full-time employment,,KY,,No,40203,2026-07-02 12:24:11.423,,"02/Jul/26 8:24 AM;712020:7919ac37-40c1-4b22-a858-9d188e7777ec;Client seeking deposit and assistance finding new housing, does not want to be in the west end, max budget is $980",,,,,,Done,06/Jul/26 8:33 AM
P0089,Name + DOB,Person P0089,NEIG-16356,57315,New Profile,Referral Only,,Johanna South,712020:3b2c2185-c76f-4d90-ad8c-9e260c73c318,Johanna South,712020:3b2c2185-c76f-4d90-ad8c-9e260c73c318,22/Jun/26 6:25 PM,01/Jul/26 4:13 PM,,Anthem,CLCM,JCPS,Workforce-FinancialStability,,,James Bryant,Johanna South,712020:7919ac37-40c1-4b22-a858-9d188e7777ec,712020:3b2c2185-c76f-4d90-ad8c-9e260c73c318,3,Louisville,CLCM,18/Jun/26 12:00 AM,Norton health care ,33.0,Employed,I don't know,Currently being evicted,Woman,Food Care Path,,,,Pregnant or recently postpartum,,Yes,Rent- past due,2100.0,Anthem,22/Jun/26 12:00 AM,No,Liberty Green house Authority,Childbirth,Eviction,Medical emergency or other health needs,Reduction in hours at work,Rent increase,750.0,Yes,Yes,,No,7000.0,2,1,No,Call,,Medicaid,English ,,American Indian/Alaskan Native,0|i02rpr:,Avoid an eviction,Come up with a plan to pay back rent,Landlord fixes my home,Stay out of court,35.714,A phone call to further explain where you would like assistance,,No,Full-time employment,,KY,,No,40202-1642,2026-07-01 20:13:20.002,,"01/Jul/26 4:13 PM;712020:7919ac37-40c1-4b22-a858-9d188e7777ec;Client seeking first month’s rent and deposit, but was ineligible for KTAP due to making too much. Client wondered about checking past eviction records, so JB recommended EDI",,,,,,Done,01/Jul/26 4:13 PM
P0286,Name + DOB,Person P0286,NEIG-16342,57301,New Profile,Follow Up,,Johanna South,712020:3b2c2185-c76f-4d90-ad8c-9e260c73c318,Johanna South,712020:3b2c2185-c76f-4d90-ad8c-9e260c73c318,22/Jun/26 1:52 PM,13/Jul/26 10:02 AM,,JCPS,LMHA,SLCM,SNAP,Under500toStabilizae,,James Bryant,Johanna South,712020:7919ac37-40c1-4b22-a858-9d188e7777ec,712020:3b2c2185-c76f-4d90-ad8c-9e260c73c318,2,Louisville ,SLCM,,,25.0,Unemployed but want to find work,Lease violation,Currently being evicted,Woman,Legal Assistance Care Path,,,,,,No,Rent - nothing past due,0.0,Passport by Molina,22/Jun/26 12:00 AM,Yes,Mercedes’ ,Death in the family,Issues with child care,Loss of accessible transportation,Unexpected expense,,1500.0,Yes,Yes,,Yes,0.0,2,3,No,,,Medicaid,English,she/her,Black of African American,0|i02rmn:,Avoid an eviction,Find new housing,Find public/subsidized housing,Get more time to move out,,An email with available resources and next steps,,Yes,Food benefits - TANF/SNAP,,Ky,LG&E,No,40216,2026-06-22 18:29:54.356,,22/Jun/26 2:29 PM;712020:7919ac37-40c1-4b22-a858-9d188e7777ec;6/22/26 JB initial contact attempt,24/Jun/26 8:11 AM;712020:7919ac37-40c1-4b22-a858-9d188e7777ec;Neighbor seeking utility assistance after SLCM was unable to assist,"01/Jul/26 4:02 PM;712020:7919ac37-40c1-4b22-a858-9d188e7777ec;JB recommended sanction cure for KTAP, mentioned SLCM tarc tickets, referred to Thrive By 5 for childcare, and KHS Pet Retention for puppy-help",,,,In Progress,13/Jul/26 10:02 AM
P0360,Name + DOB,Person P0360,NEIG-16335,57294,New Profile,Referral Only,,Johanna South,712020:3b2c2185-c76f-4d90-ad8c-9e260c73c318,Johanna South,712020:3b2c2185-c76f-4d90-ad8c-9e260c73c318,22/Jun/26 1:11 PM,01/Jul/26 4:01 PM,,Aetna,ChronicHealthCondition,JCPS,SLCM,SSDI,,James Bryant,Johanna South,712020:7919ac37-40c1-4b22-a858-9d188e7777ec,712020:3b2c2185-c76f-4d90-ad8c-9e260c73c318,1,Louisville ,SLCM,,,53.0,Unemployed but want to find work,,Not being evicted,Woman,Financial Stability Care Path,,,,Person with a physical or mental disability,,No,Rent - nothing past due,1126.0,Aetna,22/Jun/26 12:00 AM,No,,Issues with child care,Onset of disability,,,,,Yes,Yes,,No,,2,1,No,Call,Text,Medicaid,English ,she/her,White,0|i02rl3:,,,,,,A phone call to further explain where you would like assistance,,No,Social Security - SSI/SSDI,,Kentucky ,Water,Yes,40209,2026-07-01 20:01:18.588,,01/Jul/26 4:01 PM;712020:7919ac37-40c1-4b22-a858-9d188e7777ec;Client seeking water assistance,,,,,,Done,01/Jul/26 4:01 PM
P0091,Name + DOB,Person P0091,NEIG-16331,57290,New Profile,Referral Only,,Johanna South,712020:3b2c2185-c76f-4d90-ad8c-9e260c73c318,Johanna South,712020:3b2c2185-c76f-4d90-ad8c-9e260c73c318,22/Jun/26 12:39 PM,06/Jul/26 10:37 AM,,JCPS,Passport,SLCM,Workforce-FinancialStability,,,James Bryant,Johanna South,712020:7919ac37-40c1-4b22-a858-9d188e7777ec,712020:3b2c2185-c76f-4d90-ad8c-9e260c73c318,3,Fairdale ,SLCM,,Shipmonk ,31.0,Employed,Non-payment,Unknown,Woman,Financial Stability Care Path,Food Care Path,Pregnancy/Postpartum Care Path,,Pregnant or recently postpartum,,No,Rent- past due,2500.0,Passport by Molina,22/Jun/26 12:00 AM,No,Holly Green apartments ,Medical emergency or other health needs,Reduction in hours at work,Reduction in or loss of benefits,,Lost a job/had hours cut,920.0,Yes,Yes,,No,4000.0,0,0,No,Call,Text,Medicaid,English ,she/her,White,0|i02rk7:,Avoid an eviction,Come up with a plan to pay back rent,Find new housing,Stay out of court,36.8,A phone call to further explain where you would like assistance,,No,Full-time employment,,Ky ,,No,40118,2026-06-24 12:17:32.392,,"24/Jun/26 8:17 AM;712020:7919ac37-40c1-4b22-a858-9d188e7777ec;Neighbor 6 months pregnant and working. However, they were having issues with childcare and this was preventing them from working their full hours. While the childcare got worked out, neighbor was still behind. Neighbor reports needing assistance with rent and food.",,,,,,Done,06/Jul/26 10:36 AM
P0152,Name + DOB,Person P0152,NEIG-16319,57278,Connected Neighbor Profile,New Neighbor,,Johanna South,712020:3b2c2185-c76f-4d90-ad8c-9e260c73c318,Johanna South,712020:3b2c2185-c76f-4d90-ad8c-9e260c73c318,22/Jun/26 11:24 AM,13/Jul/26 3:14 PM,,Caretaker,ChronicHealthCondition,EACM,,,,James Bryant,Johanna South,712020:7919ac37-40c1-4b22-a858-9d188e7777ec,712020:3b2c2185-c76f-4d90-ad8c-9e260c73c318,1,Louisville,EACM,,,50.0,Unemployed but want to find work,Non-payment,Currently being evicted,Woman,Financial Stability Care Path,Transportation Care Path,,,Person with chronic health condition,,No,Rent- past due,0.0,I don't know,22/Jun/26 12:00 AM,Yes,Springhurst East Apartments,Medical emergency or other health needs,,,,Lost a job/had hours cut,1075.0,Yes,Yes,,No,2700.0,2,3,No,Call,Text,Medicaid,english,she/her,Black of African American,0|i02rhj:,Avoid an eviction,Come up with a plan to pay back rent,Get rental assistance,Stay out of court,,An email with available resources and next steps,A phone call to further explain where you would like assistance,No,No income,,Kentucky,LG&E,No,40241,2026-06-23 14:16:15.874,,23/Jun/26 10:16 AM;712020:7919ac37-40c1-4b22-a858-9d188e7777ec;Client is custodial grandmother seeking rent assistance,"01/Jul/26 12:12 AM;712020:b45b5172-67c2-45ac-81f5-e5089b0bea5a;Background was recently married for 20 years now separated. Learning to live life on her own, lost 3 jobs due to medical issues, taking care of grandchildren but not legalized by the courts.

Age: 50

Rent amount: 1075

LGE amount: behind $500

water amount: ???

outstanding debt estimate total: 18000

outstanding debt items: Student loans

Medical Insurance name: United Health

Source of Income: None

Income amount: None

Are you a veteran, disabled, military: No

 medical illness: Severe asthma, COPD, Severe arthritis

diagnosis or self-diagnose mental illness: possibly separation anxiety

HIV Survivor: No

Transportation: Adult children take her where she needs to go sometimes

Do you need to apply for disability: Yes

How many in the home: 3

How many children in the home: 2

children ages: 4 and 1

Highest level of education: some college

Interested in furthering your education: yes

Hobbies: bingo and grand kids

Seeking to move

Short term goals: Rent caught up - eviction $2700

seeking job or apply for disability

LGE paid $500

vehicle

Long term goals: going back to school

Recommendation: apply with Jewish or Hope and Door, Hope program as long as she has applied for disability.",,,,,To Do,13/Jul/26 3:14 PM
P0187,Name + DOB,Person P0187,NEIG-16305,57264,New Profile,Referral Only,,Johanna South,712020:3b2c2185-c76f-4d90-ad8c-9e260c73c318,Johanna South,712020:3b2c2185-c76f-4d90-ad8c-9e260c73c318,22/Jun/26 9:23 AM,01/Jul/26 3:54 PM,,Caretaker,SVC,Uninsured,Workforce-Unemployed,,,James Bryant,Johanna South,712020:7919ac37-40c1-4b22-a858-9d188e7777ec,712020:3b2c2185-c76f-4d90-ad8c-9e260c73c318,1,Louisville,SVC,,Na,24.0,Unemployed but want to find work,,Not being evicted,Man,Legal Assistance Care Path,,,,,,No,Rent- past due,100.0,Other,22/Jun/26 12:00 AM,No,Resource management ,Issues with child care,Job loss,Loss of job,,,,Yes,Yes,Na,No,,1,1,No,Call,Text,,English ,,Black of African American,0|i02ref:,,,,,,An email with available resources and next steps,,No,Part-time employment,,KY,,No,40212,2026-06-22 20:22:58.715,,"22/Jun/26 4:22 PM;712020:7919ac37-40c1-4b22-a858-9d188e7777ec;Seeking $1,000 in rent assistance out of $2,000 owed",,,,,,Done,01/Jul/26 3:54 PM
P0217,Name + DOB,Person P0217,NEIG-16301,57260,New Profile,Referral Only,,Johanna South,712020:3b2c2185-c76f-4d90-ad8c-9e260c73c318,Johanna South,712020:3b2c2185-c76f-4d90-ad8c-9e260c73c318,22/Jun/26 8:42 AM,21/Jul/26 2:37 PM,,Caretaker,MUSCL,Passport,Workforce-Unemployed,Young-adult,,James Bryant,Johanna South,712020:7919ac37-40c1-4b22-a858-9d188e7777ec,712020:3b2c2185-c76f-4d90-ad8c-9e260c73c318,3,Louisville ,MUSCL,,Harmony at Tucker station ,23.0,Unemployed but want to find work,Non-payment,Unknown,Woman,Financial Stability Care Path,Intimate Partner Violence Victim Care Path,,,,,Yes,Rent- past due,1500.0,Passport by Molina,22/Jun/26 12:00 AM,No,Jacob landing ,Job loss,Loss of job,,,Lost a job/had hours cut,925.0,Yes,Yes,,No,925.0,2,1,No,Call,Text,Medicaid,,Prefer not to answer,Black of African American,0|i02rdj:,Stay out of court,,,,61.667,A phone call to further explain where you would like assistance,,No,No income,,Kentucky ,,No,40219,2026-06-23 12:48:19.205,,23/Jun/26 8:48 AM;712020:7919ac37-40c1-4b22-a858-9d188e7777ec;Client is looking for rent assistance to fill the gap until they receive their first paycheck in July,24/Jun/26 8:18 AM;712020:7919ac37-40c1-4b22-a858-9d188e7777ec;Neighbor seeking $925 towards rent. JB referred to Housing Stabilization and explained eviction process. JB instructed client to sign up with Legal Aid when they receive eviction court date,"21/Jul/26 2:37 PM;712020:b45b5172-67c2-45ac-81f5-e5089b0bea5a;Rent: 925 behind 1850

Lge: 300

Water: included in rent

Ins. case manager -no

Insurance - Passport

Income: 2000

Vet/ disabled/ medical/ military - No

HIV - No

Transportation: 

apply for disability: No

Mental illness: No

move:

zip: 

How many in the home: 3

Children: 2 - age 2, 3

Education: in college

Debt total: 

Debt items:

Hobbies: Dental school

Short term goals: get life back on track

Long term goals: need help with rent lost my job she had for 3 years

Note: 

Recommendation: Housing Stabilization, legal aid, hope and door, passport, salvation army, 401k, fast program - ktap",,,,Done,01/Jul/26 3:51 PM
P0113,Name + DOB,Person P0113,NEIG-16293,57252,New Profile,Referral Only,,Johanna South,712020:3b2c2185-c76f-4d90-ad8c-9e260c73c318,Johanna South,712020:3b2c2185-c76f-4d90-ad8c-9e260c73c318,21/Jun/26 4:30 PM,01/Jul/26 3:48 PM,,JCPS,Passport,SLCM,Workforce-FinancialStability,,,James Bryant,Johanna South,712020:7919ac37-40c1-4b22-a858-9d188e7777ec,712020:3b2c2185-c76f-4d90-ad8c-9e260c73c318,5,Louisville ,SLCM,,Cash America pawn,32.0,Employed,Non-payment,Currently being evicted,Woman,Financial Stability Care Path,,,,,,No,Staying with friends/family,4000.0,Passport by Molina,21/Jun/26 12:00 AM,Yes,Marcus ,Eviction,,,,Have to pay other debt,1250.0,Yes,Yes,,No,2700.0,5,1,No,,,Medicaid,English ,she/her,,0|i02rbr:,Find new housing,Get rental assistance,,,31.25,An email with available resources and next steps,,No,Full-time employment,,Ky,LG&E,No,40215,2026-06-22 19:35:20.374,,22/Jun/26 3:35 PM;712020:7919ac37-40c1-4b22-a858-9d188e7777ec;Client seeking LG&E assistance in order to pay her own money towards first month’s rent and deposit. JB inquired about KTAP,"01/Jul/26 3:48 PM;712020:7919ac37-40c1-4b22-a858-9d188e7777ec;Client makes too much to qualify for KTAP, owes too much for utility assistance. JB referred to FEC",,,,,Done,01/Jul/26 3:48 PM
P0049,Name + DOB,Person P0049,NEIG-16248,57207,New Profile,Referral Only,,Johanna South,712020:3b2c2185-c76f-4d90-ad8c-9e260c73c318,Johanna South,712020:3b2c2185-c76f-4d90-ad8c-9e260c73c318,19/Jun/26 1:03 AM,01/Jul/26 3:38 PM,,ChronicHealthCondition,SLCM,Uninsured,Workforce-Unemployed,,,James Bryant,Johanna South,712020:7919ac37-40c1-4b22-a858-9d188e7777ec,712020:3b2c2185-c76f-4d90-ad8c-9e260c73c318,1,Louisville,SLCM,,,35.0,Unemployed but want to find work,Non-payment,Unknown,Man,Childcare Care Path,Financial Stability Care Path,Healthcare Care Path,Social Support,Person with a physical or mental disability,Person with chronic health condition,No,Rent- past due,0.0,Other,19/Jun/26 12:00 AM,No,Easton farris ,Household member left,Job loss,Loss of accessible transportation,Loss of job,Lost a job/had hours cut,900.0,Yes,Yes,,No,1300.0,1,1,No,Call,Text,,English ,he/him,White,0|i02r1r:,Avoid an eviction,,,,,An email with available resources and next steps,A phone call to further explain where you would like assistance,No,No income,,KY,,No,40215,2026-06-24 12:26:51.773,,"24/Jun/26 8:26 AM;712020:7919ac37-40c1-4b22-a858-9d188e7777ec;Neighbor seeking $1200 in rent assistance, $209 in LG&E assistance, and support with custody battle",,,,,,Done,01/Jul/26 3:38 PM
P0160,Name + DOB,Person P0160,NEIG-16234,57193,New Profile,Follow Up,,Johanna South,712020:3b2c2185-c76f-4d90-ad8c-9e260c73c318,Johanna South,712020:3b2c2185-c76f-4d90-ad8c-9e260c73c318,18/Jun/26 3:29 PM,01/Jul/26 4:10 PM,,JCPS,Passport,SLCM,Workforce-FinancialStability,,,Johanna South,Jonet Wright,712020:3b2c2185-c76f-4d90-ad8c-9e260c73c318,712020:b45b5172-67c2-45ac-81f5-e5089b0bea5a,3,Louisville,SLCM,,Shawnee Christian healthcare ,32.0,Employed,,Not being evicted,Woman,Behavioral Health Care Path,Financial Stability Care Path,Transportation Care Path,,,,Yes,Rent- past due,2600.0,Passport by Molina,18/Jun/26 12:00 AM,No,Joe,Household member left,Loss of accessible transportation,,,,,Yes,Yes,,No,,3,1,No,Call,Text,Medicaid,English,she/her,Black of African American,0|i02qyn:,,,,,,An email with available resources and next steps,A phone call to further explain where you would like assistance,No,Full-time employment,,Ky,Water,Yes,40215,2026-07-01 03:18:51.972,,"30/Jun/26 11:18 PM;712020:b45b5172-67c2-45ac-81f5-e5089b0bea5a;Rent amount 1400

LGE amount 300

water amount 300

outstanding debt estimate total: 15000

outstanding debt items

Medical Insurance name: Passport

Source of Income: 1200 biweekly income - Medical Assistance

Income amount: 1200 biweekly income

Are you a veteran, disabled, military, medical illness: no

HIV survivor: NO

Transportation: Temporary

diagnosis or self-diagnose mental illness: NA

Do you need to apply for disability: no

How many in the home: 4

How many children in the home: 3

children ages: 10, 7, 1

Highest level of education: Diploma

Interested in furthering your education: yes

Hobbies: NA

Seeking to move: Yes

Short term goals: Bigger Home

* how soon? Have to give 30 day notice 
* location? Prp , valley , jtown 
* 4-5 bedroom? 3-4 bedroom
* budget? 1100 to 1200 max
* any funds saved? Not at the moment 

Long term goals: Become a RN

JW will send links of places ",30/Jun/26 11:43 PM;712020:b45b5172-67c2-45ac-81f5-e5089b0bea5a;behind on rent and water,,,,,In Progress,22/Jun/26 3:32 PM
P0358,Name + DOB,Person P0358,NEIG-16230,57189,New Profile,Referral Only,,Johanna South,712020:3b2c2185-c76f-4d90-ad8c-9e260c73c318,Johanna South,712020:3b2c2185-c76f-4d90-ad8c-9e260c73c318,18/Jun/26 2:46 PM,03/Aug/26 1:42 PM,,Aetna,Caretaker,JCPS,SAM,Workforce-Underemployed,,James Bryant,Johanna South,712020:7919ac37-40c1-4b22-a858-9d188e7777ec,712020:3b2c2185-c76f-4d90-ad8c-9e260c73c318,2,Louisville,SAM,25/Jun/26 12:00 AM,Little sisters of the poor,31.0,Employed,Non-payment,Currently being evicted,Woman,Financial Stability Care Path,Legal Assistance Care Path,,,Person with a physical or mental disability,,Yes,Rent- past due,1850.0,Aetna,18/Jun/26 12:00 AM,No,Demetria Foster,Eviction,Medical emergency or other health needs,Reduction in hours at work,,Lost a job/had hours cut,640.0,Yes,Yes,,No,8000.0,2,1,No,Call,Text,Medicaid,English,she/her,Black of African American,0|i02qxr:,Avoid an eviction,Come up with a plan to pay back rent,Find new housing,Find public/subsidized housing,34.595,An email with available resources and next steps,A phone call to further explain where you would like assistance,No,Part-time employment,,KY,,No,40216,2026-08-03 17:42:43.245,,03/Aug/26 1:42 PM;712020:7919ac37-40c1-4b22-a858-9d188e7777ec;Client seeking legal representation and help finding new housing. Client stopped responding when JB inquired about budget for housing,,,,,,Done,03/Aug/26 1:42 PM
P0157,Name + DOB,Person P0157,NEIG-16215,57174,New Profile,Referral Only,,Johanna South,712020:3b2c2185-c76f-4d90-ad8c-9e260c73c318,Johanna South,712020:3b2c2185-c76f-4d90-ad8c-9e260c73c318,18/Jun/26 12:31 PM,01/Jul/26 3:35 PM,,HeritageGreen,SLCM,WellCare,Workforce-FinancialStability,,,James Bryant,Johanna South,712020:7919ac37-40c1-4b22-a858-9d188e7777ec,712020:3b2c2185-c76f-4d90-ad8c-9e260c73c318,3,Louisville,SLCM,,Papa johns and hibbets sporting goods ,23.0,Employed,,Not being evicted,Woman,Financial Stability Care Path,Food Care Path,,,Pregnant or recently postpartum,,No,Rent- past due,9000.0,WellCare,18/Jun/26 12:00 AM,No,Heritage green apartment ,Childbirth,,,,,,Yes,Yes,,No,,2,2,No,Text,,Medicare,English,she/her,White,0|i02quf:,,,,,,An email with available resources and next steps,A phone call to further explain where you would like assistance,No,Full-time employment,Part-time employment,Ky,,No,40214,2026-06-23 13:26:09.348,,23/Jun/26 9:26 AM;712020:7919ac37-40c1-4b22-a858-9d188e7777ec;Client seeking $400 towards rent,,,,,,Done,01/Jul/26 3:35 PM
P0184,Name + DOB,Person P0184,NEIG-16199,57158,New Profile,Referral Only,,Johanna South,712020:3b2c2185-c76f-4d90-ad8c-9e260c73c318,Johanna South,712020:3b2c2185-c76f-4d90-ad8c-9e260c73c318,18/Jun/26 10:38 AM,23/Jun/26 10:08 AM,,Humana-Medicaid,SLCM,Workforce-Underemployed,,,,James Bryant,Johanna South,712020:7919ac37-40c1-4b22-a858-9d188e7777ec,712020:3b2c2185-c76f-4d90-ad8c-9e260c73c318,0,Louisville ,SLCM,,Premier caregiver ,24.0,Employed,,Not being evicted,Woman,,,,,Pregnant or recently postpartum,,No,Rent- past due,2000.0,Humana,18/Jun/26 12:00 AM,Yes,Malissa ,Eviction,,,,,,Yes,Yes,No,No,,0,1,No,Call,Text,Medicaid,,she/her,Black of African American,0|i02qqv:,,,,,,,,No,Part-time employment,,Kentucky ,LG&E,No,40214,2026-06-23 14:06:41.638,,23/Jun/26 10:06 AM;712020:7919ac37-40c1-4b22-a858-9d188e7777ec;Client has disconnection notice with LG&E,,,,,,Done,23/Jun/26 10:08 AM
P0036,Name + DOB,Person P0036,NEIG-16180,57111,New Profile,Referral Only,,Johanna South,712020:3b2c2185-c76f-4d90-ad8c-9e260c73c318,Johanna South,712020:3b2c2185-c76f-4d90-ad8c-9e260c73c318,17/Jun/26 4:43 PM,01/Jul/26 3:30 PM,,Aetna,Caretaker,ChronicHealthCondition,JCPS,MUSCL,SNAP,James Bryant,Johanna South,712020:7919ac37-40c1-4b22-a858-9d188e7777ec,712020:3b2c2185-c76f-4d90-ad8c-9e260c73c318,2,Louisville,MUSCL,,Papa John’s ,29.0,Employed,,Not being evicted,Woman,Financial Stability Care Path,,,,Person with a physical or mental disability,,Yes,Rent- past due,2000.0,Aetna,17/Jun/26 12:00 AM,No,Tyler Shapanus,Issues with child care,Medical emergency or other health needs,Reduction in hours at work,Unexpected expense,,,Yes,Yes,"I tried muscl,neighborhood place,salvation army,district 21,st Vincent,other ministries,metro but nothing",Yes,,2,0,No,Text,,Medicaid,English,she/her,Black of African American,0|i02qmn:,,,,,,,,No,Food benefits - TANF/SNAP,Part-time employment,KY,,No,40213,2026-06-18 15:15:16.671,,"18/Jun/26 11:15 AM;712020:7919ac37-40c1-4b22-a858-9d188e7777ec;Client has been hitting a wall with finding rent assistance, has tried calling but seems unaware of actual application proceses",,,,,,Done,01/Jul/26 3:30 PM
P0276,Name + DOB,Person P0276,NEIG-16174,57105,Connected Neighbor Profile,Identifying Resources,,Johanna South,712020:3b2c2185-c76f-4d90-ad8c-9e260c73c318,Johanna South,712020:3b2c2185-c76f-4d90-ad8c-9e260c73c318,17/Jun/26 2:03 PM,30/Jul/26 3:03 PM,,Caretaker,Immigrant,JCPS,SLCM,SNAP,United,James Bryant,Jerry Englehart,712020:7919ac37-40c1-4b22-a858-9d188e7777ec,712020:54a6e8ea-caf8-4460-817b-69ed38af698c,3,louisville,SLCM,,none | previous was Crowne Services,30.0,Unemployed but want to find work,,Received 7 day notice,Woman,Financial Stability Care Path,,,,Person with a physical or mental disability,Person with chronic health condition,No,Rent- past due,0.0,United Healthcare,17/Jun/26 12:00 AM,Yes,Thomas Dhalia - Dhalia Properties,Medical emergency or other health needs,,,,Other,1200.0,Yes,Yes,,No,2400.0,3,1,No,Call,Text,Medicaid,swahili / english,she/her,Black of African American,0|i02qlb:,Avoid an eviction,Get rental assistance,Stay out of court,,,An email with available resources and next steps,A phone call to further explain where you would like assistance,No,Food benefits - TANF/SNAP,No income,ky,LG&E,Yes,40215,2026-07-02 12:34:09.215,,"02/Jul/26 8:34 AM;712020:7919ac37-40c1-4b22-a858-9d188e7777ec;Client seeking $1200 in rent assistance, and $300 towards lG&E",06/Jul/26 8:21 AM;712020:7919ac37-40c1-4b22-a858-9d188e7777ec;Client owes $105 to prevent disconnection,"20/Jul/26 11:12 AM;712020:7919ac37-40c1-4b22-a858-9d188e7777ec;[~accountid:712020:54a6e8ea-caf8-4460-817b-69ed38af698c] Can you work with Medi? She has started the KTAP application process but is needing to submit documents. She is being granted an exception to the work/volunteer requirements due to her son needing frequent medical treatment due to severe sickle cell anemia. I will forward you the email from Jennifer @ Kynect regarding what other documents she needs. She might need to pursue the FAST program, instead of regular KTAP, if her rent balance gets too high",,,,In Progress,22/Jul/26 1:24 PM
P0336,Name + DOB,Person P0336,NEIG-16171,57102,New Profile,Referral Only,,Johanna South,712020:3b2c2185-c76f-4d90-ad8c-9e260c73c318,Johanna South,712020:3b2c2185-c76f-4d90-ad8c-9e260c73c318,17/Jun/26 1:55 PM,07/Jul/26 10:45 AM,,AdvocacyStoryShareOffer,Caretaker,ChronicHealthCondition,HeritageGreen,JCPS,LMHA,James Bryant,Johanna South,712020:7919ac37-40c1-4b22-a858-9d188e7777ec,712020:3b2c2185-c76f-4d90-ad8c-9e260c73c318,7,Louisville,SLCM,,N/a,31.0,Unemployed but want to find work,,Not being evicted,Woman,Financial Stability Care Path,,,,Person with a physical or mental disability,,,Other,994.0,Passport by Molina,17/Jun/26 12:00 AM,No,Heritage Green,Issues with child care,Job loss,Loss of job,,,,Yes,Yes,,No,,More than 5,0,No,Call,Text,Medicaid,English,she/her,Black of African American,0|i02qkn:,,,,,,An email with available resources and next steps,A phone call to further explain where you would like assistance,Yes,Food benefits - TANF/SNAP,Social Security - SSI/SSDI,KY,,No,40214,2026-06-23 14:17:26.528,,23/Jun/26 10:17 AM;712020:7919ac37-40c1-4b22-a858-9d188e7777ec;Seeking deposit assistance of 1295,,,,,,Done,01/Jul/26 3:27 PM
P0159,Name + DOB,Person P0159,NEIG-16164,57095,New Profile,Referral Only,,Johanna South,712020:3b2c2185-c76f-4d90-ad8c-9e260c73c318,Johanna South,712020:3b2c2185-c76f-4d90-ad8c-9e260c73c318,17/Jun/26 1:12 PM,01/Jul/26 3:21 PM,,Caretaker,Eviction_Court,SLCM,,,,James Bryant,Johanna South,712020:7919ac37-40c1-4b22-a858-9d188e7777ec,712020:3b2c2185-c76f-4d90-ad8c-9e260c73c318,1,Louisville,SLCM,22/Jun/26 12:00 AM,,34.0,Unemployed but want to find work,Non-payment,Currently being evicted,Woman,Financial Stability Care Path,Pregnancy/Postpartum Care Path,,,Pregnant or recently postpartum,,No,Rent- past due,0.0,United Healthcare,17/Jun/26 12:00 AM,No,Lrei property management ,Childbirth,Job loss,,,Lost a job/had hours cut,970.0,Yes,Yes,,No,2910.0,4,1,No,Text,,Medicaid,English,she/her,Black of African American,0|i02qj3:,Avoid an eviction,Get rental assistance,Stay out of court,,,An email with available resources and next steps,A phone call to further explain where you would like assistance,No,No income,,KY,,No,40214,2026-07-01 19:21:03.768,,"01/Jul/26 3:21 PM;712020:7919ac37-40c1-4b22-a858-9d188e7777ec;Client seeking eviction prevention, but owes too much to qualify for assistance",,,,,,Done,01/Jul/26 3:21 PM
P0006,Name + DOB,Person P0006,NEIG-16162,57093,New Profile,Referral Only,,Johanna South,712020:3b2c2185-c76f-4d90-ad8c-9e260c73c318,Johanna South,712020:3b2c2185-c76f-4d90-ad8c-9e260c73c318,17/Jun/26 12:51 PM,01/Jul/26 3:17 PM,,Caretaker,LGBTQIA+,Passport,SLCM,Workforce-FinancialStability,Young-adult,James Bryant,Johanna South,712020:7919ac37-40c1-4b22-a858-9d188e7777ec,712020:3b2c2185-c76f-4d90-ad8c-9e260c73c318,3,Louisville,SLCM,,William,23.0,Employed,,Not being evicted,Woman,,,,,LGBTQIA+,,No,Other,1400.0,Passport by Molina,17/Jun/26 12:00 AM,Yes,Michelle,Childbirth,,,,,,Yes,Yes,,No,,3,1,No,Text,,Medicare,English,she/her,Black of African American,0|i02qin:,,,,,,An email with available resources and next steps,A phone call to further explain where you would like assistance,No,Full-time employment,,Kentucky,LG&E,No,40214,2026-06-24 12:50:14.002,,24/Jun/26 8:50 AM;712020:7919ac37-40c1-4b22-a858-9d188e7777ec;Neighbor seeking rent and utility assistance. JB referred to Sweet Evening Breeze,,,,,,Done,01/Jul/26 3:17 PM
P0290,Name + DOB,Person P0290,NEIG-16134,57065,New Profile,Unable to Contact,,Johanna South,712020:3b2c2185-c76f-4d90-ad8c-9e260c73c318,Johanna South,712020:3b2c2185-c76f-4d90-ad8c-9e260c73c318,17/Jun/26 11:22 AM,03/Aug/26 1:39 PM,,Passport,SLCM,Workforce-FinancialStability,,,,James Bryant,Johanna South,712020:7919ac37-40c1-4b22-a858-9d188e7777ec,712020:3b2c2185-c76f-4d90-ad8c-9e260c73c318,2,Louisville,SLCM,17/Aug/26 12:00 AM,Waffle house,32.0,"Employed, but need more hours and/or different work",Non-payment,Currently being evicted,Woman,Financial Stability Care Path,,,,Person with chronic health condition,Pregnant or recently postpartum,Yes,Rent- past due,2100.0,Passport by Molina,17/Jun/26 12:00 AM,No,Austin Nelson ,Medical emergency or other health needs,Reduction in hours at work,Unexpected expense,,Unexpected expense,920.0,Yes,Yes,,No,1200.0,1,1,No,Call,Text,Medicaid,English,she/her,White,0|i02qcf:,Avoid an eviction,Find new housing,Get rental assistance,Stay out of court,43.81,An email with available resources and next steps,,No,Full-time employment,,Ky,,No,40214,2026-07-27 12:42:38.405,,27/Jul/26 8:42 AM;712020:7919ac37-40c1-4b22-a858-9d188e7777ec;Jonet’s notes: “behind on rent 933 water included need added support”,,,,,,Done,03/Aug/26 1:39 PM
P0370,Name + DOB,Person P0370,NEIG-16129,57060,New Profile,Follow Up,,Johanna South,712020:3b2c2185-c76f-4d90-ad8c-9e260c73c318,Johanna South,712020:3b2c2185-c76f-4d90-ad8c-9e260c73c318,17/Jun/26 10:50 AM,01/Jul/26 4:09 PM,,CLCM,JCPS,Passport,Workforce-FinancialStability,,,Johanna South,Jonet Wright,712020:3b2c2185-c76f-4d90-ad8c-9e260c73c318,712020:b45b5172-67c2-45ac-81f5-e5089b0bea5a,1,Louisville,CLCM,,Norton healthcare ,-1.0,Employed,Non-payment,Unknown,Woman,Financial Stability Care Path,Legal Assistance Care Path,Transportation Care Path,,,,No,Rent- past due,2500.0,Passport by Molina,17/Jun/26 12:00 AM,No,HPI,Issues with child care,Loss of accessible transportation,,,Have to pay other debt,1125.0,Yes,Yes,,No,1175.0,3,4,No,Text,,Medicaid,English,she/her,Black of African American,0|i02qbb:,Avoid an eviction,Find public/subsidized housing,Get more time to move out,Get rental assistance,45.0,A phone call to further explain where you would like assistance,,No,Full-time employment,,KY,,No,40208,2026-07-01 03:35:52.437,,"30/Jun/26 11:35 PM;712020:b45b5172-67c2-45ac-81f5-e5089b0bea5a;Rent amount 1125 current for June need assistance with July

LGE amount: 150 behind

water amount: 150 behind

outstanding debt estimate total: over 10000

outstanding debt items: car, student loans, etc.

Medical Insurance name: Passport

Source of Income: No ktap, Food stamps 390 / month

Income amount: 2300

Are you a veteran, disabled, military, medical illness: no

HIV survivor: no

Transportation: own

diagnosis or self-diagnose mental illness: ??

Do you need to apply for disability: ??

How many in the home: 4

How many children in the home: 3 sons

children ages: 7, 5, 4

Highest level of education: HS Diploma

Interested in furthering your education: Starting Aug 4th

Hobbies: NA

Seeking to move:

Short term goals: in process to live on property at scholar house, starting school, kids ready for school

Long term goals: stable vehicle, finish school, financial stable

Recommendation: 40208 I believe central ministries area, Norton employee assistance, passport insurance, SLCM could assist with lge and water since its so low but not suggested to client, housing stabilization apply thursday, 401k.



***Will need assistance on navigating on how to live on property at the scholar house.

Will need to do budget to see if eligible for purchasing a vehicle

assisting with getting kids ready for school year.",,,,,,In Progress,22/Jun/26 3:33 PM
P0119,Name + DOB,Person P0119,NEIG-16109,57040,New Profile,Follow Up,,Johanna South,712020:3b2c2185-c76f-4d90-ad8c-9e260c73c318,Johanna South,712020:3b2c2185-c76f-4d90-ad8c-9e260c73c318,16/Jun/26 5:16 PM,01/Jul/26 4:06 PM,,JCPS,LMHA,SLCM,WellCare,,,James Bryant,Johanna South,712020:7919ac37-40c1-4b22-a858-9d188e7777ec,712020:3b2c2185-c76f-4d90-ad8c-9e260c73c318,2,Fairdale,SLCM,,,25.0,Unemployed but want to find work,,Not being evicted,Woman,Behavioral Health Care Path,Pregnancy/Postpartum Care Path,Social Support,,,,No,Rent - nothing past due,0.0,WellCare,16/Jun/26 12:00 AM,Yes,,Death in the family,Job loss,,,,,Yes,Yes,,No,,2,1,No,Call,Text,Medicaid,English ,she/her,Black of African American,0|i02q6v:,,,,,,An email with available resources and next steps,A phone call to further explain where you would like assistance,Yes,No income,,Kentucky,LG&E,No,40118,2026-06-22 18:13:30.013,,22/Jun/26 2:13 PM;712020:7919ac37-40c1-4b22-a858-9d188e7777ec;6/17/26 JB initial contact attempt,"30/Jun/26 11:09 PM;712020:b45b5172-67c2-45ac-81f5-e5089b0bea5a;New number [REDACTED PHONE]

Insurance - WellCare

No case manager with WellCare

Income 200

is not veteran, disabled, medical issues, military

not a HIV survivor

has transportation

3 people in the home

children #2 ages 5 &6

Highest level of education - 11th grade

rent $200

LGE $516.83

Hobbies: cook, clean, read books

short term goals: Finding a job I like

** ONLY need lge assistance

Not sure on debt total and debt items????

Recommendation: SLCM, Salvation army, Walk in to Bridges of Hope, Ktap

Confirmed SLCM appt for {{2026-07-01}}","01/Jul/26 1:59 PM;712020:b45b5172-67c2-45ac-81f5-e5089b0bea5a;Update: met in person today 7.1.26

Has no case manager with Wellcare

No income family help only

Section 8 and 200 is her portion on the rent

Debt total: 8000

Debt item: Car

LGE - paid by SLCM Clare approval 7.1.26 Abigail assisted

Wants to be a part of our 0-5 program 

Goals to work on: Like this to be emailed information

* applying for ktap - ktap letter
* applying for rap program to move
* Is currently pregnant - interested in classes and baby items
* Would like to attend GED classes in the afternoon preferably
* One on one with JW afternoons
* Seeking 4 bd in area of Southern pkwy, poplar level, Newburg",,,,In Progress,17/Jun/26 8:54 AM
P0327,Name + DOB,Person P0327,NEIG-16098,57029,New Profile,Referral Only,,Johanna South,712020:3b2c2185-c76f-4d90-ad8c-9e260c73c318,Johanna South,712020:3b2c2185-c76f-4d90-ad8c-9e260c73c318,16/Jun/26 1:52 PM,05/Aug/26 8:58 AM,,Eviction_Court,JCPS,Passport,SLCM,SNAP,SSDI,James Bryant,Johanna South,712020:7919ac37-40c1-4b22-a858-9d188e7777ec,712020:3b2c2185-c76f-4d90-ad8c-9e260c73c318,3,Louisville,SLCM,22/Jul/26 12:00 AM,N/a i have orientation with the goodwill 6/23/26,31.0,Other,Non-payment,Currently being evicted,Woman,Financial Stability Care Path,Legal Assistance Care Path,,,Person with a physical or mental disability,Pregnant or recently postpartum,Yes,Rent- past due,1000.0,Passport by Molina,16/Jun/26 12:00 AM,Yes,Sun residental,Job loss,Loss of accessible transportation,Loss of job,Reduction in or loss of benefits,Unexpected expense,943.0,Yes,Yes,,No,2446.0,3,1,No,Call,Text,Medicaid,English,she/her,Black of African American,0|i02q4f:,Avoid an eviction,Come up with a plan to pay back rent,Get rental assistance,Landlord fixes my home,94.3,An email with available resources and next steps,A phone call to further explain where you would like assistance,No,Food benefits - TANF/SNAP,Social Security - SSI/SSDI,KY,LG&E,No,40215,2026-06-22 18:02:53.739,,"22/Jun/26 2:02 PM;712020:7919ac37-40c1-4b22-a858-9d188e7777ec;Client seeking $2,445 in rent, about to start Goodwill on 6/23/26. Client was denied by Hope and Door",,,,,,Done,01/Jul/26 3:14 PM
P0346,Name + DOB,Person P0346,NEIG-16088,57019,New Profile,Referral Only,,Johanna South,712020:3b2c2185-c76f-4d90-ad8c-9e260c73c318,Johanna South,712020:3b2c2185-c76f-4d90-ad8c-9e260c73c318,16/Jun/26 1:13 PM,06/Jul/26 10:28 AM,,JCPS,Passport,SLCM,,,,James Bryant,Johanna South,712020:7919ac37-40c1-4b22-a858-9d188e7777ec,712020:3b2c2185-c76f-4d90-ad8c-9e260c73c318,3,Louisville,SLCM,,,30.0,Other,,Not being evicted,Woman,Food Care Path,,,,,,No,Rent - nothing past due,0.0,Passport by Molina,16/Jun/26 12:00 AM,Yes,Haskins Properties ,Job loss,,,,,,Yes,Yes,,No,,3,1,No,Call,Text,Medicaid,English ,she/her,White,0|i02q27:,,,,,,An email with available resources and next steps,A phone call to further explain where you would like assistance,No,No income,,Kentucky,LG&E,Yes,40215,2026-06-22 18:12:22.7,,22/Jun/26 2:12 PM;712020:7919ac37-40c1-4b22-a858-9d188e7777ec;Client seeking LG&E and water assistance,,,,,,Done,06/Jul/26 10:28 AM
P0300,Name + DOB,Person P0300,NEIG-16085,57016,New Profile,Referral Only,,Johanna South,712020:3b2c2185-c76f-4d90-ad8c-9e260c73c318,Johanna South,712020:3b2c2185-c76f-4d90-ad8c-9e260c73c318,16/Jun/26 1:10 PM,20/Jul/26 3:04 PM,,JCPS,Passport,SLCM,,,,James Bryant,Johanna South,712020:7919ac37-40c1-4b22-a858-9d188e7777ec,712020:3b2c2185-c76f-4d90-ad8c-9e260c73c318,5,Louisville,SLCM,,Beargrass Creek Tavern ,31.0,"Employed, but need more hours and/or different work",,Not being evicted,Man,,,,,,,No,Rent - nothing past due,1500.0,Passport by Molina,16/Jun/26 12:00 AM,Yes,Mrs. V,Reduction in hours at work,Unexpected expense,,,,,Yes,Yes,,No,,4,1,No,Call,Text,Medicaid,English ,he/him,Black of African American,0|i02q1j:,,,,,,An email with available resources and next steps,A phone call to further explain where you would like assistance,No,Full-time employment,,KY,LG&E,No,40208,2026-06-22 18:04:44.227,,22/Jun/26 2:04 PM;712020:7919ac37-40c1-4b22-a858-9d188e7777ec;6/17/26 JB initial contact attempt,"20/Jul/26 3:04 PM;712020:7919ac37-40c1-4b22-a858-9d188e7777ec;I can see this client received utility assistance already, marking as goal no longer needed",,,,,Done,20/Jul/26 3:04 PM
P0385,Name + DOB,Person P0385,NEIG-16058,56989,New Profile,Referral Only,,Johanna South,712020:3b2c2185-c76f-4d90-ad8c-9e260c73c318,Johanna South,712020:3b2c2185-c76f-4d90-ad8c-9e260c73c318,16/Jun/26 11:50 AM,06/Jul/26 10:27 AM,,JCPS,LMHA,Passport,SLCM,SNAP,,James Bryant,Johanna South,712020:7919ac37-40c1-4b22-a858-9d188e7777ec,712020:3b2c2185-c76f-4d90-ad8c-9e260c73c318,3,Louisville,SLCM,,N/a,26.0,Unemployed but want to find work,,Not being evicted,Woman,Financial Stability Care Path,Legal Assistance Care Path,,,Pregnant or recently postpartum,,No,Rent- past due,0.0,Passport by Molina,16/Jun/26 12:00 AM,No,Jackie ,Childbirth,,,,,,Yes,Yes,,No,,3,1,No,Call,Text,Medicaid,English ,she/her,Black of African American,0|i02pvj:,,,,,,An email with available resources and next steps,A phone call to further explain where you would like assistance,Yes,Food benefits - TANF/SNAP,Other,KY,LG&E,No,40215,2026-06-22 18:12:04.634,,22/Jun/26 2:12 PM;712020:7919ac37-40c1-4b22-a858-9d188e7777ec;Client seeking water and deposit assistance,,,,,,Done,06/Jul/26 10:27 AM
P0180,Name + DOB,Person P0180,NEIG-16007,56938,New Profile,Referral Only,,Johanna South,712020:3b2c2185-c76f-4d90-ad8c-9e260c73c318,Johanna South,712020:3b2c2185-c76f-4d90-ad8c-9e260c73c318,15/Jun/26 7:33 PM,25/Jun/26 12:49 PM,,Caretaker,ChronicHealthCondition,JCPS,Passport,SLCM,SSDI,James Bryant,Johanna South,712020:7919ac37-40c1-4b22-a858-9d188e7777ec,712020:3b2c2185-c76f-4d90-ad8c-9e260c73c318,5,Louisville,SLCM,,,32.0,Unemployed and not looking for work,Non-payment,Unknown,Woman,Intimate Partner Violence Victim Care Path,,,,Person with chronic health condition,,No,Rent- past due,994.0,Passport by Molina,15/Jun/26 12:00 AM,Yes,Jason brown,Unexpected expense,,,,Lost a job/had hours cut,1600.0,Yes,Yes,None need help with lge or past due rent mainly lge is due to be off,Yes,1600.0,5,1,No,Call,Text,Medicaid,English,she/her,White,0|i02pk7:,Avoid an eviction,Stay out of court,,,160.966,An email with available resources and next steps,,No,Social Security - SSI/SSDI,,KY,LG&E,No,40214,2026-06-24 12:42:55.999,,24/Jun/26 8:42 AM;712020:7919ac37-40c1-4b22-a858-9d188e7777ec;Neighbor seeking water and LG&E assistance,"25/Jun/26 12:48 PM;712020:7919ac37-40c1-4b22-a858-9d188e7777ec;Client reports not wanting to take out KTAP due to child support stipulation. Client specified that father of children helps with diapers and clothes. JB sent resources for diapers and children’s clothing, and mentioned that these are pretty easy to get from available resources. JB asked “your chart mentions a potential safety concern, is this something you are able to talk about right now or would want resources for?” Client ended conversation. ",,,,,Done,25/Jun/26 12:49 PM
P0051,Name + DOB,Person P0051,NEIG-15996,56927,New Profile,Unable to Contact,,Johanna South,712020:3b2c2185-c76f-4d90-ad8c-9e260c73c318,Johanna South,712020:3b2c2185-c76f-4d90-ad8c-9e260c73c318,15/Jun/26 3:54 PM,31/Jul/26 9:08 AM,,JCPS,Passport,SLCM,Young-adult,,,James Bryant,Johanna South,712020:7919ac37-40c1-4b22-a858-9d188e7777ec,712020:3b2c2185-c76f-4d90-ad8c-9e260c73c318,1,Louisville ,SLCM,,"Ups , rigjt at home ",18.0,Employed,,Not being evicted,Woman,Childcare Care Path,Financial Stability Care Path,Food Care Path,,Pregnant or recently postpartum,,No,Other,2237.0,Passport by Molina,15/Jun/26 12:00 AM,No,Janice atkins ,Job loss,,,,,,Yes,Yes,.,Yes,,1,2,No,Text,,Other,English ,she/her,,0|i02phr:,,,,,,A phone call to further explain where you would like assistance,,No,Full-time employment,,Ky,,No,40215,2026-06-22 18:13:46.152,,22/Jun/26 2:13 PM;712020:7919ac37-40c1-4b22-a858-9d188e7777ec;6/17/26 JB initial contact attempt,31/Jul/26 9:08 AM;712020:7919ac37-40c1-4b22-a858-9d188e7777ec;UTC due to unsuccessful text call and email outreach,,,,,Done,31/Jul/26 9:08 AM
P0138,Name + DOB,Person P0138,NEIG-15983,56914,New Profile,Unable to Contact,,Johanna South,712020:3b2c2185-c76f-4d90-ad8c-9e260c73c318,Johanna South,712020:3b2c2185-c76f-4d90-ad8c-9e260c73c318,15/Jun/26 1:03 PM,07/Jul/26 11:21 AM,,LMHA,Passport,SLCM,SNAP,,,James Bryant,Johanna South,712020:7919ac37-40c1-4b22-a858-9d188e7777ec,712020:3b2c2185-c76f-4d90-ad8c-9e260c73c318,5,Louisville ,SLCM,,,26.0,Unemployed but want to find work,,Not being evicted,Woman,Behavioral Health Care Path,,,,,,No,Rent - nothing past due,0.0,Passport by Molina,15/Jun/26 12:00 AM,Yes,Cardinal hill apartments ,Other,Unexpected expense,,,,,Yes,Yes,,No,,1,1,No,Call,Text,Medicaid,English ,she/her,White,0|i02pev:,,,,,,An email with available resources and next steps,A phone call to further explain where you would like assistance,Yes,Food benefits - TANF/SNAP,,KY,,No,40214,2026-06-22 18:13:55.877,,"22/Jun/26 2:13 PM;712020:7919ac37-40c1-4b22-a858-9d188e7777ec;Client seeking LG&E assistance, has not responded as to what occurred to where they cannot pay",,,,,,Done,01/Jul/26 2:58 PM
P0254,Name + DOB,Person P0254,NEIG-15969,56900,New Profile,Referral Only,,Johanna South,712020:3b2c2185-c76f-4d90-ad8c-9e260c73c318,Johanna South,712020:3b2c2185-c76f-4d90-ad8c-9e260c73c318,15/Jun/26 12:23 PM,01/Jul/26 2:56 PM,,JCPS,Passport,SLCM,SNAP,SSDI,,James Bryant,Johanna South,712020:7919ac37-40c1-4b22-a858-9d188e7777ec,712020:3b2c2185-c76f-4d90-ad8c-9e260c73c318,1,Louisville ,SLCM,,Jarl security ,37.0,"Employed, but need more hours and/or different work",Non-payment,Unknown,Woman,Financial Stability Care Path,Pregnancy/Postpartum Care Path,Transportation Care Path,,Pregnant or recently postpartum,,Yes,Rent- past due,356.0,Passport by Molina,15/Jun/26 12:00 AM,No,Nick,Medical emergency or other health needs,Other,Reduction in hours at work,,Other,1050.0,Yes,Yes,,No,1917.0,1,1,No,Call,Text,Medicaid,English ,she/her,,0|i02pbr:,Avoid an eviction,Come up with a plan to pay back rent,Get rental assistance,,294.944,An email with available resources and next steps,A phone call to further explain where you would like assistance,No,Food benefits - TANF/SNAP,Part-time employment,Ky,,No,40214,2026-06-24 12:39:13.971,,"24/Jun/26 8:39 AM;712020:7919ac37-40c1-4b22-a858-9d188e7777ec;Neighbor seeking rent assistance, owes $1800 . Neighbor has been having pregnancy related sickness causing her to lose employment opportunities",,,,,,Done,01/Jul/26 2:56 PM
P0206,Name + DOB,Person P0206,NEIG-15945,56876,New Profile,Referral Only,,Johanna South,712020:3b2c2185-c76f-4d90-ad8c-9e260c73c318,Johanna South,712020:3b2c2185-c76f-4d90-ad8c-9e260c73c318,15/Jun/26 10:08 AM,06/Jul/26 10:25 AM,,JCPS,LMHA,Passport,SLCM,Veteran,Workforce-Unemployed,James Bryant,Johanna South,712020:7919ac37-40c1-4b22-a858-9d188e7777ec,712020:3b2c2185-c76f-4d90-ad8c-9e260c73c318,4,Fairdale,SLCM,,,44.0,Unemployed but want to find work,,Not being evicted,Man,Childcare Care Path,Financial Stability Care Path,Transportation Care Path,,Veteren,,No,Rent - nothing past due,0.0,Passport by Molina,15/Jun/26 12:00 AM,Yes,Bill McKnight ,Issues with child care,Job loss,Loss of accessible transportation,Loss of job,,,Yes,Yes,,No,,4,5,No,Call,Text,Medicaid,English ,he/him,White,0|i02p6f:,,,,,,An email with available resources and next steps,A phone call to further explain where you would like assistance,Yes,No income,,KY,LG&E,Yes,40118,2026-06-15 16:24:20.02,,15/Jun/26 12:24 PM;712020:7919ac37-40c1-4b22-a858-9d188e7777ec;6/15/26 JB initial contact via simpletext,18/Jun/26 10:28 AM;712020:7919ac37-40c1-4b22-a858-9d188e7777ec;Client seeking water and LG&E assistance,"22/Jun/26 2:11 PM;712020:7919ac37-40c1-4b22-a858-9d188e7777ec;Veteran seeking utility assistance, JB referred to USA Cares",,,,Done,06/Jul/26 10:25 AM
P0323,Name + DOB,Person P0323,NEIG-15942,56873,New Profile,Referral Only,,Johanna South,712020:3b2c2185-c76f-4d90-ad8c-9e260c73c318,Johanna South,712020:3b2c2185-c76f-4d90-ad8c-9e260c73c318,15/Jun/26 10:05 AM,08/Jul/26 4:23 PM,,Caretaker,JCPS,Passport,SLCM,SSDI,Workforce-FinancialStability,James Bryant,Johanna South,712020:7919ac37-40c1-4b22-a858-9d188e7777ec,712020:3b2c2185-c76f-4d90-ad8c-9e260c73c318,3,Louisville,SLCM,,,40.0,Unemployed and not looking for work,Other,Unknown,Woman,Pregnancy/Postpartum Care Path,,,,Person with a physical or mental disability,Pregnant or recently postpartum,No,Rent- past due,4000.0,Passport by Molina,15/Jun/26 12:00 AM,Yes,The Kensington ,Job loss,,,,Lost a job/had hours cut,1100.0,Yes,Yes,,No,1879.63,2,2,No,Call,Text,Medicaid,English,she/her,White,0|i02p5r:,Avoid an eviction,Get rental assistance,Stay out of court,,27.5,A phone call to further explain where you would like assistance,,No,Full-time employment,Social Security - SSI/SSDI,KY,LG&E,No,40214,2026-06-15 16:24:27.587,,15/Jun/26 12:24 PM;712020:7919ac37-40c1-4b22-a858-9d188e7777ec;6/15/26 JB initial contact via simpletext,22/Jun/26 2:02 PM;712020:7919ac37-40c1-4b22-a858-9d188e7777ec;Client seeking rent ($1880) and LG&E assistance,,,,,Done,01/Jul/26 2:52 PM
P0309,Name + DOB,Person P0309,NEIG-15931,56862,New Profile,Referral Only,,Johanna South,712020:3b2c2185-c76f-4d90-ad8c-9e260c73c318,Johanna South,712020:3b2c2185-c76f-4d90-ad8c-9e260c73c318,15/Jun/26 8:31 AM,01/Jul/26 2:51 PM,,JCPS,Passport,SLCM,,,,James Bryant,Johanna South,712020:7919ac37-40c1-4b22-a858-9d188e7777ec,712020:3b2c2185-c76f-4d90-ad8c-9e260c73c318,3,Louisville,SLCM,,Our care community,27.0,Employed,,Not being evicted,Woman,Financial Stability Care Path,Transportation Care Path,,,,,No,Rent - nothing past due,2500.0,Passport by Molina,15/Jun/26 12:00 AM,Yes,,Household member left,Incarceration,,,,,Yes,Yes,,No,,3,0,No,Call,,Medicaid,English ,she/her,Black of African American,0|i02p3b:,,,,,,A phone call to further explain where you would like assistance,,No,Full-time employment,,KY,LG&E,Yes,40208,2026-06-15 16:24:50.847,,15/Jun/26 12:24 PM;712020:7919ac37-40c1-4b22-a858-9d188e7777ec;6/15/26 JB initial contact via simpletext,"22/Jun/26 2:03 PM;712020:7919ac37-40c1-4b22-a858-9d188e7777ec;Client seeking LG&E assistance, is still connected, JB referred to Salvation Army",,,,,Done,01/Jul/26 2:51 PM
P0223,Name + DOB,Person P0223,NEIG-15923,56854,New Profile,Follow Up,,Johanna South,712020:3b2c2185-c76f-4d90-ad8c-9e260c73c318,Johanna South,712020:3b2c2185-c76f-4d90-ad8c-9e260c73c318,15/Jun/26 1:47 AM,08/Jul/26 11:08 AM,,JCPS,Passport,SAM,Workforce-Unemployed,,,James Bryant,Johanna South,712020:7919ac37-40c1-4b22-a858-9d188e7777ec,712020:3b2c2185-c76f-4d90-ad8c-9e260c73c318,2,Louisville,SAM,,,26.0,Unemployed but want to find work,,Not being evicted,Woman,Behavioral Health Care Path,,,,Person with a physical or mental disability,Person with cancer,No,Rent- past due,0.0,Passport by Molina,15/Jun/26 12:00 AM,Yes,,Death in the family,Medical emergency or other health needs,,,,,Yes,Yes,,No,,2,1,No,Text,,,english,she/her,White,0|i02p1j:,,,,,,An email with available resources and next steps,,No,No income,,Ky,LG&E,Yes,40216,2026-06-15 16:27:31.68,,15/Jun/26 12:27 PM;712020:7919ac37-40c1-4b22-a858-9d188e7777ec;6/15/26 JB initial contact via simpletext,18/Jun/26 10:31 AM;712020:7919ac37-40c1-4b22-a858-9d188e7777ec;Client seeking utility assistance,"01/Jul/26 3:28 PM;712020:b45b5172-67c2-45ac-81f5-e5089b0bea5a;Rent amount: $1500

LGE amount $375

water amount $246

outstanding debt estimate total $13000

outstanding debt items: credit cards

Medical Insurance name: no insurance

Source of Income: Norton

Income amount: I have been off work, im just returning. My income has been $0

Are you a veteran, disabled, military, medical illness- medical illness

diagnosis or self diagnose mental illness- medically diagnosed 

Do you need to apply for disability-no

How many in the home-3

How many children in the home-2

children ages- 9 & 2

Highest level of education- Highschool diploma

Interested in furthering your education- yes

Hobbies- being a mother, gardening, crafting

HIV Survivor:

Transportation

Bills need paid

vet

Seeking to move

Short term goals:

pay my bills, get out of this hole im in, and never get back in one again. 

Long term goals

debt free, stress free, happy, healthy. ",,,,In Progress,08/Jul/26 11:08 AM
P0364,Name + DOB,Person P0364,NEIG-15892,56823,New Profile,Referral Only,,Johanna South,712020:3b2c2185-c76f-4d90-ad8c-9e260c73c318,Johanna South,712020:3b2c2185-c76f-4d90-ad8c-9e260c73c318,13/Jun/26 12:16 PM,06/Jul/26 10:24 AM,,Anthem,SLCM,SNAP,Young-adult,,,James Bryant,Johanna South,712020:7919ac37-40c1-4b22-a858-9d188e7777ec,712020:3b2c2185-c76f-4d90-ad8c-9e260c73c318,1,Louisville,SLCM,,Home depot,24.0,Unemployed but want to find work,,Not being evicted,Woman,Financial Stability Care Path,Transportation Care Path,,,,,No,Rent - nothing past due,49.62,Anthem,13/Jun/26 12:00 AM,Yes,Lrei company,Job loss,Reduction in hours at work,,,,,Yes,Yes,,No,,1,1,No,Call,Text,Medicaid,English,she/her,Black of African American,0|i02oun:,,,,,,An email with available resources and next steps,A phone call to further explain where you would like assistance,No,Food benefits - TANF/SNAP,,KY,LG&E,No,40214-4276,2026-06-15 16:26:09.6,,15/Jun/26 12:26 PM;712020:7919ac37-40c1-4b22-a858-9d188e7777ec;6/15/26 JB initial contact via simpletext,22/Jun/26 2:10 PM;712020:7919ac37-40c1-4b22-a858-9d188e7777ec;Client had been seeking utility assistance,,,,,Done,06/Jul/26 10:24 AM
P0384,Name + DOB,Person P0384,NEIG-15860,56791,New Profile,Referral Only,,Johanna South,712020:3b2c2185-c76f-4d90-ad8c-9e260c73c318,Johanna South,712020:3b2c2185-c76f-4d90-ad8c-9e260c73c318,12/Jun/26 5:08 PM,06/Jul/26 10:24 AM,,JCPS,LMHA,Passport,SLCM,SNAP,Workforce-Underemployed,James Bryant,Johanna South,712020:7919ac37-40c1-4b22-a858-9d188e7777ec,712020:3b2c2185-c76f-4d90-ad8c-9e260c73c318,1,Louisville ,SLCM,,Home instead senior care ,28.0,"Employed, but need more hours and/or different work",,Not being evicted,Woman,Behavioral Health Care Path,Children's Education,Social Support,,Pregnant or recently postpartum,,No,Other,600.0,Passport by Molina,12/Jun/26 12:00 AM,Yes,,Issues with child care,Other,Reduction in hours at work,Unexpected expense,,,Yes,Yes,,No,,2,1,No,Text,,Medicaid,English ,she/her,Black of African American,0|i02onj:,,,,,,A phone call to further explain where you would like assistance,Other,Yes,Food benefits - TANF/SNAP,Part-time employment,Ky,LG&E,No,40214,2026-06-15 16:25:23.225,,15/Jun/26 12:25 PM;712020:7919ac37-40c1-4b22-a858-9d188e7777ec;6/15/26 JB initial contact via simpletext,"22/Jun/26 2:10 PM;712020:7919ac37-40c1-4b22-a858-9d188e7777ec;Client had previously been seeking kids clothes and deposit assistance, but had unsubscribed. JB resubscribed client, sent resources for previous questions, and inquired about if utilities are primary issue at this time",,,,,Done,06/Jul/26 10:24 AM
P0168,Name + DOB,Person P0168,NEIG-15856,56787,New Profile,Unable to Contact,,Johanna South,712020:3b2c2185-c76f-4d90-ad8c-9e260c73c318,Johanna South,712020:3b2c2185-c76f-4d90-ad8c-9e260c73c318,12/Jun/26 4:34 PM,20/Jul/26 2:40 PM,,Anthem,JCPS-Employee,SLCM,Workforce-Underemployed,,,James Bryant,Johanna South,712020:7919ac37-40c1-4b22-a858-9d188e7777ec,712020:3b2c2185-c76f-4d90-ad8c-9e260c73c318,2,Louisville,SLCM,,JCPS,27.0,Employed,,Not being evicted,Man,,,,,,,No,Rent - nothing past due,1502.0,Anthem,12/Jun/26 12:00 AM,Yes,,Unexpected expense,,,,,,Yes,Yes,,No,,1,2,No,Text,,Employee-coverage,English ,,Black of African American,0|i02omn:,,,,,,An email with available resources and next steps,,No,Full-time employment,,KY,LG&E,No,40214,2026-06-15 16:25:07.535,,15/Jun/26 12:25 PM;712020:7919ac37-40c1-4b22-a858-9d188e7777ec;6/15/26 JB initial contact via simpletext,23/Jun/26 10:54 AM;712020:7919ac37-40c1-4b22-a858-9d188e7777ec;6/23/26 JB second contact attempt,"20/Jul/26 2:39 PM;712020:7919ac37-40c1-4b22-a858-9d188e7777ec;7/20/26 JB called neighbor, neighbor hung up",,,,Done,20/Jul/26 2:39 PM
P0220,Name + DOB,Person P0220,NEIG-15827,56758,New Profile,Referral Only,,Johanna South,712020:3b2c2185-c76f-4d90-ad8c-9e260c73c318,Johanna South,712020:3b2c2185-c76f-4d90-ad8c-9e260c73c318,12/Jun/26 11:11 AM,01/Jul/26 2:45 PM,,Aetna,SLCM,SNAP,United,Young-adult,,James Bryant,Johanna South,712020:7919ac37-40c1-4b22-a858-9d188e7777ec,712020:3b2c2185-c76f-4d90-ad8c-9e260c73c318,1,Louisville,SLCM,,,23.0,Unemployed and not looking for work,Non-payment,Unknown,Woman,,,,,Pregnant or recently postpartum,,No,Rent- past due,150.0,Aetna,12/Jun/26 12:00 AM,No,Metro management ,Household member left,Issues with child care,Job loss,Loss of job,Other,975.0,Yes,Yes,,No,1025.0,1,1,No,Text,,Other,English,she/her,White,0|i02og7:,Avoid an eviction,,,,650.0,An email with available resources and next steps,A phone call to further explain where you would like assistance,No,Food benefits - TANF/SNAP,,KY,,No,40208,2026-06-12 19:32:35.639,,12/Jun/26 3:32 PM;712020:7919ac37-40c1-4b22-a858-9d188e7777ec;6/12/26 JB initial contact attempt,"15/Jun/26 11:06 AM;712020:7919ac37-40c1-4b22-a858-9d188e7777ec;Client seeking $1025 towards rent. Client lost her job, and her partner moved out. She is currently job searching but has no savings at this time.",,,,,Done,01/Jul/26 2:45 PM
P0135,"Name only (matched existing person, DOB missing)",Person P0135,NEIG-15815,56746,Rent Assistance Care Path,External Org to Complete Goal,,James Bryant,712020:7919ac37-40c1-4b22-a858-9d188e7777ec,James Bryant,712020:7919ac37-40c1-4b22-a858-9d188e7777ec,12/Jun/26 10:49 AM,12/Jun/26 10:49 AM,,HeritageGreen,SLCM,SNAP,Young-adult,,,James Bryant,,712020:7919ac37-40c1-4b22-a858-9d188e7777ec,,0,,,,,,,,,,,,,,,,,,,,,No,,,,,,,,No,No,,,,,,,,,,,,,0|i02odj:,,,,,,,,,,,,,No,,,,12/Jun/26 10:49 AM;712020:7919ac37-40c1-4b22-a858-9d188e7777ec;JB referred to Housing Stabilization,,,56499.0,NEIG-15595,Elaina Brown,Done,12/Jun/26 10:49 AM
P0219,"Name only (matched existing person, DOB missing)",Person P0219,NEIG-15813,56744,House Navigation Care Path,External Org to Complete Goal,Done,James Bryant,712020:7919ac37-40c1-4b22-a858-9d188e7777ec,James Bryant,712020:7919ac37-40c1-4b22-a858-9d188e7777ec,12/Jun/26 10:45 AM,12/Jun/26 10:46 AM,12/Jun/26 10:46 AM,JAM,SNAP,,,,,James Bryant,,712020:7919ac37-40c1-4b22-a858-9d188e7777ec,,0,,,,,,,,,,,,,,,,,,,,,No,,,,,,,,No,No,,,,,,,,,,,,,0|i02od3:,,,,,,,,,,,,,No,,,10013_*:*_1_*:*_17927_*|*_10034_*:*_1_*:*_0,"12/Jun/26 10:46 AM;712020:7919ac37-40c1-4b22-a858-9d188e7777ec;JB referred to City View Apartments, NAHA, JVHA, and LMHA",,,56436.0,NEIG-15532,Kaeleigh N Miller,Done,12/Jun/26 10:46 AM
P0219,"Name only (matched existing person, DOB missing)",Person P0219,NEIG-15812,56743,House Navigation Care Path,New,,James Bryant,712020:7919ac37-40c1-4b22-a858-9d188e7777ec,James Bryant,712020:7919ac37-40c1-4b22-a858-9d188e7777ec,12/Jun/26 10:45 AM,12/Jun/26 10:45 AM,,JAM,SNAP,,,,,James Bryant,,712020:7919ac37-40c1-4b22-a858-9d188e7777ec,,0,,,,,,,,,,,,,,,,,,,,,No,,,,,,,,No,No,,,,,,,,,,,,,0|i02ocv:,,,,,,,,,,,,,No,,,,,,,56436.0,NEIG-15532,Kaeleigh N Miller,To Do,12/Jun/26 10:45 AM
P0212,"Name only (matched existing person, DOB missing)",Person P0212,NEIG-15811,56742,Rent Assistance Care Path,External Org to Complete Goal,,James Bryant,712020:7919ac37-40c1-4b22-a858-9d188e7777ec,James Bryant,712020:7919ac37-40c1-4b22-a858-9d188e7777ec,12/Jun/26 10:22 AM,12/Jun/26 10:22 AM,,SLCM,SNAP,SVC,United,,,James Bryant,,712020:7919ac37-40c1-4b22-a858-9d188e7777ec,,0,,,,,,,,,,,,,,,,,,,,,No,,,,,,,,No,No,,,,,,,,,,,,,0|i02ocn:,,,,,,,,,,,,,No,,,,"12/Jun/26 10:22 AM;712020:7919ac37-40c1-4b22-a858-9d188e7777ec;JB referred to Salvation Army and sent ACM Rent Form, client never filled out the form",,,56387.0,NEIG-15483,Josie R. Duvall,Done,12/Jun/26 10:22 AM
P0280,"Name only (matched existing person, DOB missing)",Person P0280,NEIG-15810,56741,Rent Assistance Care Path,Unable to Contact/Stopped Communication,Won't Do,James Bryant,712020:7919ac37-40c1-4b22-a858-9d188e7777ec,James Bryant,712020:7919ac37-40c1-4b22-a858-9d188e7777ec,12/Jun/26 10:14 AM,06/Jul/26 10:07 AM,06/Jul/26 10:07 AM,SLCM,SNAP,WellCare,,,,James Bryant,,712020:7919ac37-40c1-4b22-a858-9d188e7777ec,,0,,,,,,,,,,,,,,,,,,,,,No,,,,,,,,No,No,,,,,,,,,,,,,0|i02ocf:,,,,,,,,,,,,,No,,,10021_*:*_1_*:*_0_*|*_10013_*:*_1_*:*_7013,,,,56382.0,NEIG-15478,Meliza A Robert Rodriguez,Done,06/Jul/26 10:07 AM
P0133,"Name only (matched existing person, DOB missing)",Person P0133,NEIG-15799,56730,Rent Assistance Care Path,External Org to Complete Goal,,James Bryant,712020:7919ac37-40c1-4b22-a858-9d188e7777ec,James Bryant,712020:7919ac37-40c1-4b22-a858-9d188e7777ec,12/Jun/26 9:22 AM,12/Jun/26 9:22 AM,,JAM,Passport,Young-adult,,,,James Bryant,,712020:7919ac37-40c1-4b22-a858-9d188e7777ec,,0,,,,,,,,,,,,,,,,,,,,,No,,,,,,,,No,No,,,,,,,,,,,,,0|i02o9z:,,,,,,,,,,,,,No,,,,12/Jun/26 9:22 AM;712020:7919ac37-40c1-4b22-a858-9d188e7777ec;JB referred to JAM and KTAP FAST,,,56134.0,NEIG-15230,dynasty shawntae clayton,Done,12/Jun/26 9:22 AM
P0133,"Name only (matched existing person, DOB missing)",Person P0133,NEIG-15798,56729,Medical Costs or Bills,Goal No Longer Wanted,Won't Do,James Bryant,712020:7919ac37-40c1-4b22-a858-9d188e7777ec,James Bryant,712020:7919ac37-40c1-4b22-a858-9d188e7777ec,12/Jun/26 9:22 AM,12/Jun/26 9:22 AM,12/Jun/26 9:22 AM,JAM,Passport,Young-adult,,,,James Bryant,,712020:7919ac37-40c1-4b22-a858-9d188e7777ec,,0,,,,,,,,,,,,,,,,,,,,,No,,,,,,,,No,No,,,,,,,,,,,,,0|i02o9r:,,,,,,,,,,,,,No,,,10013_*:*_1_*:*_7664_*|*_10026_*:*_1_*:*_0,,,,56134.0,NEIG-15230,dynasty shawntae clayton,Done,12/Jun/26 9:22 AM
P0076,"Name only (matched existing person, DOB missing)",Person P0076,NEIG-15797,56728,Rent Assistance Care Path,Goal No Longer Wanted,Won't Do,James Bryant,712020:7919ac37-40c1-4b22-a858-9d188e7777ec,James Bryant,712020:7919ac37-40c1-4b22-a858-9d188e7777ec,12/Jun/26 9:19 AM,12/Jun/26 9:19 AM,12/Jun/26 9:19 AM,JCPS,Passport,SLCM,SNAP,SSDI,WellCare,James Bryant,,712020:7919ac37-40c1-4b22-a858-9d188e7777ec,,0,,,,,,,,,,,,,,,,,,,,,No,,,,,,,,No,No,,,,,,,,,,,,,0|i02o9j:,,,,,,,,,,,,,No,,,10013_*:*_1_*:*_17912_*|*_10026_*:*_1_*:*_0,,,,56110.0,NEIG-15206,Brittany Brown,Done,12/Jun/26 9:19 AM
P0023,Name + DOB,Person P0023,NEIG-15773,56704,New Profile,Referral Only,,Johanna South,712020:3b2c2185-c76f-4d90-ad8c-9e260c73c318,Johanna South,712020:3b2c2185-c76f-4d90-ad8c-9e260c73c318,11/Jun/26 9:34 PM,23/Jun/26 10:45 AM,,Eviction_Court,JCPS,SMAM,WellCare,,,James Bryant,Johanna South,712020:7919ac37-40c1-4b22-a858-9d188e7777ec,712020:3b2c2185-c76f-4d90-ad8c-9e260c73c318,3,Louisville KY,SMCM,21/Jul/26 12:00 AM,,37.0,Unemployed but want to find work,Non-payment,Currently being evicted,Woman,Behavioral Health Care Path,Childcare Care Path,Financial Stability Care Path,Healthcare Care Path,,,No,Rent- past due,500.0,WellCare,12/Jun/26 12:00 AM,No,Sheila Timeless Real Estates,Eviction,Issues with child care,Job loss,Loss of accessible transportation,Lost a job/had hours cut,1000.0,Yes,Yes,,No,2500.0,2,2,No,Call,Text,Medicaid,English,she/her,White,0|i02o47:,Avoid an eviction,Come up with a plan to pay back rent,Get rental assistance,Stay out of court,200.0,An email with available resources and next steps,A phone call to further explain where you would like assistance,No,Other,,KY,,No,40207,2026-06-12 19:31:50.674,,12/Jun/26 3:31 PM;712020:7919ac37-40c1-4b22-a858-9d188e7777ec;6/12/26 JB initial contact attempt,"22/Jun/26 2:15 PM;712020:7919ac37-40c1-4b22-a858-9d188e7777ec;Client seeking help with rent, has been having issues resulting from change of apartment complex owners. JB referred to Hope and Door and Legal Aid",,,,,Done,23/Jun/26 10:45 AM
P0134,Name + DOB,Person P0134,NEIG-15768,56699,Connected Neighbor Profile,New Neighbor,,Johanna South,712020:3b2c2185-c76f-4d90-ad8c-9e260c73c318,Johanna South,712020:3b2c2185-c76f-4d90-ad8c-9e260c73c318,11/Jun/26 4:24 PM,06/Jul/26 10:20 AM,,CLCM,HFTS,Humana-Medicaid,JCPS,SSDI,VOA,James Bryant,Johanna South,712020:7919ac37-40c1-4b22-a858-9d188e7777ec,712020:3b2c2185-c76f-4d90-ad8c-9e260c73c318,6,Louisvile,CLCM,,Rally's,41.0,Employed,,Not being evicted,Woman,Financial Stability Care Path,Intimate Partner Violence Victim Care Path,Legal Assistance Care Path,Pregnancy/Postpartum Care Path,Pregnant or recently postpartum,,No,Unhoused,1927.0,Humana,11/Jun/26 12:00 AM,No,Volunteers of America,Job loss,Unexpected expense,,,,,Yes,Yes,Volunteers of America,No,,More than 5,0,No,Call,Text,Medicaid,English,she/her,Black of African American,0|i02o33:,,,,,,An email with available resources and next steps,A phone call to further explain where you would like assistance,No,Other,Part-time employment,Kentucky,,No,40203,2026-06-12 19:31:42.492,,12/Jun/26 3:31 PM;712020:7919ac37-40c1-4b22-a858-9d188e7777ec;6/12/26 JB initial contact attempt,"22/Jun/26 2:01 PM;712020:7919ac37-40c1-4b22-a858-9d188e7777ec;Client lives in VOA Family Shelter, is seeking infant supplies and kids clothes","30/Jun/26 11:58 PM;712020:b45b5172-67c2-45ac-81f5-e5089b0bea5a;Rent amount: residing at VOA family shelter - case manager Monica

LGE amount

water amount

outstanding debt estimate total: 5000

outstanding debt items: school and credit cards

Medical Insurance name: Humana

Source of Income: Ktap and SSI for son, just started part-time job at Rally's in Indiana

Income amount: 1500

Food stamps: 1050

Are you a veteran, disabled, military, medical illness: No

diagnosis or self-diagnose mental illness???

HIV survivor: NO

Transportation: Car in shop

Do you need to apply for disability: NO

How many in the home: 7

How many children in the home: 6 children plus pregnant

children ages

Highest level of education: GED

Interested in furthering your education: yes

Are you seeking to move: Yes

Hobbies: NA

Short term goals: Stable Housing

Just moved here from Florida.

Seeking 4–5-bedroom, budget 1400

become certified in phlebotomy

Long term goals: Stable career in healthcare - Medical Assistance

Recommendation: Continue working with VOA, connect with Monica on next steps, inform her to request extension on ktap, process on how to get certified as a phlebotomist and funding.



Recommendation not yet given",,,,To Do,06/Jul/26 10:20 AM
P0126,Name + DOB,Person P0126,NEIG-15730,56661,New Profile,Referral Only,,Johanna South,712020:3b2c2185-c76f-4d90-ad8c-9e260c73c318,Johanna South,712020:3b2c2185-c76f-4d90-ad8c-9e260c73c318,11/Jun/26 8:57 AM,06/Jul/26 10:19 AM,,LMHA,Passport,SLCM,SNAP,,,James Bryant,Johanna South,712020:7919ac37-40c1-4b22-a858-9d188e7777ec,712020:3b2c2185-c76f-4d90-ad8c-9e260c73c318,1,Louisville,SLCM,,,30.0,Unemployed but want to find work,,Not being evicted,Man,Behavioral Health Care Path,Financial Stability Care Path,Transportation Care Path,,Person with chronic health condition,,No,Rent - nothing past due,0.0,Passport by Molina,11/Jun/26 12:00 AM,Yes,Star apartments,Death in the family,Household member left,Loss of accessible transportation,Loss of job,,,Yes,Yes,,No,,1,1,No,Call,Text,Medicaid,English,he/him,Black of African American,0|i02nun:,,,,,,An email with available resources and next steps,,Yes,Food benefits - TANF/SNAP,,Kentucky ,LG&E,No,40214,2026-06-12 19:31:01.984,,12/Jun/26 3:31 PM;712020:7919ac37-40c1-4b22-a858-9d188e7777ec;6/12/26 JB initial contact attempt,22/Jun/26 2:11 PM;712020:7919ac37-40c1-4b22-a858-9d188e7777ec;Client had been seeking utility assistance,,,,,Done,06/Jul/26 10:19 AM
P0213,Name + DOB,Person P0213,NEIG-15718,56649,New Profile,Referral Only,,Johanna South,712020:3b2c2185-c76f-4d90-ad8c-9e260c73c318,Johanna South,712020:3b2c2185-c76f-4d90-ad8c-9e260c73c318,11/Jun/26 6:33 AM,21/Jul/26 2:29 PM,,SNAP,SVC,United,,,,James Bryant,Johanna South,712020:7919ac37-40c1-4b22-a858-9d188e7777ec,712020:3b2c2185-c76f-4d90-ad8c-9e260c73c318,1,Louisville ,SVC,,,28.0,Unemployed but want to find work,Non-payment,Unknown,Woman,Childcare Care Path,Children's Education,Financial Stability Care Path,Food Care Path,Pregnant or recently postpartum,Was/is in the foster care system,No,Rent- past due,500.0,United Healthcare,11/Jun/26 12:00 AM,Yes,Property managememnt of louisville ,Childbirth,Death in the family,Issues with child care,Loss of accessible transportation,Other,1500.0,Yes,Yes,,No,1775.0,1,1,No,Call,Text,Medicaid,English,she/her,White,0|i02nrz:,Avoid an eviction,Come up with a plan to pay back rent,Find public/subsidized housing,Get rental assistance,300.0,An email with available resources and next steps,A phone call to further explain where you would like assistance,No,Food benefits - TANF/SNAP,No income,Kentucky ,LG&E,Yes,40203,2026-06-11 12:37:40.305,,11/Jun/26 8:37 AM;712020:7919ac37-40c1-4b22-a858-9d188e7777ec;6/11/26 JB initial contact via Simpletext,"12/Jun/26 10:32 AM;712020:7919ac37-40c1-4b22-a858-9d188e7777ec;Client was given 7-day notice. Client reports after her fiance passed away she has had a hard time covering bills, has not been able to pay rent in two months.","06/Jul/26 10:18 AM;712020:7919ac37-40c1-4b22-a858-9d188e7777ec;JB referred to SVC, KTAP, and Hope and Door",,,,Done,06/Jul/26 10:18 AM
P0081,Name + DOB,Person P0081,NEIG-15682,56613,New Profile,Referral Only,,Johanna South,712020:3b2c2185-c76f-4d90-ad8c-9e260c73c318,Johanna South,712020:3b2c2185-c76f-4d90-ad8c-9e260c73c318,09/Jun/26 3:15 PM,01/Jul/26 2:25 PM,,Eviction_Court,Passport,SLCM,SNAP,Young-adult,,James Bryant,Johanna South,712020:7919ac37-40c1-4b22-a858-9d188e7777ec,712020:3b2c2185-c76f-4d90-ad8c-9e260c73c318,2,Louisville,SLCM,24/Jun/26 12:00 AM,Lincoln Trail Behavioral Health,23.0,Employed,Non-payment,Currently being evicted,Woman,Financial Stability Care Path,Legal Assistance Care Path,,,,,No,Rent- past due,2000.0,Passport by Molina,09/Jun/26 12:00 AM,No,Charles,Eviction,Job loss,Reduction in hours at work,,Lost a job/had hours cut,1000.0,Yes,Yes,,Yes,3300.0,1,1,No,Call,Text,Medicaid,English ,she/her,Black of African American,0|i02njz:,Avoid an eviction,Come up with a plan to pay back rent,Find new housing,Get more time to move out,50.0,A phone call to further explain where you would like assistance,,No,Food benefits - TANF/SNAP,Full-time employment,KY,,No,40216,2026-06-09 19:37:22.859,,"09/Jun/26 3:37 PM;712020:7919ac37-40c1-4b22-a858-9d188e7777ec;Client is being evicted, owes $3,300 with first court date 6/24/26. Client had filled out intake earlier but her phone got disconnected. ",,,,,,Done,01/Jul/26 2:25 PM
P0363,Name + DOB,Person P0363,NEIG-15672,56603,New Profile,Referral Only,,Johanna South,712020:3b2c2185-c76f-4d90-ad8c-9e260c73c318,Johanna South,712020:3b2c2185-c76f-4d90-ad8c-9e260c73c318,09/Jun/26 1:36 PM,01/Jul/26 2:20 PM,,Caretaker,Passport,SNAP,WLCM,,,James Bryant,Johanna South,712020:7919ac37-40c1-4b22-a858-9d188e7777ec,712020:3b2c2185-c76f-4d90-ad8c-9e260c73c318,2,Louisville,WLCM,,Unemployed ,30.0,Unemployed but want to find work,,Not being evicted,Woman,Financial Stability Care Path,Transportation Care Path,,,,,No,Rent - nothing past due,0.0,Passport by Molina,09/Jun/26 12:00 AM,Yes,Deonna ,Loss of accessible transportation,,,,,,Yes,Yes,"Jerry Englehart, South Louisville Community Ministries",Yes,,2,1,No,,,Medicaid,English ,she/her,Black of African American,0|i02nhr:,,,,,,A phone call to further explain where you would like assistance,,No,Food benefits - TANF/SNAP,,Kentucky,LG&E,No,40210,2026-06-10 13:21:37.831,,10/Jun/26 9:21 AM;712020:7919ac37-40c1-4b22-a858-9d188e7777ec;6/10/26 JB initial contact attempt,"10/Jun/26 11:24 AM;712020:7919ac37-40c1-4b22-a858-9d188e7777ec;Client seeking workforce help, internet bill assistance, and furniture. Client is a single mom with two young kids, currently a college student",,,,,Done,01/Jul/26 2:20 PM
P0112,Name + DOB,Person P0112,NEIG-15668,56599,New Profile,Referral Only,,Johanna South,712020:3b2c2185-c76f-4d90-ad8c-9e260c73c318,Johanna South,712020:3b2c2185-c76f-4d90-ad8c-9e260c73c318,09/Jun/26 1:07 PM,06/Aug/26 3:54 PM,,Caretaker,JCPS,SLCM,Workforce,,,James Bryant,Johanna South,712020:7919ac37-40c1-4b22-a858-9d188e7777ec,712020:3b2c2185-c76f-4d90-ad8c-9e260c73c318,5,Louisville ,SLCM,,,25.0,Unemployed but want to find work,,Not being evicted,Man,Financial Stability Care Path,,,,Pregnant or recently postpartum,,No,Rent- past due,0.0,Passport by Molina,09/Jun/26 12:00 AM,Yes,Anthony Picallo,Job loss,Loss of accessible transportation,,,,,Yes,Yes,,No,,4,2,No,Call,Text,Medicaid,English,,,0|i02ngv:,,,,,,An email with available resources and next steps,A phone call to further explain where you would like assistance,No,No income,,KY,LG&E,No,40215,2026-06-10 13:21:44.855,,10/Jun/26 9:21 AM;712020:7919ac37-40c1-4b22-a858-9d188e7777ec;6/10/26 JB initial contact attempt,10/Jun/26 2:15 PM;712020:7919ac37-40c1-4b22-a858-9d188e7777ec;Client seeking workforce placement and LG&E assistance,06/Aug/26 3:54 PM;712020:7919ac37-40c1-4b22-a858-9d188e7777ec;Client’s ex reports Daniel moved to Detroit,,,,Done,06/Aug/26 3:54 PM
P0356,Name + DOB,Person P0356,NEIG-15604,56508,New Profile,Referral Only,,Johanna South,712020:3b2c2185-c76f-4d90-ad8c-9e260c73c318,Johanna South,712020:3b2c2185-c76f-4d90-ad8c-9e260c73c318,08/Jun/26 10:32 AM,01/Jul/26 10:39 AM,,Caretaker,HeritageGreen,JCPS,LMHA,Passport,SLCM,James Bryant,Johanna South,712020:7919ac37-40c1-4b22-a858-9d188e7777ec,712020:3b2c2185-c76f-4d90-ad8c-9e260c73c318,2,Louisville,SLCM,,,27.0,Unemployed but want to find work,,Not being evicted,Woman,Financial Stability Care Path,Food Care Path,,,,,No,Rent - nothing past due,180.0,Passport by Molina,08/Jun/26 12:00 AM,No,Heritage Green,Death in the family,Issues with child care,,,,,Yes,Yes,,No,,2,1,No,Call,,Medicaid,,,Black of African American,0|i02n2n:,,,,,,An email with available resources and next steps,A phone call to further explain where you would like assistance,Yes,No income,,KY,,No,40214,2026-06-08 15:23:17.602,,08/Jun/26 11:23 AM;712020:7919ac37-40c1-4b22-a858-9d188e7777ec;6/8/26 JB initial contact,12/Jun/26 12:46 PM;712020:7919ac37-40c1-4b22-a858-9d188e7777ec;Client seeking deposit assistance,,,,,Done,01/Jul/26 10:39 AM
P0135,Name + DOB,Person P0135,NEIG-15595,56499,New Profile,Referral Only,,Johanna South,712020:3b2c2185-c76f-4d90-ad8c-9e260c73c318,Johanna South,712020:3b2c2185-c76f-4d90-ad8c-9e260c73c318,08/Jun/26 9:04 AM,12/Jun/26 10:49 AM,,HeritageGreen,SLCM,SNAP,Young-adult,,,James Bryant,Johanna South,712020:7919ac37-40c1-4b22-a858-9d188e7777ec,712020:3b2c2185-c76f-4d90-ad8c-9e260c73c318,2,Louisville ,SLCM,,Speedway,22.0,"Employed, but need more hours and/or different work",Non-payment,Unknown,Woman,Childcare Care Path,Financial Stability Care Path,Transportation Care Path,,Person with chronic health condition,,No,Rent- past due,900.0,United Healthcare,08/Jun/26 12:00 AM,Yes,Heritage Green Apartments ,Issues with child care,Loss of accessible transportation,Loss of job,Reduction in hours at work,Lost a job/had hours cut,1013.0,Yes,Yes,,Yes,893.0,2,1,No,Call,Text,Medicaid,English,she/her,Black of African American,0|i02n0n:,Avoid an eviction,Find new housing,Find public/subsidized housing,Get rental assistance,112.556,An email with available resources and next steps,A phone call to further explain where you would like assistance,No,Food benefits - TANF/SNAP,Part-time employment,Kentucky,LG&E,No,40214,2026-06-08 13:11:23.158,,08/Jun/26 9:11 AM;712020:7919ac37-40c1-4b22-a858-9d188e7777ec;6/8/26 JB initial contact attempt,"08/Jun/26 9:22 AM;712020:7919ac37-40c1-4b22-a858-9d188e7777ec;Client seeking rent and utility assistance, is also interested in signing up for income-based housing",,,,,Done,12/Jun/26 10:49 AM
P0175,Name + DOB,Person P0175,NEIG-15561,56465,New Profile,Referral Only,,Johanna South,712020:3b2c2185-c76f-4d90-ad8c-9e260c73c318,Johanna South,712020:3b2c2185-c76f-4d90-ad8c-9e260c73c318,06/Jun/26 12:03 AM,06/Jul/26 10:10 AM,,Cancer,Former-foster-care-individual,Humana-Medicaid,LMHA,Passport,SNAP,James Bryant,Johanna South,712020:7919ac37-40c1-4b22-a858-9d188e7777ec,712020:3b2c2185-c76f-4d90-ad8c-9e260c73c318,1,Louisville ,WLCM,,N/@ ,25.0,Unemployed but want to find work,Non-payment,Currently being evicted,Woman,Behavioral Health Care Path,Childcare Care Path,Children's Education,Children's Welfare (CPS),Person with a physical or mental disability,Person with cancer,Yes,Staying with friends/family,750.0,Humana,06/Jun/26 12:00 AM,No,LMHA Parkway Place Apartments (AKA Park Hill),Childbirth,Eviction,Incarceration,In-patient rehabilitation,Rent increase,125.0,Yes,Yes,Jadac,Yes,1235.0,1,2,Yes,Call,Text,Medicaid,English ,Other,Black of African American,0|i02mt3:,Avoid an eviction,Come up with a plan to pay back rent,Find new housing,Find public/subsidized housing,16.667,An email with available resources and next steps,A phone call to further explain where you would like assistance,No,Food benefits - TANF/SNAP,Social Security - SSI/SSDI,Kentucky ,,No,40210,2026-06-08 12:18:45.449,,08/Jun/26 8:18 AM;712020:7919ac37-40c1-4b22-a858-9d188e7777ec;6/8/26 JB initial contact attempt,08/Jun/26 4:31 PM;712020:7919ac37-40c1-4b22-a858-9d188e7777ec;Client is on home incarceration and has is being evicted. Client is living at LMHA Park Hill and is expecting court date soon. Client seeking rehousing,,,,,Done,06/Jul/26 10:10 AM
P0219,Name + DOB,Person P0219,NEIG-15532,56436,New Profile,Referral Only,,Johanna South,712020:3b2c2185-c76f-4d90-ad8c-9e260c73c318,Johanna South,712020:3b2c2185-c76f-4d90-ad8c-9e260c73c318,05/Jun/26 12:15 PM,12/Jun/26 10:46 AM,,JAM,SNAP,,,,,James Bryant,Johanna South,712020:7919ac37-40c1-4b22-a858-9d188e7777ec,712020:3b2c2185-c76f-4d90-ad8c-9e260c73c318,2,Louisville,JAM,,,27.0,Unemployed but want to find work,Non-payment,Currently being evicted,Woman,Behavioral Health Care Path,Financial Stability Care Path,,,Pregnant or recently postpartum,,No,Rent- past due,0.0,Humana,05/Jun/26 12:00 AM,No,"unsure, +1 (502) 553-0314 is their number",Childbirth,Loss of accessible transportation,Loss of job,,Lost a job/had hours cut,925.0,Yes,Yes,,No,2700.0,2,1,No,Text,,Medicaid,,she/her,,0|i02mmn:,Come up with a plan to pay back rent,Find new housing,Get rental assistance,Not pay back rent,,An email with available resources and next steps,A phone call to further explain where you would like assistance,No,Food benefits - TANF/SNAP,No income,KY,,No,40220,2026-06-08 12:19:28.449,,08/Jun/26 8:19 AM;712020:7919ac37-40c1-4b22-a858-9d188e7777ec;6/8/26 JB initial contact attempt,"08/Jun/26 9:28 AM;712020:7919ac37-40c1-4b22-a858-9d188e7777ec;Client seeking $2700 towards past due rent, and is interested in getting on income-based housing waitlists",,,,,Done,12/Jun/26 10:46 AM
P0122,"Name only (matched existing person, DOB missing)",Person P0122,NEIG-15496,56400,Rent Assistance Care Path,Unable to Contact/Stopped Communication,Won't Do,James Bryant,712020:7919ac37-40c1-4b22-a858-9d188e7777ec,James Bryant,712020:7919ac37-40c1-4b22-a858-9d188e7777ec,04/Jun/26 2:17 PM,08/Jun/26 12:42 PM,08/Jun/26 12:42 PM,JAM,,,,,,James Bryant,,712020:7919ac37-40c1-4b22-a858-9d188e7777ec,,0,,,,,,,,,,,,,,,,,,,,,No,,,,,,,,No,No,,,,,,,,,,,,,0|i02men:,,,,,,,,,,,,,No,,,10022_*:*_1_*:*_0_*|*_10013_*:*_1_*:*_339926736,,,,56367.0,NEIG-15463,Denim Thomas,Done,08/Jun/26 12:42 PM
P0212,Name + DOB,Person P0212,NEIG-15483,56387,New Profile,Referral Only,,Johanna South,712020:3b2c2185-c76f-4d90-ad8c-9e260c73c318,Johanna South,712020:3b2c2185-c76f-4d90-ad8c-9e260c73c318,04/Jun/26 1:41 PM,16/Jun/26 3:55 PM,,SNAP,SVC,United,,,,James Bryant,Johanna South,712020:7919ac37-40c1-4b22-a858-9d188e7777ec,712020:3b2c2185-c76f-4d90-ad8c-9e260c73c318,2,LOUISVILLE,SVC,,,28.0,Unemployed but want to find work,,Not being evicted,Woman,Behavioral Health Care Path,Childcare Care Path,Children's Education,Financial Stability Care Path,Person with chronic health condition,Pregnant or recently postpartum,Yes,Rent- past due,0.0,United Healthcare,04/Jun/26 12:00 AM,Yes,Wesley Newton,Childbirth,Death in the family,Loss of accessible transportation,,,,Yes,Yes,,No,,1,1,No,Call,Text,Medicaid,english,she/her,White,0|i02mbr:,,,,,,An email with available resources and next steps,A phone call to further explain where you would like assistance,No,Food benefits - TANF/SNAP,,kentucky,LG&E,Yes,,2026-06-05 13:08:41.736,,05/Jun/26 9:08 AM;712020:7919ac37-40c1-4b22-a858-9d188e7777ec;6/5/26 JB initial contact,08/Jun/26 12:44 PM;712020:7919ac37-40c1-4b22-a858-9d188e7777ec;Client seeking rent and LG&E assistance,,,,,Done,12/Jun/26 10:23 AM
P0280,Name + DOB,Person P0280,NEIG-15478,56382,New Profile,Unable to Contact,,Johanna South,712020:3b2c2185-c76f-4d90-ad8c-9e260c73c318,Johanna South,712020:3b2c2185-c76f-4d90-ad8c-9e260c73c318,04/Jun/26 1:36 PM,06/Jul/26 10:07 AM,,SLCM,SNAP,WellCare,,,,James Bryant,Johanna South,712020:7919ac37-40c1-4b22-a858-9d188e7777ec,712020:3b2c2185-c76f-4d90-ad8c-9e260c73c318,4,Louisville,SLCM,,,25.0,Unemployed but want to find work,,Not being evicted,Woman,Childcare Care Path,Food Care Path,,,,,No,Rent- past due,1425.0,WellCare,04/Jun/26 12:00 AM,Yes,,,,,,,,Yes,Yes,,No,1500.0,2,0,No,Call,Text,Medicaid,Spanish ,she/her,,0|i02man:,,,,,,A phone call to further explain where you would like assistance,,No,Food benefits - TANF/SNAP,,KY,LG&E,No,40214,2026-06-04 19:50:01.157,,04/Jun/26 3:50 PM;712020:7919ac37-40c1-4b22-a858-9d188e7777ec;Client reports being given Neighbor Network information from the SNAP office,04/Jun/26 4:04 PM;712020:7919ac37-40c1-4b22-a858-9d188e7777ec;Seeking assistance with $1200 in rent,,,,,Done,06/Jul/26 10:07 AM
P0122,Name + DOB,Person P0122,NEIG-15463,56367,New Profile,Unable to Contact,,Johanna South,712020:3b2c2185-c76f-4d90-ad8c-9e260c73c318,Johanna South,712020:3b2c2185-c76f-4d90-ad8c-9e260c73c318,04/Jun/26 9:59 AM,08/Jun/26 12:43 PM,,JAM,,,,,,James Bryant,Johanna South,712020:7919ac37-40c1-4b22-a858-9d188e7777ec,712020:3b2c2185-c76f-4d90-ad8c-9e260c73c318,1,Louisville,JAM,,Granny Nannie’s ,21.0,Employed,,Not being evicted,Woman,Financial Stability Care Path,,,,Pregnant or recently postpartum,,No,Rent- past due,3000.0,Other,04/Jun/26 12:00 AM,No,It’s a few of them that work in office,Medical emergency or other health needs,Unexpected expense,,,,,Yes,Yes,,Yes,,0,1,No,Call,Text,Employee-coverage,English ,she/her,Black of African American,0|i02m7b:,,,,,,A phone call to further explain where you would like assistance,,No,Full-time employment,Part-time employment,KY,,No,40299,2026-06-05 13:10:18.357,,05/Jun/26 9:10 AM;712020:7919ac37-40c1-4b22-a858-9d188e7777ec;6/5/26 JB initial contact,"08/Jun/26 12:40 PM;712020:7919ac37-40c1-4b22-a858-9d188e7777ec;Client unsubscribed, JB sent intake welcome message via email. Marking UTC unless client responds",,,,,Done,08/Jun/26 12:43 PM
P0106,Name + DOB,Person P0106,NEIG-15435,56339,New Profile,Referral Only,,Johanna South,712020:3b2c2185-c76f-4d90-ad8c-9e260c73c318,Johanna South,712020:3b2c2185-c76f-4d90-ad8c-9e260c73c318,03/Jun/26 9:14 AM,12/Jun/26 10:11 AM,,CLCM,Eviction_Court,Passport,,,,James Bryant,Johanna South,712020:7919ac37-40c1-4b22-a858-9d188e7777ec,712020:3b2c2185-c76f-4d90-ad8c-9e260c73c318,0,louisville ,CLCM,03/Jun/26 12:00 AM,uofl health ,35.0,Employed,Non-payment,Currently being evicted,Woman,Food Care Path,Pregnancy/Postpartum Care Path,,,Pregnant or recently postpartum,,No,Rent- past due,1500.0,Passport by Molina,03/Jun/26 12:00 AM,No,Scott Snyder ,Eviction,Job loss,Medical emergency or other health needs,,Other,1350.0,Yes,Yes,,Yes,300.0,2,1,No,Call,,Medicaid,English ,she/her,Black of African American,0|i02m13:,Avoid an eviction,Come up with a plan to pay back rent,Get rental assistance,Stay out of court,90.0,A phone call to further explain where you would like assistance,,No,Full-time employment,,ky,,No,40203,2026-06-05 13:11:04.689,,05/Jun/26 9:11 AM;712020:7919ac37-40c1-4b22-a858-9d188e7777ec;6/5/26 JB initial contact,"08/Jun/26 8:43 AM;712020:7919ac37-40c1-4b22-a858-9d188e7777ec;Client owes three months of past due rent, can pay for one month. JB referred to Hope and Door",,,,,Done,12/Jun/26 10:11 AM
P0249,"Name only (matched existing person, DOB missing)",Person P0249,NEIG-15381,56285,Rent Assistance Care Path,External Org to Complete Goal,,James Bryant,712020:7919ac37-40c1-4b22-a858-9d188e7777ec,James Bryant,712020:7919ac37-40c1-4b22-a858-9d188e7777ec,02/Jun/26 11:22 AM,02/Jun/26 11:28 AM,,JCPS,MUSCL,,,,,James Bryant,,712020:7919ac37-40c1-4b22-a858-9d188e7777ec,,0,,,,,,,,,,,,,,,,,,,,,No,,,,,,,,No,No,,,,,,,,,,,,,0|i02lp3:,,,,,,,,,,,,,No,,,,02/Jun/26 11:22 AM;712020:7919ac37-40c1-4b22-a858-9d188e7777ec;JB referred to KTAP FAST and Hope and Door,,,55961.0,NEIG-15057,Kortney Lynn Davis,Done,02/Jun/26 11:22 AM
P0171,Name + DOB,Person P0171,NEIG-15370,56274,New Profile,Referral Only,,Johanna South,712020:3b2c2185-c76f-4d90-ad8c-9e260c73c318,Johanna South,712020:3b2c2185-c76f-4d90-ad8c-9e260c73c318,02/Jun/26 9:20 AM,04/Aug/26 10:32 PM,,HeritageGreen,Passport,SLCM,SNAP,,,James Bryant,Johanna South,712020:7919ac37-40c1-4b22-a858-9d188e7777ec,712020:3b2c2185-c76f-4d90-ad8c-9e260c73c318,2,Louisville,SLCM,16/Jul/26 12:00 AM,,27.0,Unemployed but want to find work,Non-payment,Currently being evicted,Woman,Childcare Care Path,Financial Stability Care Path,Legal Assistance Care Path,,,,No,Rent- past due,380.0,Passport by Molina,02/Jun/26 12:00 AM,No,Heritage green ,Issues with child care,Job loss,Loss of job,,Lost a job/had hours cut,1013.0,Yes,Yes,,No,2475.0,2,1,No,Call,Text,Medicaid,English ,she/her,Black of African American,0|i02lmn:,Avoid an eviction,Come up with a plan to pay back rent,Get rental assistance,Stay out of court,266.579,A phone call to further explain where you would like assistance,,No,Food benefits - TANF/SNAP,,Kentucky,,No,40214,2026-06-03 14:57:45.852,,03/Jun/26 10:57 AM;712020:7919ac37-40c1-4b22-a858-9d188e7777ec;6/3/26 JB initial contact attempt,"05/Jun/26 10:45 AM;712020:7919ac37-40c1-4b22-a858-9d188e7777ec;Client has exhausted all available rent assistance, seeking rehousing but did not respond to inquiry as to current budget for housing moving forward",,,,,Done,20/Jul/26 3:31 PM
P0318,Name + DOB,Person P0318,NEIG-15344,56248,New Profile,Referral Only,,Johanna South,712020:3b2c2185-c76f-4d90-ad8c-9e260c73c318,Johanna South,712020:3b2c2185-c76f-4d90-ad8c-9e260c73c318,01/Jun/26 11:24 AM,12/Jun/26 9:51 AM,,JCPS,Passport,SWCM,,,,James Bryant,Johanna South,712020:7919ac37-40c1-4b22-a858-9d188e7777ec,712020:3b2c2185-c76f-4d90-ad8c-9e260c73c318,3,Louisville,SWCM,,Uofl Health,32.0,Employed,Non-payment,Currently being evicted,Woman,Children's Education,Financial Stability Care Path,Food Care Path,,Person with chronic health condition,,No,Rent- past due,2178.0,Passport by Molina,01/Jun/26 12:00 AM,Yes,Moss creek @ Elingtongton Property,Unexpected expense,,,,Unexpected expense,1455.0,Yes,Yes,,Yes,1580.0,3,1,Yes,Call,Text,Medicaid,English,she/her,Black of African American,0|i02lgv:,Avoid an eviction,Come up with a plan to pay back rent,Get rental assistance,Stay out of court,66.804,An email with available resources and next steps,,No,Full-time employment,,KY,LG&E,No,40258,2026-06-02 12:46:46.483,,02/Jun/26 8:46 AM;712020:7919ac37-40c1-4b22-a858-9d188e7777ec;6/2/26 JB initial contact via Simpletext,03/Jun/26 10:29 AM;712020:7919ac37-40c1-4b22-a858-9d188e7777ec;Client seeking $1080 towards past due rent (owes $1580 total),,,,,Done,12/Jun/26 9:51 AM
P0129,"Name only (matched existing person, DOB missing)",Person P0129,NEIG-15296,56200,Rent Assistance Care Path,External Org to Complete Goal,,James Bryant,712020:7919ac37-40c1-4b22-a858-9d188e7777ec,James Bryant,712020:7919ac37-40c1-4b22-a858-9d188e7777ec,29/May/26 4:15 PM,29/May/26 4:16 PM,,JCPS,LMHA,Passport,SNAP,SVC,,James Bryant,,712020:7919ac37-40c1-4b22-a858-9d188e7777ec,,0,,,,,,,,,,,,,,,,,,,,,No,,,,,,,,No,No,,,,,,,,,,,,,0|i02l67:,,,,,,,,,,,,,No,,,,"29/May/26 4:16 PM;712020:7919ac37-40c1-4b22-a858-9d188e7777ec;JB referred to SVC, KTAP, Hope and Door, and Housing Stabilization",,,55276.0,NEIG-14690,Dezare Chaney,Done,29/May/26 4:15 PM
P0403,"Name only (no DOB, no other match)",Person P0403,NEIG-15295,56199,House Navigation Care Path,External Org to Complete Goal,Done,James Bryant,712020:7919ac37-40c1-4b22-a858-9d188e7777ec,James Bryant,712020:7919ac37-40c1-4b22-a858-9d188e7777ec,29/May/26 4:12 PM,29/May/26 4:13 PM,29/May/26 4:13 PM,Eviction_Court,Humana-Medicaid,JCPS,MUSCL,SNAP,United,James Bryant,,712020:7919ac37-40c1-4b22-a858-9d188e7777ec,,0,,,,,,,,,,,,,,,,,,,,,No,,,,,,,,No,No,,,,,,,,,,,,,0|i02l5z:,,,,,,,,,,,,,No,,,10013_*:*_1_*:*_22626_*|*_10034_*:*_1_*:*_0,"29/May/26 4:13 PM;712020:7919ac37-40c1-4b22-a858-9d188e7777ec;JB mentioned Common Assessment and Coalition as one option, or Stacy Harris as other option",,,55955.0,NEIG-15051,Jennifer M Lay,Done,29/May/26 4:13 PM
P0404,"Name only (no DOB, no other match)",Person P0404,NEIG-15294,56198,Utility Care Path,External Org to Complete Goal,Done,James Bryant,712020:7919ac37-40c1-4b22-a858-9d188e7777ec,James Bryant,712020:7919ac37-40c1-4b22-a858-9d188e7777ec,29/May/26 4:08 PM,29/May/26 4:12 PM,29/May/26 4:12 PM,Eviction_Court,Humana-Medicaid,JCPS,MUSCL,SNAP,United,James Bryant,,712020:7919ac37-40c1-4b22-a858-9d188e7777ec,,0,,,,,,,,,,,,,,,,,,,,,No,,,,,,,,No,No,,,,,,,,,,,,,0|i02l5r:,,,,,,,,,,,,,No,,,10013_*:*_1_*:*_234226_*|*_10034_*:*_1_*:*_0,,,,55955.0,NEIG-15051,Jennifer M Lay,Done,29/May/26 4:12 PM
P0255,"Name only (matched existing person, DOB missing)",Person P0255,NEIG-15283,56187,Utility Care Path,External Org to Complete Goal,Done,James Bryant,712020:7919ac37-40c1-4b22-a858-9d188e7777ec,James Bryant,712020:7919ac37-40c1-4b22-a858-9d188e7777ec,29/May/26 3:11 PM,29/May/26 3:11 PM,29/May/26 3:11 PM,JCPS,Passport,SLCM,SNAP,,,James Bryant,,712020:7919ac37-40c1-4b22-a858-9d188e7777ec,,0,,,,,,,,,,,,,,,,,,,,,No,,,,,,,,No,No,,,,,,,,,,,,,0|i02l3b:,,,,,,,,,,,,,No,,,10013_*:*_1_*:*_9438_*|*_10034_*:*_1_*:*_0,,,,52782.0,NEIG-14175,Lakitea Gordon,Done,29/May/26 3:11 PM
P0255,"Name only (matched existing person, DOB missing)",Person P0255,NEIG-15282,56186,Rent Assistance Care Path,External Org to Complete Goal,,James Bryant,712020:7919ac37-40c1-4b22-a858-9d188e7777ec,James Bryant,712020:7919ac37-40c1-4b22-a858-9d188e7777ec,29/May/26 3:11 PM,29/May/26 3:11 PM,,JCPS,Passport,SLCM,SNAP,,,James Bryant,,712020:7919ac37-40c1-4b22-a858-9d188e7777ec,,0,,,,,,,,,,,,,,,,,,,,,No,,,,,,,,No,No,,,,,,,,,,,,,0|i02l33:,,,,,,,,,,,,,No,,,,29/May/26 3:11 PM;712020:7919ac37-40c1-4b22-a858-9d188e7777ec;JB referred to Flagstone and Housing Stabilization,,,52782.0,NEIG-14175,Lakitea Gordon,Done,29/May/26 3:11 PM
P0086,"Name only (matched existing person, DOB missing)",Person P0086,NEIG-15280,56184,Rent Assistance Care Path,External Org to Complete Goal,,James Bryant,712020:7919ac37-40c1-4b22-a858-9d188e7777ec,James Bryant,712020:7919ac37-40c1-4b22-a858-9d188e7777ec,29/May/26 3:06 PM,29/May/26 3:06 PM,,JCPS,Passport,SNAP,SVC,,,James Bryant,,712020:7919ac37-40c1-4b22-a858-9d188e7777ec,,0,,,,,,,,,,,,,,,,,,,,,No,,,,,,,,No,No,,,,,,,,,,,,,0|i02l2n:,,,,,,,,,,,,,No,,,,29/May/26 3:06 PM;712020:7919ac37-40c1-4b22-a858-9d188e7777ec;JB referred to SVC,,,52371.0,NEIG-14086,Cara Thornton,Done,29/May/26 3:06 PM
P0405,"Name only (no DOB, no other match)",Person P0405,NEIG-15267,56171,Rent Assistance Care Path,External Org to Complete Goal,,James Bryant,712020:7919ac37-40c1-4b22-a858-9d188e7777ec,James Bryant,712020:7919ac37-40c1-4b22-a858-9d188e7777ec,29/May/26 2:25 PM,29/May/26 2:26 PM,,Eviction_Court,SLCM,SNAP,,,,James Bryant,,712020:7919ac37-40c1-4b22-a858-9d188e7777ec,,0,,,,,,,,,,,,,,,,,,,,,No,,,,,,,,No,No,,,,,,,,,,,,,0|i02kzr:,,,,,,,,,,,,,No,,,,29/May/26 2:26 PM;712020:7919ac37-40c1-4b22-a858-9d188e7777ec;JB referred to Salvation Army and KTAP,,,55968.0,NEIG-15064,Brooklyn E Brangers ,Done,29/May/26 2:26 PM
P0236,"Name only (matched existing person, DOB missing)",Person P0236,NEIG-15265,56169,Case Management Navigation Path,External Org to Complete Goal,,James Bryant,712020:7919ac37-40c1-4b22-a858-9d188e7777ec,James Bryant,712020:7919ac37-40c1-4b22-a858-9d188e7777ec,29/May/26 2:20 PM,29/May/26 2:20 PM,,Eviction_Court,JCPS,SLCM,SNAP,,,James Bryant,,712020:7919ac37-40c1-4b22-a858-9d188e7777ec,,0,,,,,,,,,,,,,,,,,,,,,No,,,,,,,,No,No,,,,,,,,,,,,,0|i02kzb:,,,,,,,,,,,,,No,,,,29/May/26 2:20 PM;712020:7919ac37-40c1-4b22-a858-9d188e7777ec;JB referred to Humana for Case Management,,,55904.0,NEIG-15028,Keana E Mozee,Done,29/May/26 2:20 PM
P0326,"Name only (matched existing person, DOB missing)",Person P0326,NEIG-15257,56161,Basic Supplies,External Org to Complete Goal,,James Bryant,712020:7919ac37-40c1-4b22-a858-9d188e7777ec,James Bryant,712020:7919ac37-40c1-4b22-a858-9d188e7777ec,29/May/26 1:41 PM,29/May/26 1:42 PM,,LMHA,NDHC,SNAP,United,WLCM,,James Bryant,,712020:7919ac37-40c1-4b22-a858-9d188e7777ec,,0,,,,,,,,,,,,,,,,,,,,,No,,,,,,,,No,No,,,,,,,,,,,,,0|i02kxj:,,,,,,,,,,,,,No,,,,29/May/26 1:42 PM;712020:7919ac37-40c1-4b22-a858-9d188e7777ec;JB referred to NYSINYD and Goodwill (for voucher),,,55703.0,NEIG-14901,Sandra Marie Lewis ,Done,29/May/26 1:42 PM
P0087,"Name only (matched existing person, DOB missing)",Person P0087,NEIG-15251,56155,Basic Supplies,External Org to Complete Goal,,James Bryant,712020:7919ac37-40c1-4b22-a858-9d188e7777ec,James Bryant,712020:7919ac37-40c1-4b22-a858-9d188e7777ec,29/May/26 1:23 PM,29/May/26 1:24 PM,,JCPS,Passport,SSDI,SWCM,,,James Bryant,,712020:7919ac37-40c1-4b22-a858-9d188e7777ec,,0,,,,,,,,,,,,,,,,,,,,,No,,,,,,,,No,No,,,,,,,,,,,,,0|i02kw7:,,,,,,,,,,,,,No,,,,29/May/26 1:24 PM;712020:7919ac37-40c1-4b22-a858-9d188e7777ec;JB referred to NYSINYD,,,55586.0,NEIG-14864,Cashola D Hudson ,Done,29/May/26 1:23 PM
P0087,"Name only (matched existing person, DOB missing)",Person P0087,NEIG-15250,56154,Rent Assistance Care Path,External Org to Complete Goal,,James Bryant,712020:7919ac37-40c1-4b22-a858-9d188e7777ec,James Bryant,712020:7919ac37-40c1-4b22-a858-9d188e7777ec,29/May/26 1:23 PM,29/May/26 1:23 PM,,JCPS,Passport,SSDI,SWCM,,,James Bryant,,712020:7919ac37-40c1-4b22-a858-9d188e7777ec,,0,,,,,,,,,,,,,,,,,,,,,No,,,,,,,,No,No,,,,,,,,,,,,,0|i02kvz:,,,,,,,,,,,,,No,,,,29/May/26 1:23 PM;712020:7919ac37-40c1-4b22-a858-9d188e7777ec;JB referred to Salvation Army and HOPE,,,55586.0,NEIG-14864,Cashola D Hudson ,Done,29/May/26 1:23 PM
P0295,"Name only (matched existing person, DOB missing)",Person P0295,NEIG-15249,56153,Legal Assistance Care Path,External Org to Complete Goal,,James Bryant,712020:7919ac37-40c1-4b22-a858-9d188e7777ec,James Bryant,712020:7919ac37-40c1-4b22-a858-9d188e7777ec,29/May/26 1:15 PM,29/May/26 1:16 PM,,Eviction_Court,SAM,United,,,,James Bryant,,712020:7919ac37-40c1-4b22-a858-9d188e7777ec,,0,,,,,,,,,,,,,,,,,,,,,No,,,,,,,,No,No,,,,,,,,,,,,,0|i02kvr:,,,,,,,,,,,,,No,,,,29/May/26 1:16 PM;712020:7919ac37-40c1-4b22-a858-9d188e7777ec;JB referred to Legal Aid for Child Support assistance,,,55566.0,NEIG-14853,Navosha T sheckles,Done,29/May/26 1:16 PM
P0332,"Name only (matched existing person, DOB missing)",Person P0332,NEIG-15248,56152,Rent Assistance Care Path,External Org to Complete Goal,,James Bryant,712020:7919ac37-40c1-4b22-a858-9d188e7777ec,James Bryant,712020:7919ac37-40c1-4b22-a858-9d188e7777ec,29/May/26 1:08 PM,29/May/26 1:09 PM,,FamilyScholarHouse,Humana-Medicaid,JCPS,SAM,SNAP,United,James Bryant,,712020:7919ac37-40c1-4b22-a858-9d188e7777ec,,0,,,,,,,,,,,,,,,,,,,,,No,,,,,,,,No,No,,,,,,,,,,,,,0|i02kvj:,,,,,,,,,,,,,No,,,,29/May/26 1:09 PM;712020:7919ac37-40c1-4b22-a858-9d188e7777ec;JB referred to Hope and Door,,,55540.0,NEIG-14838,sarah m charron,Done,29/May/26 1:09 PM
P0332,"Name only (matched existing person, DOB missing)",Person P0332,NEIG-15247,56151,Utility Care Path,External Org to Complete Goal,Done,James Bryant,712020:7919ac37-40c1-4b22-a858-9d188e7777ec,James Bryant,712020:7919ac37-40c1-4b22-a858-9d188e7777ec,29/May/26 1:08 PM,29/May/26 1:09 PM,29/May/26 1:09 PM,FamilyScholarHouse,Humana-Medicaid,JCPS,SAM,SNAP,United,James Bryant,,712020:7919ac37-40c1-4b22-a858-9d188e7777ec,,0,,,,,,,,,,,,,,,,,,,,,No,,,,,,,,No,No,,,,,,,,,,,,,0|i02kvb:,,,,,,,,,,,,,No,,,10013_*:*_1_*:*_14746_*|*_10034_*:*_1_*:*_0,,,,55540.0,NEIG-14838,sarah m charron,Done,29/May/26 1:09 PM
P0302,"Name only (matched existing person, DOB missing)",Person P0302,NEIG-15244,56148,House Navigation Care Path,External Org to Complete Goal,Done,James Bryant,712020:7919ac37-40c1-4b22-a858-9d188e7777ec,James Bryant,712020:7919ac37-40c1-4b22-a858-9d188e7777ec,29/May/26 12:56 PM,29/May/26 12:56 PM,29/May/26 12:56 PM,JCPS,LMHA,Passport,SNAP,WLCM,,James Bryant,,712020:7919ac37-40c1-4b22-a858-9d188e7777ec,,0,,,,,,,,,,,,,,,,,,,,,No,,,,,,,,No,No,,,,,,,,,,,,,0|i02kun:,,,,,,,,,,,,,No,,,10013_*:*_1_*:*_16024_*|*_10034_*:*_1_*:*_0,"29/May/26 12:56 PM;712020:7919ac37-40c1-4b22-a858-9d188e7777ec;JB gave LMHA phone number, client spoke to them about process",,,55458.0,NEIG-14793,Pascaline Kecuru ,Done,29/May/26 12:56 PM
P0406,"Name only (no DOB, no other match)",Person P0406,NEIG-15241,56145,Transportation Care Path,Goal Attained,Done,James Bryant,712020:7919ac37-40c1-4b22-a858-9d188e7777ec,James Bryant,712020:7919ac37-40c1-4b22-a858-9d188e7777ec,29/May/26 12:10 PM,29/May/26 12:10 PM,29/May/26 12:10 PM,HFTS,Homeschooling,Humana-Medicaid,JCPS,LUL,Medicaid,James Bryant,,712020:7919ac37-40c1-4b22-a858-9d188e7777ec,,0,,,,,,,,,,,,,,,,,,,,,No,,,,,,,,No,No,,,,,,,,,,,,,0|i02ktz:,,,,,,,,,,,,,No,,,10013_*:*_1_*:*_4637_*|*_10027_*:*_1_*:*_0,29/May/26 12:10 PM;712020:7919ac37-40c1-4b22-a858-9d188e7777ec;SLCM and HFTS paid for neighbor’s car to be repaired,,,32167.0,NEIG-9755,Jacqueline N Hamblin,Done,29/May/26 12:10 PM
P0133,Name + DOB,Person P0133,NEIG-15230,56134,New Profile,Referral Only,,Johanna South,712020:3b2c2185-c76f-4d90-ad8c-9e260c73c318,Johanna South,712020:3b2c2185-c76f-4d90-ad8c-9e260c73c318,29/May/26 10:21 AM,12/Jun/26 9:22 AM,,JAM,Passport,Young-adult,,,,James Bryant,Johanna South,712020:7919ac37-40c1-4b22-a858-9d188e7777ec,712020:3b2c2185-c76f-4d90-ad8c-9e260c73c318,1,louisville,JAM,,baptist health ,23.0,Other,,Not being evicted,Woman,Financial Stability Care Path,Social Support,,,Person with a physical or mental disability,,No,Rent- past due,0.0,Passport by Molina,29/May/26 12:00 AM,Yes,,Other,,,,,,Yes,Yes,,No,,1,1,No,Call,Text,Medicaid,english,she/her,Black of African American,0|i02krj:,,,,,,An email with available resources and next steps,A phone call to further explain where you would like assistance,No,No income,,kentucky,LG&E,No,40299,2026-06-01 13:30:12.637,,01/Jun/26 9:30 AM;712020:7919ac37-40c1-4b22-a858-9d188e7777ec;6/1/26 JB initial contact attempt via SimpleText,02/Jun/26 11:44 AM;712020:7919ac37-40c1-4b22-a858-9d188e7777ec;6/2/26 JB second contact attempt,"02/Jun/26 11:55 AM;712020:7919ac37-40c1-4b22-a858-9d188e7777ec;Client is recovering from a stroke and seeking assistance with wifi, rent, and LG&E",,,,Done,12/Jun/26 9:22 AM
P0143,Name + DOB,Person P0143,NEIG-15222,56126,New Profile,Referral Only,,Johanna South,712020:3b2c2185-c76f-4d90-ad8c-9e260c73c318,Johanna South,712020:3b2c2185-c76f-4d90-ad8c-9e260c73c318,28/May/26 8:50 PM,12/Jun/26 9:21 AM,,JCPS,LMHA,Passport,SAM,SNAP,Winterwood,James Bryant,Johanna South,712020:7919ac37-40c1-4b22-a858-9d188e7777ec,712020:3b2c2185-c76f-4d90-ad8c-9e260c73c318,7,Louisville,SAM,,,31.0,Unemployed but want to find work,,Not being evicted,Woman,Financial Stability Care Path,Intimate Partner Violence Victim Care Path,Legal Assistance Care Path,Pregnancy/Postpartum Care Path,Person with a physical or mental disability,Person with chronic health condition,Yes,Other,1000.0,Passport by Molina,29/May/26 12:00 AM,Yes,Winter wood ,Childbirth,Death in the family,Issues with child care,Job loss,,,Yes,Yes,,No,,More than 5,More than 5,No,Call,Text,Medicaid,English,she/her,Black of African American,0|i02kpr:,,,,,,An email with available resources and next steps,A phone call to further explain where you would like assistance,Yes,Food benefits - TANF/SNAP,,KENTUCKY,LG&E,No,40216,2026-05-29 14:44:49.259,,"29/May/26 10:44 AM;712020:7919ac37-40c1-4b22-a858-9d188e7777ec;Client seeking utility assistance, JB referred to SAM",29/May/26 4:21 PM;712020:7919ac37-40c1-4b22-a858-9d188e7777ec;Client identified being interested in help with other goals,,,,,Done,12/Jun/26 9:21 AM
P0272,Name + DOB,Person P0272,NEIG-15215,56119,Connected Neighbor Profile,New Neighbor,,Johanna South,712020:3b2c2185-c76f-4d90-ad8c-9e260c73c318,Johanna South,712020:3b2c2185-c76f-4d90-ad8c-9e260c73c318,28/May/26 5:49 PM,12/Aug/26 1:55 PM,,HFTS,Humana-Medicaid,,,,,James Bryant,Johanna South,712020:7919ac37-40c1-4b22-a858-9d188e7777ec,712020:3b2c2185-c76f-4d90-ad8c-9e260c73c318,2,Louisville,No Established Residence,,,33.0,Unemployed and not looking for work,,Not being evicted,Woman,Behavioral Health Care Path,Childcare Care Path,Financial Stability Care Path,Food Care Path,,,No,Staying at extended stay hotel or short-term housing,0.0,Humana,28/May/26 12:00 AM,No,,Unexpected expense,,,,,,Yes,Yes,,No,,2,3,No,Call,Text,Medicaid,English ,she/her,Black of African American,0|i02ko7:,,,,,,An email with available resources and next steps,A phone call to further explain where you would like assistance,No,No income,,Ky,,No,,2026-05-29 14:45:19.789,,29/May/26 10:45 AM;712020:7919ac37-40c1-4b22-a858-9d188e7777ec;5/29/26 JB initial contact attempt via Simpletext,02/Jun/26 11:43 AM;712020:7919ac37-40c1-4b22-a858-9d188e7777ec;6/2/26 JB second contact attempt,,,,,To Do,05/Jun/26 10:41 AM
P0076,Name + DOB,Person P0076,NEIG-15206,56110,New Profile,Referral Only,,Johanna South,712020:3b2c2185-c76f-4d90-ad8c-9e260c73c318,Johanna South,712020:3b2c2185-c76f-4d90-ad8c-9e260c73c318,28/May/26 5:20 PM,12/Jun/26 9:20 AM,,JCPS,Passport,SLCM,SNAP,SSDI,WellCare,James Bryant,Johanna South,712020:7919ac37-40c1-4b22-a858-9d188e7777ec,712020:3b2c2185-c76f-4d90-ad8c-9e260c73c318,4,Louisville,SLCM,,,36.0,Unemployed but want to find work,Non-payment,Unknown,Woman,Financial Stability Care Path,Intimate Partner Violence Victim Care Path,Pregnancy/Postpartum Care Path,Social Support,Person with a physical or mental disability,Pregnant or recently postpartum,Yes,Rent- past due,914.0,Passport by Molina,28/May/26 12:00 AM,Yes,Corl ,Childbirth,Death in the family,Eviction,Household member left,Unexpected expense,1150.0,Yes,Yes,,No,1950.0,4,1,No,Call,Text,Medicaid,,she/her,Black of African American,0|i02km7:,Avoid an eviction,Come up with a plan to pay back rent,Find new housing,Find public/subsidized housing,125.821,An email with available resources and next steps,A phone call to further explain where you would like assistance,No,Food benefits - TANF/SNAP,Social Security - SSI/SSDI,KY,LG&E,No,40215,2026-05-29 14:45:46.961,,29/May/26 10:45 AM;712020:7919ac37-40c1-4b22-a858-9d188e7777ec;5/29/26 JB initial contact attempt via Simpletext,"02/Jun/26 11:42 AM;712020:7919ac37-40c1-4b22-a858-9d188e7777ec;Client seeking rent assistance, JB sent screening survey",12/Jun/26 9:20 AM;712020:7919ac37-40c1-4b22-a858-9d188e7777ec;Client never filled out screening survey. Client had reported falling into depression after death of childrens' father,,,,Done,12/Jun/26 9:20 AM
P0032,Name + DOB,Person P0032,NEIG-15177,56081,New Profile,Referral Only,,Johanna South,712020:3b2c2185-c76f-4d90-ad8c-9e260c73c318,Johanna South,712020:3b2c2185-c76f-4d90-ad8c-9e260c73c318,27/May/26 5:32 PM,12/Jun/26 9:00 AM,,LGBTQIA+,LMHA,Patriot_Derby,SLCM,Uninsured,Young-adult,James Bryant,Johanna South,712020:7919ac37-40c1-4b22-a858-9d188e7777ec,712020:3b2c2185-c76f-4d90-ad8c-9e260c73c318,0,Louisville,SLCM,,Simmons College of Kentucky ,24.0,Employed,,Not being evicted,Woman,Financial Stability Care Path,Food Care Path,Healthcare Care Path,Pregnancy/Postpartum Care Path,LGBTQIA+,Person with a physical or mental disability,No,Rent - nothing past due,3000.0,I don't know,27/May/26 12:00 AM,Yes,Leigh- Anne Corelius ,Unexpected expense,,,,,,Yes,Yes,Alan Watts,Yes,,0,1,No,Text,,,English,she/her,,0|i02kfr:,,,,,,,,Yes,Full-time employment,,KY,LG&E,No,40215,2026-05-28 13:53:24.169,,28/May/26 9:53 AM;712020:7919ac37-40c1-4b22-a858-9d188e7777ec;5/28/26 JB initial contact attempt,02/Jun/26 11:42 AM;712020:7919ac37-40c1-4b22-a858-9d188e7777ec;Client seeking utility assistance,,,,,Done,12/Jun/26 9:00 AM
P0047,Name + DOB,Person P0047,NEIG-15144,56048,New Profile,Referral Only,,Johanna South,712020:3b2c2185-c76f-4d90-ad8c-9e260c73c318,Johanna South,712020:3b2c2185-c76f-4d90-ad8c-9e260c73c318,26/May/26 3:57 PM,29/May/26 2:40 PM,,JCPS,SLCM,WellCare,,,,James Bryant,Johanna South,712020:7919ac37-40c1-4b22-a858-9d188e7777ec,712020:3b2c2185-c76f-4d90-ad8c-9e260c73c318,1,Louisville ,SLCM,,Trilogy ,38.0,Employed,Non-payment,Currently being evicted,Woman,Pregnancy/Postpartum Care Path,,,,Pregnant or recently postpartum,,No,Rent- past due,3240.0,WellCare,26/May/26 12:00 AM,Yes,Shannon Wilson,Eviction,Issues with child care,Reduction in or loss of benefits,Unexpected expense,Lost a job/had hours cut,920.0,Yes,Yes,,No,1145.74,1,2,No,Call,Text,Medicaid,Dinka and English ,she/her,Prefer not to answer,0|i02k8f:,Avoid an eviction,Get rental assistance,Stay out of court,,28.395,A phone call to further explain where you would like assistance,,No,Full-time employment,,Ky,LG&E,No,40214,2026-05-27 14:28:53.8,,27/May/26 10:28 AM;712020:7919ac37-40c1-4b22-a858-9d188e7777ec;Client seeking rent assistance,28/May/26 4:03 PM;712020:7919ac37-40c1-4b22-a858-9d188e7777ec;JB referred to Hope and Door,,,,,Done,29/May/26 2:40 PM
P0247,Name + DOB,Person P0247,NEIG-15131,56035,New Profile,Referral Only,,Johanna South,712020:3b2c2185-c76f-4d90-ad8c-9e260c73c318,Johanna South,712020:3b2c2185-c76f-4d90-ad8c-9e260c73c318,26/May/26 2:59 PM,29/May/26 2:37 PM,,Eviction_Court,Humana-Medicaid,JAM,,,,James Bryant,Johanna South,712020:7919ac37-40c1-4b22-a858-9d188e7777ec,712020:3b2c2185-c76f-4d90-ad8c-9e260c73c318,0,Louisville ,JAM,06/Jul/26 12:00 AM,,26.0,Unemployed but want to find work,Non-payment,Currently being evicted,Woman,Financial Stability Care Path,Pregnancy/Postpartum Care Path,,,Person with chronic health condition,Pregnant or recently postpartum,No,Rent- past due,0.0,Humana,26/May/26 12:00 AM,No,Nikki,Eviction,Job loss,Loss of job,,Lost a job/had hours cut,1380.0,Yes,Yes,Legal Aid Society ,Yes,2109.63,0,0,No,Text,,Medicaid,English ,she/her,Prefer not to answer,0|i02k5j:,Avoid an eviction,Come up with a plan to pay back rent,Get rental assistance,Seal eviction records,,An email with available resources and next steps,,No,No income,,Kentucky ,,No,40299,2026-05-27 14:21:27.428,,27/May/26 10:21 AM;712020:7919ac37-40c1-4b22-a858-9d188e7777ec;5/27/26 JB initial contact attempt,"27/May/26 12:23 PM;712020:7919ac37-40c1-4b22-a858-9d188e7777ec;Client owes $2,160 for one month of past due rent (includes court fees), first court date is 7/6/26",,,,,Done,29/May/26 2:37 PM
P0167,Name + DOB,Person P0167,NEIG-15089,55993,New Profile,Referral Only,,Johanna South,712020:3b2c2185-c76f-4d90-ad8c-9e260c73c318,Johanna South,712020:3b2c2185-c76f-4d90-ad8c-9e260c73c318,26/May/26 10:59 AM,06/Jul/26 9:34 AM,,JCPS,LMHA,Passport,SLCM,SNAP,,James Bryant,Johanna South,712020:7919ac37-40c1-4b22-a858-9d188e7777ec,712020:3b2c2185-c76f-4d90-ad8c-9e260c73c318,4,Louisville,SLCM,,Andy Frain ,37.0,Unemployed but want to find work,,Not being evicted,Woman,Children's Welfare (CPS),Financial Stability Care Path,Transportation Care Path,,,,No,Rent - nothing past due,0.0,Passport by Molina,26/May/26 12:00 AM,Yes,Val Winburn,Issues with child care,Job loss,Loss of accessible transportation,Loss of job,,,Yes,Yes,,Yes,,4,1,No,Call,Text,Medicaid,English ,she/her,Black of African American,0|i02jw7:,,,,,,An email with available resources and next steps,A phone call to further explain where you would like assistance,Yes,Food benefits - TANF/SNAP,No income,KY,LG&E,Yes,40215,2026-05-26 15:24:33.397,,26/May/26 11:24 AM;712020:7919ac37-40c1-4b22-a858-9d188e7777ec;5/26/26 JB initial contact attempt,"26/May/26 11:30 AM;712020:7919ac37-40c1-4b22-a858-9d188e7777ec;Client seeking relocation assistance after porting voucher, client also having issues finding work",06/Jul/26 9:34 AM;712020:7919ac37-40c1-4b22-a858-9d188e7777ec;Client is moving to Colorado,,,,Done,06/Jul/26 9:32 AM
P0282,"Name only (matched existing person, DOB missing)",Person P0282,NEIG-15076,55980,Basic Supplies,External Org to Complete Goal,,James Bryant,712020:7919ac37-40c1-4b22-a858-9d188e7777ec,James Bryant,712020:7919ac37-40c1-4b22-a858-9d188e7777ec,26/May/26 8:45 AM,26/May/26 8:46 AM,,LMHA,Passport,SLCM,SNAP,Young-adult,,James Bryant,,712020:7919ac37-40c1-4b22-a858-9d188e7777ec,,0,,,,,,,,,,,,,,,,,,,,,No,,,,,,,,No,No,,,,,,,,,,,,,0|i02jtb:,,,,,,,,,,,,,No,,,,26/May/26 8:46 AM;712020:7919ac37-40c1-4b22-a858-9d188e7777ec;JB referred to Dare to Care,,,55286.0,NEIG-14696,Mickaela Young,Done,26/May/26 8:45 AM
P0282,"Name only (matched existing person, DOB missing)",Person P0282,NEIG-15075,55979,Pregnancy/Postpartum Care Path,External Org to Complete Goal,,James Bryant,712020:7919ac37-40c1-4b22-a858-9d188e7777ec,James Bryant,712020:7919ac37-40c1-4b22-a858-9d188e7777ec,26/May/26 8:43 AM,26/May/26 8:44 AM,,LMHA,Passport,SLCM,SNAP,Young-adult,,James Bryant,,712020:7919ac37-40c1-4b22-a858-9d188e7777ec,,0,,,,,,,,,,,,,,,,,,,,,No,,,,,,,,No,No,,,,,,,,,,,,,0|i02jt3:,,,,,,,,,,,,,No,,,,"26/May/26 8:44 AM;712020:7919ac37-40c1-4b22-a858-9d188e7777ec;JB referred to GBI, Infant Resource Ministry, HANDS, and Golden Arrow",,,55286.0,NEIG-14696,Mickaela Young,Done,26/May/26 8:43 AM
P0081,Name + DOB,Person P0081,NEIG-15064,55968,New Profile,Referral Only,,Johanna South,712020:3b2c2185-c76f-4d90-ad8c-9e260c73c318,Johanna South,712020:3b2c2185-c76f-4d90-ad8c-9e260c73c318,25/May/26 1:50 PM,09/Jun/26 3:37 PM,,Eviction_Court,SLCM,SNAP,,,,James Bryant,Johanna South,712020:7919ac37-40c1-4b22-a858-9d188e7777ec,712020:3b2c2185-c76f-4d90-ad8c-9e260c73c318,1,Louisville ,SLCM,23/Jun/26 12:00 AM,Lincoln Trail District Development ,23.0,"Employed, but need more hours and/or different work",Non-payment,Currently being evicted,Woman,Financial Stability Care Path,Legal Assistance Care Path,Transportation Care Path,,,,No,Rent- past due,2000.0,Passport by Molina,25/May/26 12:00 AM,No,Charles (investking group) 502-595-8899,Eviction,Loss of accessible transportation,Reduction in hours at work,,Lost a job/had hours cut,1000.0,Yes,Yes,,Yes,2200.0,1,1,No,Call,Text,Medicaid,English ,she/her,Black of African American,0|i02jqn:,Avoid an eviction,Come up with a plan to pay back rent,Find new housing,Get rental assistance,50.0,An email with available resources and next steps,A phone call to further explain where you would like assistance,No,Food benefits - TANF/SNAP,Other,Kentucky ,Water,No,40215,2026-05-26 13:02:52.239,,26/May/26 9:02 AM;712020:7919ac37-40c1-4b22-a858-9d188e7777ec;5/26/26 JB initial contact attempt,"26/May/26 10:34 AM;712020:7919ac37-40c1-4b22-a858-9d188e7777ec;Client seeking two months past due rent, $2,200, or housing navigation if that can’t happen before court date of 6/23/26. Client is not eligible for Hope and Door due to previous rent assistance and residence of only 3 months in current unit.","09/Jun/26 3:17 PM;712020:7919ac37-40c1-4b22-a858-9d188e7777ec;JB shared information about Common Assessment/Coalition, KTAP for deposit assistance, and EDI",,,,Done,29/May/26 2:26 PM
P0249,Name + DOB,Person P0249,NEIG-15057,55961,Connected Neighbor Profile,New Neighbor,,Johanna South,712020:3b2c2185-c76f-4d90-ad8c-9e260c73c318,Johanna South,712020:3b2c2185-c76f-4d90-ad8c-9e260c73c318,24/May/26 3:21 PM,27/May/26 10:57 AM,,JCPS,MUSCL,,,,,James Bryant,Johanna South,712020:7919ac37-40c1-4b22-a858-9d188e7777ec,712020:3b2c2185-c76f-4d90-ad8c-9e260c73c318,4,Louisville,MUSCL,,NA currently ,32.0,Unemployed but want to find work,Non-payment,Unknown,Woman,Behavioral Health Care Path,Food Care Path,Legal Assistance Care Path,Transportation Care Path,LGBTQIA+,Person with a physical or mental disability,Yes,Rent- past due,3544.0,Passport by Molina,24/May/26 12:00 AM,No,Hasta Rai - owner of the property who also uses Bill Stouts property management ,Death in the family,Loss of accessible transportation,Other,Reduction in or loss of benefits,Change to public benefits,1230.0,Yes,Yes,I'm waiting for a case manager through Medicaid ,Yes,1260.0,3,2,No,Call,Text,Medicaid,English,she/her,White,0|i02jp3:,Avoid an eviction,Get rental assistance,,,34.707,An email with available resources and next steps,,No,Food benefits - TANF/SNAP,Full-time employment,KY,Water,Yes,40218,2026-05-27 14:56:35.239,,"27/May/26 10:56 AM;712020:7919ac37-40c1-4b22-a858-9d188e7777ec;Client seeking water assistance, as well as $1240 in rent assistance",,,,,,To Do,24/May/26 3:21 PM
P0196,Name + DOB,Person P0196,NEIG-15051,55955,New Profile,Referral Only,,Johanna South,712020:3b2c2185-c76f-4d90-ad8c-9e260c73c318,Johanna South,712020:3b2c2185-c76f-4d90-ad8c-9e260c73c318,24/May/26 10:50 AM,12/Jun/26 8:58 AM,,Caretaker,Eviction_Court,Humana-Medicaid,JCPS,MUSCL,SNAP,James Bryant,Johanna South,712020:7919ac37-40c1-4b22-a858-9d188e7777ec,712020:3b2c2185-c76f-4d90-ad8c-9e260c73c318,1,Louisville ,MUSCL,28/May/26 12:00 AM,Self employed ,35.0,"Employed, but need more hours and/or different work",Non-payment,Currently being evicted,Woman,Behavioral Health Care Path,Childcare Care Path,Financial Stability Care Path,,Person with a physical or mental disability,,Yes,Rent- past due,1000.0,Humana,24/May/26 12:00 AM,No,Pam- Cumberland Apartments,Eviction,Issues with child care,Loss of accessible transportation,Unexpected expense,Unexpected expense,899.0,Yes,Yes,,No,3000.0,2,1,No,Text,,Medicaid,English ,she/her,White,0|i02jnr:,Avoid an eviction,Come up with a plan to pay back rent,Get rental assistance,Stay out of court,89.9,An email with available resources and next steps,,No,Food benefits - TANF/SNAP,Other,Kentucky ,,No,40219,2026-05-26 13:01:55.481,,26/May/26 9:01 AM;712020:7919ac37-40c1-4b22-a858-9d188e7777ec;5/26/26 JB initial contact attempt,"28/May/26 9:43 AM;712020:7919ac37-40c1-4b22-a858-9d188e7777ec;Client seeking rent assistance and eviction prevention. JB referred to Hope and Door, Legal Aid, and EDI [~accountid:712020:099d24d2-676f-4987-bf5f-1e5002d04c16] . ",,,,,Done,12/Jun/26 8:58 AM
P0236,Name + DOB,Person P0236,NEIG-15028,55904,New Profile,Referral Only,,Johanna South,712020:3b2c2185-c76f-4d90-ad8c-9e260c73c318,Johanna South,712020:3b2c2185-c76f-4d90-ad8c-9e260c73c318,22/May/26 12:05 PM,29/May/26 2:20 PM,,Eviction_Court,JCPS,SLCM,SNAP,,,James Bryant,Johanna South,712020:7919ac37-40c1-4b22-a858-9d188e7777ec,712020:3b2c2185-c76f-4d90-ad8c-9e260c73c318,6,Louisville ,SLCM,24/Jun/26 12:00 AM,,35.0,Unemployed but want to find work,Non-payment,Currently being evicted,Woman,Financial Stability Care Path,Legal Assistance Care Path,,,Pregnant or recently postpartum,,No,Unhoused,0.0,Humana,22/May/26 12:00 AM,Yes,,Eviction,,,,Other,1545.0,Yes,Yes,,No,4100.0,More than 5,1,No,Call,Text,Medicaid,Enhlish,she/her,Black of African American,0|i02jin:,Avoid an eviction,Find public/subsidized housing,Get rental assistance,,,An email with available resources and next steps,,No,Food benefits - TANF/SNAP,No income,Kentucky ,LG&E,No,40215,2026-05-22 19:43:34.599,,22/May/26 3:43 PM;712020:7919ac37-40c1-4b22-a858-9d188e7777ec;5/22/26 JB initial contact attempt,"26/May/26 8:28 AM;712020:7919ac37-40c1-4b22-a858-9d188e7777ec;Client seeking LG&E assistance. Client owes around $1,400 to LG&E and is not eligible for SLCM assistance until August. Client also has past due rent, and owes around $4,000. JB suggested connecting with navigator, and mentioned that securing some kind of child support income should be top priority.",,,,,Done,29/May/26 2:20 PM
P0357,Name + DOB,Person P0357,NEIG-14995,55871,New Profile,Referral Only,,Johanna South,712020:3b2c2185-c76f-4d90-ad8c-9e260c73c318,Johanna South,712020:3b2c2185-c76f-4d90-ad8c-9e260c73c318,21/May/26 11:20 AM,06/Jul/26 9:28 AM,,Passport,SLCM,SNAP,Young-adult,,,James Bryant,Johanna South,712020:7919ac37-40c1-4b22-a858-9d188e7777ec,712020:3b2c2185-c76f-4d90-ad8c-9e260c73c318,1,Louisville,SLCM,,,22.0,Employed,Other,Currently being evicted,Woman,Financial Stability Care Path,,,,,,No,Rent- past due,0.0,Passport by Molina,21/May/26 12:00 AM,No,,Other,,,,Other,1295.0,Yes,Yes,Alonna Walker/Passport by Molina/(502)213-8940/alonna.walker@molinahealthcare.com,Yes,1295.0,1,0,No,Call,Text,Medicaid,English,she/her,Black of African American,0|i02jbb:,Avoid an eviction,Come up with a plan to pay back rent,Get rental assistance,,,A phone call to further explain where you would like assistance,,No,Food benefits - TANF/SNAP,Part-time employment,KY,,No,40214,2026-05-21 19:13:05.518,,21/May/26 3:13 PM;712020:7919ac37-40c1-4b22-a858-9d188e7777ec;5/21/26 JB initial contact attempt via SimpleText,22/May/26 2:15 PM;712020:7919ac37-40c1-4b22-a858-9d188e7777ec;5/22/26 JB second contact attempt,22/May/26 2:28 PM;712020:7919ac37-40c1-4b22-a858-9d188e7777ec;Client’s phone appears disconnected. JB sent intake welcome message via email,,,,Done,06/Jul/26 9:28 AM
P0260,"Name only (matched existing person, DOB missing)",Person P0260,NEIG-14957,55812,Rent Assistance Care Path,External Org to Complete Goal,,James Bryant,712020:7919ac37-40c1-4b22-a858-9d188e7777ec,James Bryant,712020:7919ac37-40c1-4b22-a858-9d188e7777ec,19/May/26 1:48 PM,19/May/26 1:49 PM,,Passport,SLCM,,,,,James Bryant,,712020:7919ac37-40c1-4b22-a858-9d188e7777ec,,0,,,,,,,,,,,,,,,,,,,,,No,,,,,,,,No,No,,,,,,,,,,,,,0|i02j2v:,,,,,,,,,,,,,No,,,,19/May/26 1:49 PM;712020:7919ac37-40c1-4b22-a858-9d188e7777ec;JB referred to Housing Stabilization and Salvation Army,,,55336.0,NEIG-14724,LaToddra A Butler,Done,19/May/26 1:48 PM
P0379,"Name only (matched existing person, DOB missing)",Person P0379,NEIG-14955,55808,Rent Assistance Care Path,External Org to Complete Goal,,James Bryant,712020:7919ac37-40c1-4b22-a858-9d188e7777ec,James Bryant,712020:7919ac37-40c1-4b22-a858-9d188e7777ec,19/May/26 1:46 PM,19/May/26 1:46 PM,,JCPS,Passport,SLCM,SNAP,,,James Bryant,,712020:7919ac37-40c1-4b22-a858-9d188e7777ec,,0,,,,,,,,,,,,,,,,,,,,,No,,,,,,,,No,No,,,,,,,,,,,,,0|i02j2f:,,,,,,,,,,,,,No,,,,19/May/26 1:46 PM;712020:7919ac37-40c1-4b22-a858-9d188e7777ec;JB referred to Salvation Army,,,55308.0,NEIG-14708,Tonisha Sublett,Done,19/May/26 1:46 PM
P0271,"Name only (matched existing person, DOB missing)",Person P0271,NEIG-14953,55804,Rent Assistance Care Path,External Org to Complete Goal,,James Bryant,712020:7919ac37-40c1-4b22-a858-9d188e7777ec,James Bryant,712020:7919ac37-40c1-4b22-a858-9d188e7777ec,19/May/26 12:52 PM,19/May/26 12:53 PM,,EACM,JCPS,Passport,Workforce,,,James Bryant,,712020:7919ac37-40c1-4b22-a858-9d188e7777ec,,0,,,,,,,,,,,,,,,,,,,,,No,,,,,,,,No,No,,,,,,,,,,,,,0|i02j1z:,,,,,,,,,,,,,No,,,,19/May/26 12:53 PM;712020:7919ac37-40c1-4b22-a858-9d188e7777ec;JB referred to EACM,,,55135.0,NEIG-14657,Maria A Thomas ,Done,19/May/26 12:52 PM
P0041,"Name only (matched existing person, DOB missing)",Person P0041,NEIG-14952,55802,Basic Supplies,External Org to Complete Goal,,James Bryant,712020:7919ac37-40c1-4b22-a858-9d188e7777ec,James Bryant,712020:7919ac37-40c1-4b22-a858-9d188e7777ec,19/May/26 12:51 PM,19/May/26 12:52 PM,,EACM,JCPS,LMHA,Passport,SNAP,,James Bryant,,712020:7919ac37-40c1-4b22-a858-9d188e7777ec,,0,,,,,,,,,,,,,,,,,,,,,No,,,,,,,,No,No,,,,,,,,,,,,,0|i02j1r:,,,,,,,,,,,,,No,,,,19/May/26 12:52 PM;712020:7919ac37-40c1-4b22-a858-9d188e7777ec;JB referred to EACM and Dare to Care,,,55128.0,NEIG-14650,Ashley ann cook,Done,19/May/26 12:51 PM
P0041,"Name only (matched existing person, DOB missing)",Person P0041,NEIG-14951,55800,Pregnancy/Postpartum Care Path,External Org to Complete Goal,,James Bryant,712020:7919ac37-40c1-4b22-a858-9d188e7777ec,James Bryant,712020:7919ac37-40c1-4b22-a858-9d188e7777ec,19/May/26 12:51 PM,19/May/26 12:51 PM,,EACM,JCPS,LMHA,Passport,SNAP,,James Bryant,,712020:7919ac37-40c1-4b22-a858-9d188e7777ec,,0,,,,,,,,,,,,,,,,,,,,,No,,,,,,,,No,No,,,,,,,,,,,,,0|i02j1j:,,,,,,,,,,,,,No,,,,"19/May/26 12:51 PM;712020:7919ac37-40c1-4b22-a858-9d188e7777ec;JB referred to Passport Member Services, Infant Resource Ministry, GBI, Golden Arrow, Hands, and EACM",,,55128.0,NEIG-14650,Ashley ann cook,Done,19/May/26 12:51 PM
P0407,"Name only (no DOB, no other match)",Person P0407,NEIG-14948,55794,Rent Assistance Care Path,External Org to Complete Goal,,James Bryant,712020:7919ac37-40c1-4b22-a858-9d188e7777ec,James Bryant,712020:7919ac37-40c1-4b22-a858-9d188e7777ec,19/May/26 12:33 PM,19/May/26 12:33 PM,,HeritageGreen,Passport,SNAP,,,,James Bryant,,712020:7919ac37-40c1-4b22-a858-9d188e7777ec,,0,,,,,,,,,,,,,,,,,,,,,No,,,,,,,,No,No,,,,,,,,,,,,,0|i02j0v:,,,,,,,,,,,,,No,,,,19/May/26 12:33 PM;712020:7919ac37-40c1-4b22-a858-9d188e7777ec;JB referred to Catholic Charities and DCBS,,,55047.0,NEIG-14633,Jada M Mosley,Done,19/May/26 12:33 PM
P0408,"Name only (no DOB, no other match)",Person P0408,NEIG-14947,55792,House Navigation Care Path,External Org to Complete Goal,Done,James Bryant,712020:7919ac37-40c1-4b22-a858-9d188e7777ec,James Bryant,712020:7919ac37-40c1-4b22-a858-9d188e7777ec,19/May/26 12:31 PM,19/May/26 12:31 PM,19/May/26 12:31 PM,Uninsured,WLCM,Workforce,,,,James Bryant,,712020:7919ac37-40c1-4b22-a858-9d188e7777ec,,0,,,,,,,,,,,,,,,,,,,,,No,,,,,,,,No,No,,,,,,,,,,,,,0|i02j0n:,,,,,,,,,,,,,No,,,10013_*:*_1_*:*_10183_*|*_10034_*:*_1_*:*_0,,,,55037.0,NEIG-14623,Rodney Leon Marion ,Done,19/May/26 12:31 PM
P0160,"Name only (matched existing person, DOB missing)",Person P0160,NEIG-14943,55784,Rent Assistance Care Path,External Org to Complete Goal,,James Bryant,712020:7919ac37-40c1-4b22-a858-9d188e7777ec,James Bryant,712020:7919ac37-40c1-4b22-a858-9d188e7777ec,19/May/26 12:21 PM,19/May/26 12:22 PM,,JCPS,Passport,SLCM,Workforce,,,James Bryant,,712020:7919ac37-40c1-4b22-a858-9d188e7777ec,,0,,,,,,,,,,,,,,,,,,,,,No,,,,,,,,No,No,,,,,,,,,,,,,0|i02izr:,,,,,,,,,,,,,No,,,,19/May/26 12:22 PM;712020:7919ac37-40c1-4b22-a858-9d188e7777ec;JB referred to Housing Stabilization ,,,54687.0,NEIG-14561,Iesha J Winstead,Done,19/May/26 12:21 PM
P0024,"Name only (matched existing person, DOB missing)",Person P0024,NEIG-14940,55778,Medical Costs or Bills,External Org to Complete Goal,,James Bryant,712020:7919ac37-40c1-4b22-a858-9d188e7777ec,James Bryant,712020:7919ac37-40c1-4b22-a858-9d188e7777ec,19/May/26 12:18 PM,19/May/26 12:19 PM,,Aetna,SNAP,UCHM,Young-adult,,,James Bryant,,712020:7919ac37-40c1-4b22-a858-9d188e7777ec,,0,,,,,,,,,,,,,,,,,,,,,No,,,,,,,,No,No,,,,,,,,,,,,,0|i02iz3:,,,,,,,,,,,,,No,,,,"19/May/26 12:19 PM;712020:7919ac37-40c1-4b22-a858-9d188e7777ec;JB checked KYPAP program, and determined that Cost Plus Drugs has the best prices on the medications Amya was needing. JB sent links and client stopped responding",,,54614.0,NEIG-14552,Amya E Thomas,Done,19/May/26 12:18 PM
P0024,"Name only (matched existing person, DOB missing)",Person P0024,NEIG-14939,55776,Basic Supplies,External Org to Complete Goal,,James Bryant,712020:7919ac37-40c1-4b22-a858-9d188e7777ec,James Bryant,712020:7919ac37-40c1-4b22-a858-9d188e7777ec,19/May/26 12:17 PM,19/May/26 12:18 PM,,Aetna,SNAP,UCHM,Young-adult,,,James Bryant,,712020:7919ac37-40c1-4b22-a858-9d188e7777ec,,0,,,,,,,,,,,,,,,,,,,,,No,,,,,,,,No,No,,,,,,,,,,,,,0|i02iyv:,,,,,,,,,,,,,No,,,,19/May/26 12:18 PM;712020:7919ac37-40c1-4b22-a858-9d188e7777ec;JB referred to UCHM and Dare to Care,,,54614.0,NEIG-14552,Amya E Thomas,Done,19/May/26 12:17 PM
P0409,"Name only (no DOB, no other match)",Person P0409,NEIG-14935,55768,Rent Assistance Care Path,External Org to Complete Goal,,James Bryant,712020:7919ac37-40c1-4b22-a858-9d188e7777ec,James Bryant,712020:7919ac37-40c1-4b22-a858-9d188e7777ec,19/May/26 12:10 PM,19/May/26 12:11 PM,,Aetna,LMHA,SLCM,,,,James Bryant,,712020:7919ac37-40c1-4b22-a858-9d188e7777ec,,0,,,,,,,,,,,,,,,,,,,,,No,,,,,,,,No,No,,,,,,,,,,,,,0|i02ixz:,,,,,,,,,,,,,No,,,,19/May/26 12:11 PM;712020:7919ac37-40c1-4b22-a858-9d188e7777ec;JB referred to Salvation Army for deposit assistance,,,54312.0,NEIG-14457,Kamya R Stovall,Done,19/May/26 12:11 PM
P0256,"Name only (matched existing person, DOB missing)",Person P0256,NEIG-14933,55764,Rent Assistance Care Path,External Org to Complete Goal,,James Bryant,712020:7919ac37-40c1-4b22-a858-9d188e7777ec,James Bryant,712020:7919ac37-40c1-4b22-a858-9d188e7777ec,19/May/26 11:26 AM,19/May/26 11:26 AM,,Anthem,JCPS,Passport,SLCM,,,James Bryant,,712020:7919ac37-40c1-4b22-a858-9d188e7777ec,,0,,,,,,,,,,,,,,,,,,,,,No,,,,,,,,No,No,,,,,,,,,,,,,0|i02ixj:,,,,,,,,,,,,,No,,,,"19/May/26 11:26 AM;712020:7919ac37-40c1-4b22-a858-9d188e7777ec;JB initially referred to Hope and Door, but client was denied. JB then referred to Salvation Army",,,54277.0,NEIG-14436,Lamanda Huff,Done,19/May/26 11:26 AM
P0326,Name + DOB,Person P0326,NEIG-14901,55703,New Profile,Referral Only,,Johanna South,712020:3b2c2185-c76f-4d90-ad8c-9e260c73c318,Johanna South,712020:3b2c2185-c76f-4d90-ad8c-9e260c73c318,18/May/26 2:44 PM,29/May/26 1:42 PM,,LMHA,NDHC,SNAP,United,WLCM,,James Bryant,Johanna South,712020:7919ac37-40c1-4b22-a858-9d188e7777ec,712020:3b2c2185-c76f-4d90-ad8c-9e260c73c318,0,Louisville,WLCM,,,39.0,Unemployed and not looking for work,,Not being evicted,Woman,Intimate Partner Violence Victim Care Path,Pregnancy/Postpartum Care Path,Transportation Care Path,,Person with a physical or mental disability,Person with chronic health condition,Yes,Rent - nothing past due,895.0,United Healthcare,18/May/26 12:00 AM,No,New directions ,Death in the family,Incarceration,Loss of accessible transportation,Onset of disability,,,Yes,Yes,,No,,0,1,No,Call,Text,Medicare,English ,she/her,White,0|i02iqf:,,,,,,An email with available resources and next steps,A phone call to further explain where you would like assistance,Yes,Food benefits - TANF/SNAP,Other,KY,,No,40210,2026-05-18 18:50:39.672,,18/May/26 2:50 PM;712020:7919ac37-40c1-4b22-a858-9d188e7777ec;5/18/26 JB initial contact attempt via SimpleText,18/May/26 2:52 PM;712020:7919ac37-40c1-4b22-a858-9d188e7777ec;Client seeking furniture and infant supplies,,,,,Done,29/May/26 1:42 PM
P0052,Name + DOB,Person P0052,NEIG-14896,55694,New Profile,Referral Only,,Johanna South,712020:3b2c2185-c76f-4d90-ad8c-9e260c73c318,Johanna South,712020:3b2c2185-c76f-4d90-ad8c-9e260c73c318,18/May/26 12:43 PM,29/May/26 1:41 PM,,JCPS,LMHA,MUSCL,Passport,SNAP,,James Bryant,Johanna South,712020:7919ac37-40c1-4b22-a858-9d188e7777ec,712020:3b2c2185-c76f-4d90-ad8c-9e260c73c318,2,Louisville ,MUSCL,,,49.0,Unemployed but want to find work,,Not being evicted,Woman,Financial Stability Care Path,Transportation Care Path,,,Person with chronic health condition,,No,Rent- past due,0.0,Passport by Molina,18/May/26 12:00 AM,Yes,Anthony Reddington,Job loss,,,,,,Yes,Yes,,No,,2,1,No,Call,,Medicaid,English ,she/her,,0|i02ipb:,,,,,,An email with available resources and next steps,A phone call to further explain where you would like assistance,Yes,Food benefits - TANF/SNAP,No income,Kentucky ,LG&E,Yes,40219,2026-05-18 16:55:38.554,,18/May/26 12:55 PM;712020:7919ac37-40c1-4b22-a858-9d188e7777ec;5/18/26 JB initial contact attempt via Simpletext,18/May/26 12:55 PM;712020:7919ac37-40c1-4b22-a858-9d188e7777ec;5/18/26 JB initial contact attempt via Simpletext,18/May/26 4:04 PM;712020:7919ac37-40c1-4b22-a858-9d188e7777ec;Client is seeking LG&E and water assistance. Client was also seeking a job but did not fill out the workforce placement survey when provided with it,,,,Done,29/May/26 1:41 PM
P0087,Name + DOB,Person P0087,NEIG-14864,55586,New Profile,Referral Only,,Johanna South,712020:3b2c2185-c76f-4d90-ad8c-9e260c73c318,Johanna South,712020:3b2c2185-c76f-4d90-ad8c-9e260c73c318,15/May/26 4:11 PM,29/May/26 1:24 PM,,JCPS,Passport,SSDI,SWCM,,,James Bryant,Johanna South,712020:7919ac37-40c1-4b22-a858-9d188e7777ec,712020:3b2c2185-c76f-4d90-ad8c-9e260c73c318,4,Louisville ,SWCM,,KIPDA,30.0,Employed,,Not being evicted,Woman,,,,,Person with a physical or mental disability,,No,Rent - nothing past due,5424.0,Passport by Molina,15/May/26 12:00 AM,No,Sheronda,Other,,,,,,Yes,Yes,,No,,4,1,No,Text,,Medicaid,English ,she/her,Black of African American,0|i02ii7:,,,,,,An email with available resources and next steps,A phone call to further explain where you would like assistance,No,Full-time employment,Social Security - SSI/SSDI,KY,,No,40258,2026-05-18 12:58:02.302,,18/May/26 8:58 AM;712020:7919ac37-40c1-4b22-a858-9d188e7777ec;5/18/26 JB initial contact via Simpletext,18/May/26 1:56 PM;712020:7919ac37-40c1-4b22-a858-9d188e7777ec;Client seeking deposit assistance,29/May/26 1:24 PM;712020:7919ac37-40c1-4b22-a858-9d188e7777ec;Client came back seeking appliance donation,,,,Done,29/May/26 1:24 PM
P0381,Name + DOB,Person P0381,NEIG-14859,55577,New Profile,Referral Only,,Johanna South,712020:3b2c2185-c76f-4d90-ad8c-9e260c73c318,Johanna South,712020:3b2c2185-c76f-4d90-ad8c-9e260c73c318,15/May/26 12:13 PM,29/May/26 1:17 PM,,Eviction_Court,JAM,Passport,,,,James Bryant,Johanna South,712020:7919ac37-40c1-4b22-a858-9d188e7777ec,712020:3b2c2185-c76f-4d90-ad8c-9e260c73c318,1,louisville ,JAM,11/Jun/26 12:00 AM,pizza hut- dontae,22.0,"Employed, but need more hours and/or different work",Non-payment,Currently being evicted,Woman,Financial Stability Care Path,,,,,,No,Rent- past due,1000.0,Passport by Molina,15/May/26 12:00 AM,Yes,the harper ,Eviction,Loss of job,,,Lost a job/had hours cut,3743.94,Yes,Yes,,No,2300.5,2,2,No,Call,Text,Other,english ,she/her,Black of African American,0|i02ih3:,Avoid an eviction,Come up with a plan to pay back rent,Get rental assistance,Stay out of court,374.394,A phone call to further explain where you would like assistance,,No,Part-time employment,,kentucky ,LG&E,No,40299,2026-05-18 12:58:11.089,,18/May/26 8:58 AM;712020:7919ac37-40c1-4b22-a858-9d188e7777ec;5/18/26 JB initial contact via Simpletext,18/May/26 1:47 PM;712020:7919ac37-40c1-4b22-a858-9d188e7777ec;Client seeking rent assistance but has not explained how much,29/May/26 1:17 PM;712020:7919ac37-40c1-4b22-a858-9d188e7777ec;Client stopped responding,,,,Done,29/May/26 1:17 PM
P0295,Name + DOB,Person P0295,NEIG-14853,55566,New Profile,Referral Only,,Johanna South,712020:3b2c2185-c76f-4d90-ad8c-9e260c73c318,Johanna South,712020:3b2c2185-c76f-4d90-ad8c-9e260c73c318,15/May/26 8:05 AM,29/May/26 1:16 PM,,Eviction_Court,SAM,United,,,,James Bryant,Johanna South,712020:7919ac37-40c1-4b22-a858-9d188e7777ec,712020:3b2c2185-c76f-4d90-ad8c-9e260c73c318,1,Louisville ,SAM,18/May/26 12:00 AM,,27.0,Unemployed but want to find work,Non-payment,Currently being evicted,Woman,Childcare Care Path,Food Care Path,Transportation Care Path,,,,No,Rent- past due,0.0,United Healthcare,15/May/26 12:00 AM,No,,Job loss,Loss of job,,,Lost a job/had hours cut,1049.0,Yes,Yes,,No,3000.0,1,0,No,Call,Text,Medicaid,English ,she/her,Black of African American,0|i02ifr:,Avoid an eviction,Come up with a plan to pay back rent,Get rental assistance,,,An email with available resources and next steps,,No,No income,,Kentucky ,I don't know,No,40216,2026-05-15 17:29:49.679,,15/May/26 1:29 PM;712020:7919ac37-40c1-4b22-a858-9d188e7777ec;5/15/26 JB initial contact via Simpletext,18/May/26 1:56 PM;712020:7919ac37-40c1-4b22-a858-9d188e7777ec;5/18/26 JB second contact attempt,18/May/26 1:57 PM;712020:7919ac37-40c1-4b22-a858-9d188e7777ec;5/18/26 JB second contact attempt,,,,Done,29/May/26 1:16 PM
P0332,Name + DOB,Person P0332,NEIG-14838,55540,New Profile,Follow Up,,Johanna South,712020:3b2c2185-c76f-4d90-ad8c-9e260c73c318,Johanna South,712020:3b2c2185-c76f-4d90-ad8c-9e260c73c318,14/May/26 3:40 PM,06/Aug/26 3:36 PM,,FamilyScholarHouse,Humana-Medicaid,JCPS,SAM,SNAP,United,James Bryant,Johanna South,712020:7919ac37-40c1-4b22-a858-9d188e7777ec,712020:3b2c2185-c76f-4d90-ad8c-9e260c73c318,7,Louisville,SAM,,ASN Nursing Student ,39.0,Other,Other,Unknown,Woman,Financial Stability Care Path,Food Care Path,,,Pregnant or recently postpartum,Was/is in the foster care system,No,Rent- past due,0.0,Humana,14/May/26 12:00 AM,Yes,American Investors LLC,Eviction,Job loss,Loss of job,Other,Other,1545.0,Yes,Yes,Scholar House Louisville Kentucky,Yes,3399.0,5,3,No,Call,Text,Medicaid,English,she/her,White,0|i02icf:,Avoid an eviction,Come up with a plan to pay back rent,Get rental assistance,Other,,An email with available resources and next steps,A phone call to further explain where you would like assistance,No,Food benefits - TANF/SNAP,No income,Kentucky,,Yes,40216,2026-05-15 17:30:12.558,,15/May/26 1:30 PM;712020:7919ac37-40c1-4b22-a858-9d188e7777ec;5/15/26 JB initial contact via Simpletext,"15/May/26 4:51 PM;712020:7919ac37-40c1-4b22-a858-9d188e7777ec;Client seeking food, clothing, rent, and utility assistance. Client owes $3500",19/May/26 9:52 AM;712020:7919ac37-40c1-4b22-a858-9d188e7777ec;JB referred to Hope and Door for rent assistance,,,,In Progress,06/Aug/26 3:36 PM
P0373,"Name only (matched existing person, DOB missing)",Person P0373,NEIG-14810,55489,Transportation Care Path,External Org to Complete Goal,,James Bryant,712020:7919ac37-40c1-4b22-a858-9d188e7777ec,James Bryant,712020:7919ac37-40c1-4b22-a858-9d188e7777ec,14/May/26 9:07 AM,14/May/26 9:07 AM,,Anthem,JCPS,SLCM,,,,James Bryant,,712020:7919ac37-40c1-4b22-a858-9d188e7777ec,,0,,,,,,,,,,,,,,,,,,,,,No,,,,,,,,No,No,,,,,,,,,,,,,0|i02i67:,,,,,,,,,,,,,No,,,,14/May/26 9:07 AM;712020:7919ac37-40c1-4b22-a858-9d188e7777ec;JB recommended early withdrawal from JCPS retirement account,,,54887.0,NEIG-14601,Tiaira Townsend,Done,14/May/26 9:07 AM
P0302,Name + DOB,Person P0302,NEIG-14793,55458,Connected Neighbor Profile,Identifying Resources,,Johanna South,712020:3b2c2185-c76f-4d90-ad8c-9e260c73c318,Johanna South,712020:3b2c2185-c76f-4d90-ad8c-9e260c73c318,13/May/26 4:53 PM,29/Jul/26 1:21 PM,,JCPS,LMHA,Passport,SNAP,WLCM,,James Bryant,Johanna South,712020:7919ac37-40c1-4b22-a858-9d188e7777ec,712020:3b2c2185-c76f-4d90-ad8c-9e260c73c318,4,Louisville,WLCM,,,37.0,Unemployed but want to find work,,Not being evicted,Woman,,,,,Pregnant or recently postpartum,,No,Rent - nothing past due,0.0,Passport by Molina,13/May/26 12:00 AM,No,,,,,,,,Yes,Yes,No,No,,4,0,No,Call,Text,Medicaid,English,she/her,Black of African American,0|i02i2f:,,,,,,,,Yes,Food benefits - TANF/SNAP,No income,KY,,No,40210,2026-05-15 17:30:59.179,,15/May/26 1:30 PM;712020:7919ac37-40c1-4b22-a858-9d188e7777ec;5/15/26 JB initial contact via Simpletext,29/May/26 12:55 PM;712020:7919ac37-40c1-4b22-a858-9d188e7777ec;Client was trying to move to a different LMHA complex. JB gave LMHA phone number. ,,,,,In Progress,29/Jul/26 11:15 AM
P0103,Name + DOB,Person P0103,NEIG-14785,55444,New Profile,Referral Only,,Johanna South,712020:3b2c2185-c76f-4d90-ad8c-9e260c73c318,Johanna South,712020:3b2c2185-c76f-4d90-ad8c-9e260c73c318,13/May/26 1:45 PM,15/May/26 9:08 AM,,CLCM,Eviction_Court,JCPS,Passport,,,James Bryant,Johanna South,712020:7919ac37-40c1-4b22-a858-9d188e7777ec,712020:3b2c2185-c76f-4d90-ad8c-9e260c73c318,3,Louisville,CLCM,15/Jun/26 12:00 AM,DoorDash ,36.0,Unemployed but want to find work,Non-payment,Currently being evicted,Woman,Transportation Care Path,,,,,,No,Rent- past due,0.0,Passport by Molina,13/May/26 12:00 AM,No,Housing authority ,Eviction,,,,Change to public benefits,112.0,Yes,Yes,,No,336.0,3,1,No,Text,,Medicaid,English ,she/her,Black of African American,0|i02i0n:,Avoid an eviction,Come up with a plan to pay back rent,Get rental assistance,,,An email with available resources and next steps,,No,No income,,KY,,No,40203,2026-05-13 18:59:46.243,,"13/May/26 2:59 PM;712020:7919ac37-40c1-4b22-a858-9d188e7777ec;JAMES, COZIA (D)

* JEFFERSON FAM CRT/CIV DISTRICT: 26-S-000234

PRICE IS RIGHT RENTAL, VS. JAMES, COZIA

Next *COURT TRIAL* is scheduled for *06/30/2026* at *1:00 PM* in room *307*",15/May/26 9:08 AM;712020:7919ac37-40c1-4b22-a858-9d188e7777ec;Client owes $336 to prevent eviction,,,,,Done,15/May/26 9:08 AM
P0260,Name + DOB,Person P0260,NEIG-14724,55336,New Profile,Referral Only,,Johanna South,712020:3b2c2185-c76f-4d90-ad8c-9e260c73c318,Johanna South,712020:3b2c2185-c76f-4d90-ad8c-9e260c73c318,12/May/26 9:16 AM,19/May/26 1:49 PM,,Passport,SLCM,,,,,James Bryant,Johanna South,712020:7919ac37-40c1-4b22-a858-9d188e7777ec,712020:3b2c2185-c76f-4d90-ad8c-9e260c73c318,2,Louisville,SLCM,,,40.0,Unemployed but want to find work,,Not being evicted,Woman,Financial Stability Care Path,Food Care Path,Transportation Care Path,,,,No,Rent- past due,2400.0,Passport by Molina,12/May/26 12:00 AM,No,St Anthony Garden,Unexpected expense,,,,,,Yes,Yes,,No,,1,2,No,Call,Text,Medicaid,English ,she/her,Black of African American,0|i02hn3:,,,,,,An email with available resources and next steps,A phone call to further explain where you would like assistance,No,Full-time employment,,KY,,No,40214,2026-05-12 14:45:44.715,,12/May/26 10:45 AM;712020:7919ac37-40c1-4b22-a858-9d188e7777ec;5/12/26 JB initial contact via Simpletext,12/May/26 11:15 AM;712020:7919ac37-40c1-4b22-a858-9d188e7777ec;Client seeking $500 towards past due rent,,,,,Done,19/May/26 1:49 PM
P0379,Name + DOB,Person P0379,NEIG-14708,55308,New Profile,Referral Only,,Johanna South,712020:3b2c2185-c76f-4d90-ad8c-9e260c73c318,Johanna South,712020:3b2c2185-c76f-4d90-ad8c-9e260c73c318,11/May/26 11:32 AM,19/May/26 1:46 PM,,JCPS,Passport,SLCM,SNAP,,,James Bryant,Johanna South,712020:7919ac37-40c1-4b22-a858-9d188e7777ec,712020:3b2c2185-c76f-4d90-ad8c-9e260c73c318,2,louisville,SLCM,,Capitol pain Institute,32.0,Employed,,Not being evicted,Woman,,,,,,,No,Rent- past due,2400.0,Passport by Molina,11/May/26 12:00 AM,Yes,Michelle,Death in the family,Issues with child care,Reduction in hours at work,,,,Yes,Yes,,No,,2,1,No,Call,Text,Medicaid,english,she/her,Black of African American,0|i02hjj:,,,,,,An email with available resources and next steps,A phone call to further explain where you would like assistance,No,Food benefits - TANF/SNAP,Full-time employment,kentucky,LG&E,No,40214,2026-05-12 14:47:31.122,,12/May/26 10:47 AM;712020:7919ac37-40c1-4b22-a858-9d188e7777ec;5/12/26 JB initial contact via Simpletext,13/May/26 9:08 AM;712020:7919ac37-40c1-4b22-a858-9d188e7777ec;Client seeking $1250 towards past due rent,,,,,Done,19/May/26 1:46 PM
P0282,Name + DOB,Person P0282,NEIG-14696,55286,New Profile,Referral Only,,Johanna South,712020:3b2c2185-c76f-4d90-ad8c-9e260c73c318,Johanna South,712020:3b2c2185-c76f-4d90-ad8c-9e260c73c318,11/May/26 10:16 AM,26/May/26 8:46 AM,,LMHA,Passport,SLCM,SNAP,Young-adult,,James Bryant,Johanna South,712020:7919ac37-40c1-4b22-a858-9d188e7777ec,712020:3b2c2185-c76f-4d90-ad8c-9e260c73c318,1,louisville ,SLCM,,,20.0,Unemployed but want to find work,,Not being evicted,,Financial Stability Care Path,Food Care Path,,,Pregnant or recently postpartum,,No,Rent - nothing past due,0.0,Passport by Molina,11/May/26 12:00 AM,Yes,tyrone williams ,Childbirth,Issues with child care,,,,,Yes,Yes,,No,,1,1,No,Text,,Medicaid,english,she/her,Black of African American,0|i02hgv:,,,,,,An email with available resources and next steps,A phone call to further explain where you would like assistance,Yes,Food benefits - TANF/SNAP,No income,kentucky,LG&E,Yes,40214,2026-05-12 14:47:24.07,,12/May/26 10:47 AM;712020:7919ac37-40c1-4b22-a858-9d188e7777ec;5/12/26 JB initial contact via Simpletext,"13/May/26 9:01 AM;712020:7919ac37-40c1-4b22-a858-9d188e7777ec;Client seeking LG&E help, infant supplies, food, hygiene products, and job search help",,,,,Done,26/May/26 8:46 AM
P0129,Name + DOB,Person P0129,NEIG-14690,55276,New Profile,Referral Only,,Johanna South,712020:3b2c2185-c76f-4d90-ad8c-9e260c73c318,Johanna South,712020:3b2c2185-c76f-4d90-ad8c-9e260c73c318,11/May/26 2:04 AM,06/Jul/26 9:03 AM,,Homeschooling,JCPS,LMHA,Passport,SNAP,SVC,James Bryant,Johanna South,712020:7919ac37-40c1-4b22-a858-9d188e7777ec,712020:3b2c2185-c76f-4d90-ad8c-9e260c73c318,3,Louisville ,SVC,,,36.0,Unemployed but want to find work,Non-payment,Unknown,Woman,Transportation Care Path,,,,,,No,Rent- past due,0.0,Passport by Molina,11/May/26 12:00 AM,Yes,Connie Williams ,Job loss,Loss of accessible transportation,Loss of job,,Lost a job/had hours cut,784.0,Yes,Yes,,No,805.0,2,2,No,Call,Text,Medicaid,English,she/her,Black of African American,0|i02hfj:,Avoid an eviction,Come up with a plan to pay back rent,Find new housing,Get rental assistance,,An email with available resources and next steps,A phone call to further explain where you would like assistance,Yes,Food benefits - TANF/SNAP,No income,Kentucky ,LG&E,No,40212,2026-05-12 14:47:15.97,,12/May/26 10:47 AM;712020:7919ac37-40c1-4b22-a858-9d188e7777ec;5/12/26 JB initial contact via Simpletext,"13/May/26 9:28 AM;712020:7919ac37-40c1-4b22-a858-9d188e7777ec;Client seeking $859 towards past due rent, as well as $296 towards LG&E","26/May/26 4:27 PM;712020:7919ac37-40c1-4b22-a858-9d188e7777ec;Client was denied by Salvation Army, JB referred to Hope and Door",,,,Done,06/Jul/26 9:03 AM
P0234,Name + DOB,Person P0234,NEIG-14681,55196,New Profile,Referral Only,,Johanna South,712020:3b2c2185-c76f-4d90-ad8c-9e260c73c318,Johanna South,712020:3b2c2185-c76f-4d90-ad8c-9e260c73c318,08/May/26 9:07 PM,19/May/26 12:56 PM,,JCPS,LGBTQIA+,SLCM,Veteran,,,James Bryant,Johanna South,712020:7919ac37-40c1-4b22-a858-9d188e7777ec,712020:3b2c2185-c76f-4d90-ad8c-9e260c73c318,3,Fairdale,SLCM,,Amazon,25.0,"Employed, but need more hours and/or different work",,Not being evicted,Woman,Financial Stability Care Path,,,,LGBTQIA+,Person with a physical or mental disability,No,Rent- past due,1300.0,Passport by Molina,09/May/26 12:00 AM,Yes,Laima,Unexpected expense,,,,,,Yes,Yes,,No,,2,3,No,Text,,Medicaid,English ,she/her,White,0|i02hdj:,,,,,,An email with available resources and next steps,,No,Part-time employment,,KY,LG&E,Yes,40118,2026-05-12 14:46:52.147,,12/May/26 10:46 AM;712020:7919ac37-40c1-4b22-a858-9d188e7777ec;5/12/26 JB initial contact via Simpletext,14/May/26 8:13 AM;712020:7919ac37-40c1-4b22-a858-9d188e7777ec;5/14/26 JB second contact attempt,"15/May/26 1:33 PM;712020:7919ac37-40c1-4b22-a858-9d188e7777ec;Client doesn’t seem to understand what Neighbor Network is, or why they filled out the form.",,,,Done,19/May/26 12:56 PM
P0101,Name + DOB,Person P0101,NEIG-14662,55140,New Profile,Referral Only,,Johanna South,712020:3b2c2185-c76f-4d90-ad8c-9e260c73c318,Johanna South,712020:3b2c2185-c76f-4d90-ad8c-9e260c73c318,07/May/26 2:28 PM,07/Jul/26 11:37 AM,,Passport,Seven_Counties,SLCM,SNAP,,,James Bryant,Johanna South,712020:7919ac37-40c1-4b22-a858-9d188e7777ec,712020:3b2c2185-c76f-4d90-ad8c-9e260c73c318,1,Louisville,SLCM,06/Jun/26 12:00 AM,na,42.0,Unemployed but want to find work,Non-payment,Currently being evicted,Woman,Financial Stability Care Path,Food Care Path,Transportation Care Path,,Person with a physical or mental disability,,No,Rent- past due,0.0,Passport by Molina,07/May/26 12:00 AM,No,,Household member left,,,,Other,1187.25,Yes,Yes,Seven Counties Service 589-8915,Yes,1187.25,1,1,No,,,Medicaid,english,she/her,White,0|i02h9b:,Avoid an eviction,Get rental assistance,Stay out of court,,,An email with available resources and next steps,,No,Food benefits - TANF/SNAP,No income,Kentucky,,No,40214,2026-05-08 14:14:40.916,,08/May/26 10:14 AM;712020:7919ac37-40c1-4b22-a858-9d188e7777ec;5/8/26 JB initial contact attempt,"08/May/26 1:38 PM;712020:7919ac37-40c1-4b22-a858-9d188e7777ec;Client is being evicted, JB referred to Legal Aid and asked neighbor how much is owed",,,,,Done,19/May/26 12:54 PM
P0271,Name + DOB,Person P0271,NEIG-14657,55135,New Profile,Referral Only,,Johanna South,712020:3b2c2185-c76f-4d90-ad8c-9e260c73c318,Johanna South,712020:3b2c2185-c76f-4d90-ad8c-9e260c73c318,07/May/26 12:36 PM,19/May/26 12:53 PM,,EACM,JCPS,Passport,Workforce,,,James Bryant,Johanna South,712020:7919ac37-40c1-4b22-a858-9d188e7777ec,712020:3b2c2185-c76f-4d90-ad8c-9e260c73c318,2,Louisville ,EACM,,Harmony ,34.0,"Employed, but need more hours and/or different work",,Not being evicted,Woman,Childcare Care Path,Financial Stability Care Path,Food Care Path,,Pregnant or recently postpartum,,No,Rent- past due,2600.0,Passport by Molina,07/May/26 12:00 AM,No,MAA Westport ,Issues with child care,Reduction in hours at work,,,,,Yes,Yes,,No,,2,1,No,Call,Text,Medicaid,English,she/her,Black of African American,0|i02h87:,,,,,,An email with available resources and next steps,A phone call to further explain where you would like assistance,No,Full-time employment,,Ky ,,No,40222,2026-05-08 14:14:53.718,,08/May/26 10:14 AM;712020:7919ac37-40c1-4b22-a858-9d188e7777ec;5/8/26 JB initial contact attempt,,,,,,Done,19/May/26 12:53 PM
P0041,Name + DOB,Person P0041,NEIG-14650,55128,New Profile,Referral Only,,Johanna South,712020:3b2c2185-c76f-4d90-ad8c-9e260c73c318,Johanna South,712020:3b2c2185-c76f-4d90-ad8c-9e260c73c318,07/May/26 11:15 AM,19/May/26 12:52 PM,,EACM,JCPS,LMHA,Passport,SNAP,,James Bryant,Johanna South,712020:7919ac37-40c1-4b22-a858-9d188e7777ec,712020:3b2c2185-c76f-4d90-ad8c-9e260c73c318,3,Louisville ,,,Na,29.0,Unemployed and not looking for work,,Not being evicted,Woman,,,,,Pregnant or recently postpartum,,No,Rent - nothing past due,0.0,Passport by Molina,07/May/26 12:00 AM,No,Randall robb,Childbirth,,,,,,Yes,Yes,,No,,3,1,No,Text,,Medicaid,English,she/her,White,0|i02h6n:,,,,,,An email with available resources and next steps,,Yes,Food benefits - TANF/SNAP,,Ky,,No,40223,2026-05-08 14:16:37.867,,08/May/26 10:16 AM;712020:7919ac37-40c1-4b22-a858-9d188e7777ec;5/8/26 JB initial contact attempt,"08/May/26 4:22 PM;712020:7919ac37-40c1-4b22-a858-9d188e7777ec;Client seeking assistance with infant supplies, hygiene supplies, and a car seat.",,,,,Done,19/May/26 12:52 PM
P0190,Name + DOB,Person P0190,NEIG-14640,55118,New Profile,Referral Only,,Johanna South,712020:3b2c2185-c76f-4d90-ad8c-9e260c73c318,Johanna South,712020:3b2c2185-c76f-4d90-ad8c-9e260c73c318,07/May/26 10:20 AM,19/May/26 12:35 PM,,JCPS,Passport,SLCM,Workforce,,,James Bryant,Johanna South,712020:7919ac37-40c1-4b22-a858-9d188e7777ec,712020:3b2c2185-c76f-4d90-ad8c-9e260c73c318,4,louisville,SLCM,,jpmorgan chase ,32.0,Employed,Non-payment,Currently being evicted,Woman,,,,,,,No,Rent- past due,1800.0,Passport by Molina,07/May/26 12:00 AM,No,rosewood manor ,Other,,,,Other,1184.0,Yes,Yes,,No,,4,1,No,Text,,Medicare,english ,she/her,Black of African American,0|i02h4f:,Avoid an eviction,Get rental assistance,,,65.778,A phone call to further explain where you would like assistance,,No,Part-time employment,,ky,,No,40214,2026-05-08 14:26:11.231,,08/May/26 10:26 AM;712020:7919ac37-40c1-4b22-a858-9d188e7777ec;5/8/26 JB initial contact attempt,08/May/26 1:33 PM;712020:7919ac37-40c1-4b22-a858-9d188e7777ec;Neighbor seeking rent assistance,,,,,Done,19/May/26 12:35 PM
P0171,Name + DOB,Person P0171,NEIG-14633,55047,New Profile,Referral Only,,Johanna South,712020:3b2c2185-c76f-4d90-ad8c-9e260c73c318,Johanna South,712020:3b2c2185-c76f-4d90-ad8c-9e260c73c318,06/May/26 1:14 PM,03/Jun/26 10:58 AM,,HeritageGreen,Passport,SNAP,,,,James Bryant,Johanna South,712020:7919ac37-40c1-4b22-a858-9d188e7777ec,712020:3b2c2185-c76f-4d90-ad8c-9e260c73c318,2,Louisville ,,,,27.0,Unemployed but want to find work,,Not being evicted,Woman,Childcare Care Path,Financial Stability Care Path,Transportation Care Path,,,,No,Rent- past due,341.0,Passport by Molina,06/May/26 12:00 AM,No,Heritage green apartments ,Issues with child care,Job loss,,,,,Yes,Yes,,No,,2,1,No,Call,Text,Medicaid,English ,she/her,Black of African American,0|i02h2v:,,,,,,An email with available resources and next steps,A phone call to further explain where you would like assistance,No,Food benefits - TANF/SNAP,,Kentucky ,,No,40214,2026-05-06 19:05:49.07,,"06/May/26 3:05 PM;712020:7919ac37-40c1-4b22-a858-9d188e7777ec;Client is seeking more rent assistance, after receiving SLCM help in January",,,,,,Done,19/May/26 12:34 PM
P0317,Name + DOB,Person P0317,NEIG-14623,55037,New Profile,Referral Only,,Johanna South,712020:3b2c2185-c76f-4d90-ad8c-9e260c73c318,Johanna South,712020:3b2c2185-c76f-4d90-ad8c-9e260c73c318,06/May/26 11:33 AM,19/May/26 12:31 PM,,Uninsured,WLCM,Workforce,,,,James Bryant,Johanna South,712020:7919ac37-40c1-4b22-a858-9d188e7777ec,712020:3b2c2185-c76f-4d90-ad8c-9e260c73c318,4,Louisville ,WLCM,,Na,40.0,Unemployed but want to find work,,Not being evicted,Man,Financial Stability Care Path,,,,Pregnant or recently postpartum,,Yes,Unhoused,0.0,I don't know,06/May/26 12:00 AM,No,Na,Other,,,,,,Yes,Yes,,No,,3,2,No,Call,Text,,English ,he/him,,0|i02h0n:,,,,,,,,No,No income,,KY ,,No,40210,2026-05-06 16:46:04.993,,06/May/26 12:46 PM;712020:7919ac37-40c1-4b22-a858-9d188e7777ec;5/6/26 JB initial contact attempt,"06/May/26 12:56 PM;712020:7919ac37-40c1-4b22-a858-9d188e7777ec;Client reports needing help with housing, food, clothes, and employment","19/May/26 12:30 PM;712020:7919ac37-40c1-4b22-a858-9d188e7777ec;JB informed client that the first step of getting housing would be completing the Common Assessment, and then writing down the HMIS number to share with James to get funding. Client stopped responding.",,,,Done,19/May/26 12:31 PM
P0209,Name + DOB,Person P0209,NEIG-14613,54963,New Profile,Referral Only,,Johanna South,712020:3b2c2185-c76f-4d90-ad8c-9e260c73c318,Johanna South,712020:3b2c2185-c76f-4d90-ad8c-9e260c73c318,05/May/26 9:04 PM,19/May/26 12:30 PM,,LMHA,Passport,WLCM,,,,James Bryant,Johanna South,712020:7919ac37-40c1-4b22-a858-9d188e7777ec,712020:3b2c2185-c76f-4d90-ad8c-9e260c73c318,2,Louisville ,WLCM,,Ups,35.0,"Employed, but need more hours and/or different work",Non-payment,Currently being evicted,Woman,Childcare Care Path,Financial Stability Care Path,Food Care Path,Pregnancy/Postpartum Care Path,Pregnant or recently postpartum,Was/is in the foster care system,Yes,Rent- past due,1200.0,Passport by Molina,06/May/26 12:00 AM,No,Inspired solutions ,Childbirth,Reduction in hours at work,,,Lost a job/had hours cut,542.0,Yes,Yes,,Yes,2000.0,2,1,No,,,Employee-coverage,English,she/her,Black of African American,0|i02gyf:,Avoid an eviction,Come up with a plan to pay back rent,Find public/subsidized housing,Get rental assistance,45.167,An email with available resources and next steps,A phone call to further explain where you would like assistance,Yes,Other,,KY,LG&E,No,40210,2026-05-06 12:35:46.522,,06/May/26 8:35 AM;712020:7919ac37-40c1-4b22-a858-9d188e7777ec;5/6/26 JB initial contact attempt,"06/May/26 9:10 AM;712020:7919ac37-40c1-4b22-a858-9d188e7777ec;Client is being evicted, seeking around $1,200 towards past due rent",,,,,Done,19/May/26 12:30 PM
P0270,Name + DOB,Person P0270,NEIG-14608,54926,Connected Neighbor Profile,New Neighbor,,Johanna South,712020:3b2c2185-c76f-4d90-ad8c-9e260c73c318,Johanna South,712020:3b2c2185-c76f-4d90-ad8c-9e260c73c318,05/May/26 3:28 PM,09/Jun/26 8:16 AM,,HFTS,SNAP,WLCM,,,,James Bryant,Johanna South,712020:7919ac37-40c1-4b22-a858-9d188e7777ec,712020:3b2c2185-c76f-4d90-ad8c-9e260c73c318,1,Louisville,WLCM,,Laid off from - HAIER Company ,26.0,Employed,,Not being evicted,Woman,Financial Stability Care Path,,,,,,No,Rent- past due,1500.0,Other,05/May/26 12:00 AM,Yes,Tobias Ragland,Job loss,Loss of job,,,,,Yes,Yes,N/a,Yes,,1,1,No,Call,Text,Employee-coverage,English ,she/her,Black of African American,0|i02gxb:,,,,,,An email with available resources and next steps,,No,Part-time employment,,KY,LG&E,Yes,40210,2026-05-06 12:25:45.5,,"06/May/26 8:25 AM;712020:7919ac37-40c1-4b22-a858-9d188e7777ec;Client seeking rent assistance, for $2,750 (three months rent with $250 already paid). Client was referred by Ayana King. ",06/May/26 8:28 AM;712020:7919ac37-40c1-4b22-a858-9d188e7777ec;5/6/26 JB intiial contact,19/May/26 12:26 PM;712020:7919ac37-40c1-4b22-a858-9d188e7777ec;JB referred client to Housing Stabilization. JB to have meeting with client 5/20/26 at 9am over Zoom for HFTS,,,,To Do,19/May/26 12:27 PM
P0373,Name + DOB,Person P0373,NEIG-14601,54887,New Profile,Referral Only,,Johanna South,712020:3b2c2185-c76f-4d90-ad8c-9e260c73c318,Johanna South,712020:3b2c2185-c76f-4d90-ad8c-9e260c73c318,05/May/26 12:56 PM,14/May/26 9:07 AM,,Anthem,JCPS,SLCM,,,,James Bryant,Johanna South,712020:7919ac37-40c1-4b22-a858-9d188e7777ec,712020:3b2c2185-c76f-4d90-ad8c-9e260c73c318,2,Louisville,SLCM,,JCPS,29.0,Employed,,Not being evicted,Woman,Financial Stability Care Path,Social Support,,,,,No,Rent - nothing past due,2800.0,Anthem,05/May/26 12:00 AM,No,Shaun Steiner,Eviction,Unexpected expense,,,,,Yes,Yes,,No,,2,1,No,Call,Text,Employee-coverage,English,she/her,Black of African American,0|i02gvr:,,,,,,An email with available resources and next steps,A phone call to further explain where you would like assistance,No,Full-time employment,,KY,,No,40215,2026-05-06 12:36:19.727,,06/May/26 8:36 AM;712020:7919ac37-40c1-4b22-a858-9d188e7777ec;5/6/26 JB initial contact attempt,14/May/26 8:15 AM;712020:7919ac37-40c1-4b22-a858-9d188e7777ec;5/14/26 JB second contact attempt,"14/May/26 8:37 AM;712020:7919ac37-40c1-4b22-a858-9d188e7777ec;Client seeking car payment assistance as well as help with an old utility bill. Client then reported that utility bill had been paid, and that the car was the main issue.",,,,Done,14/May/26 9:07 AM
P0372,Name + DOB,Person P0372,NEIG-14588,54842,New Profile,Duplicate,,Johanna South,712020:3b2c2185-c76f-4d90-ad8c-9e260c73c318,Johanna South,712020:3b2c2185-c76f-4d90-ad8c-9e260c73c318,05/May/26 10:12 AM,14/May/26 8:15 AM,,Anthem,JCPS,SLCM,,,,James Bryant,Johanna South,712020:7919ac37-40c1-4b22-a858-9d188e7777ec,712020:3b2c2185-c76f-4d90-ad8c-9e260c73c318,2,Louisville,SLCM,,JCPS,29.0,Employed,,Not being evicted,Woman,Financial Stability Care Path,Legal Assistance Care Path,,,,,No,Rent - nothing past due,2800.0,Anthem,05/May/26 12:00 AM,No,Shaun Steiner,Eviction,Unexpected expense,,,,,Yes,Yes,,No,,2,1,No,Call,Text,Employee-coverage,English ,she/her,Black of African American,0|i02gsv:,,,,,,A phone call to further explain where you would like assistance,,No,Full-time employment,,KY,,No,40215,2026-05-06 12:36:46.723,,06/May/26 8:36 AM;712020:7919ac37-40c1-4b22-a858-9d188e7777ec;5/6/26 JB initial contact attempt,,,,,,Done,14/May/26 8:15 AM
P0010,Name + DOB,Person P0010,NEIG-14571,54729,New Profile,Referral Only,,Johanna South,712020:3b2c2185-c76f-4d90-ad8c-9e260c73c318,Johanna South,712020:3b2c2185-c76f-4d90-ad8c-9e260c73c318,04/May/26 2:48 PM,19/May/26 12:23 PM,,Aetna,Former-foster-care-individual,SLCM,Young-adult,,,James Bryant,Johanna South,712020:7919ac37-40c1-4b22-a858-9d188e7777ec,712020:3b2c2185-c76f-4d90-ad8c-9e260c73c318,0,Louisville ,SLCM,,Churchill downs,23.0,"Employed, but need more hours and/or different work",Non-payment,Currently being evicted,Woman,Pregnancy/Postpartum Care Path,,,,Pregnant or recently postpartum,Was/is in the foster care system,Yes,Rent- past due,1000.0,Aetna,04/May/26 12:00 AM,No,,Eviction,Reduction in hours at work,Unexpected expense,,Lost a job/had hours cut,750.0,Yes,Yes,,No,1500.0,0,1,No,Text,,Medicaid,English,she/her,Black of African American,0|i02gp3:,Avoid an eviction,Find new housing,Get more time to move out,Get rental assistance,75.0,An email with available resources and next steps,,No,Part-time employment,,Kentucky ,,No,40215,2026-05-06 12:37:17.877,,06/May/26 8:37 AM;712020:7919ac37-40c1-4b22-a858-9d188e7777ec;5/6/26 JB initial contact attempt,14/May/26 8:16 AM;712020:7919ac37-40c1-4b22-a858-9d188e7777ec;5/14/26 JB second contact attempt,14/May/26 9:14 AM;712020:7919ac37-40c1-4b22-a858-9d188e7777ec;Client seeking infant supplies,,,,Done,19/May/26 12:23 PM
P0160,Name + DOB,Person P0160,NEIG-14561,54687,New Profile,Referral Only,,Johanna South,712020:3b2c2185-c76f-4d90-ad8c-9e260c73c318,Johanna South,712020:3b2c2185-c76f-4d90-ad8c-9e260c73c318,04/May/26 11:15 AM,19/May/26 12:22 PM,,JCPS,Passport,SLCM,Workforce,,,James Bryant,Johanna South,712020:7919ac37-40c1-4b22-a858-9d188e7777ec,712020:3b2c2185-c76f-4d90-ad8c-9e260c73c318,3,Louisville ,SLCM,,Shawnee Christian healthcare ,32.0,Employed,,Not being evicted,Woman,Behavioral Health Care Path,Financial Stability Care Path,Intimate Partner Violence Victim Care Path,Pregnancy/Postpartum Care Path,,,No,Rent- past due,2400.0,Passport by Molina,04/May/26 12:00 AM,No,Joe ,Household member left,Loss of accessible transportation,Other,,,,Yes,Yes,,No,,3,1,No,Call,Text,Medicaid,English,she/her,Black of African American,0|i02gmv:,,,,,,A phone call to further explain where you would like assistance,,No,Full-time employment,,Ky,Water,Yes,40215,2026-05-06 12:38:03.238,,06/May/26 8:38 AM;712020:7919ac37-40c1-4b22-a858-9d188e7777ec;5/6/26 JB initial contact attempt,,,,,,Done,19/May/26 12:22 PM
P0024,Name + DOB,Person P0024,NEIG-14552,54614,New Profile,Referral Only,,Johanna South,712020:3b2c2185-c76f-4d90-ad8c-9e260c73c318,Johanna South,712020:3b2c2185-c76f-4d90-ad8c-9e260c73c318,03/May/26 8:54 PM,19/May/26 12:19 PM,,Aetna,SNAP,UCHM,Young-adult,,,James Bryant,Johanna South,712020:7919ac37-40c1-4b22-a858-9d188e7777ec,712020:3b2c2185-c76f-4d90-ad8c-9e260c73c318,2,Louisvill,UCHM,,,19.0,Unemployed but want to find work,,Not being evicted,Woman,Transportation Care Path,,,,Pregnant or recently postpartum,Was/is in the foster care system,Yes,Other,0.0,Aetna,04/May/26 12:00 AM,No,I am under foster care ,Childbirth,Incarceration,Issues with child care,Job loss,,,Yes,Yes,No,No,,2,1,No,Text,,Medicaid,English ,she/her,Black of African American,0|i02gkv:,,,,,,An email with available resources and next steps,,No,Food benefits - TANF/SNAP,No income,Kentucky ,,No,40206,2026-05-06 12:38:21.498,,06/May/26 8:38 AM;712020:7919ac37-40c1-4b22-a858-9d188e7777ec;5/6/26 JB initial contact attempt,11/May/26 9:57 AM;712020:7919ac37-40c1-4b22-a858-9d188e7777ec;Client seeking hygeine items and medication assistance,,,,,Done,19/May/26 12:19 PM
P0321,Name + DOB,Person P0321,NEIG-14523,54528,New Profile,Unable to Contact,,Johanna South,712020:3b2c2185-c76f-4d90-ad8c-9e260c73c318,Johanna South,712020:3b2c2185-c76f-4d90-ad8c-9e260c73c318,02/May/26 12:15 PM,15/May/26 2:03 PM,,Passport,SLCM,Veteran,,,,James Bryant,Johanna South,712020:7919ac37-40c1-4b22-a858-9d188e7777ec,712020:3b2c2185-c76f-4d90-ad8c-9e260c73c318,1,Louisville,SLCM,,,0.0,Unemployed but want to find work,,Not being evicted,Woman,Behavioral Health Care Path,Children's Education,Financial Stability Care Path,Food Care Path,Person with a physical or mental disability,Veteren,,Unhoused,0.0,Passport by Molina,02/May/26 12:00 AM,No,,Loss of accessible transportation,Loss of job,Other,,,,Yes,Yes,,No,,1,1,No,Call,Text,Medicaid,English,she/her,White,0|i02gef:,,,,,,An email with available resources and next steps,A phone call to further explain where you would like assistance,No,No income,,Kentucky,,No,40215,2026-05-06 12:38:47.904,,06/May/26 8:38 AM;712020:7919ac37-40c1-4b22-a858-9d188e7777ec;5/6/26 JB initial contact attempt,06/May/26 8:38 AM;712020:7919ac37-40c1-4b22-a858-9d188e7777ec;5/6/26 JB initial contact attempt,14/May/26 8:18 AM;712020:7919ac37-40c1-4b22-a858-9d188e7777ec;5/14/26 JB second contact attempt,,,,Done,15/May/26 2:02 PM
P0014,Name + DOB,Person P0014,NEIG-14519,54489,New Profile,Unable to Contact,,Johanna South,712020:3b2c2185-c76f-4d90-ad8c-9e260c73c318,Johanna South,712020:3b2c2185-c76f-4d90-ad8c-9e260c73c318,01/May/26 10:42 AM,14/May/26 8:27 AM,,Humana-Medicaid,LMHA,SLCM,SNAP,,,James Bryant,Johanna South,712020:7919ac37-40c1-4b22-a858-9d188e7777ec,712020:3b2c2185-c76f-4d90-ad8c-9e260c73c318,3,Louisville ,SLCM,,Extreme Clean,28.0,"Employed, but need more hours and/or different work",,Not being evicted,Woman,Financial Stability Care Path,,,,,,Yes,Rent - nothing past due,800.0,Humana,01/May/26 12:00 AM,No,The Oaks ,Unexpected expense,,,,,,Yes,Yes,Coalition of the homeless ,Yes,,3,1,No,Call,Text,Medicaid,English ,she/her,Black of African American,0|i02gdj:,,,,,,An email with available resources and next steps,A phone call to further explain where you would like assistance,Yes,Food benefits - TANF/SNAP,Part-time employment,Ky,Water,Yes,40214,2026-05-14 12:26:19.55,,14/May/26 8:26 AM;712020:7919ac37-40c1-4b22-a858-9d188e7777ec;Client unsubscribed,,,,,,Done,14/May/26 8:26 AM
P0082,Name + DOB,Person P0082,NEIG-14503,54459,New Profile,Referral Only,,Johanna South,712020:3b2c2185-c76f-4d90-ad8c-9e260c73c318,Johanna South,712020:3b2c2185-c76f-4d90-ad8c-9e260c73c318,01/May/26 8:10 AM,19/May/26 12:15 PM,,JCPS,LMHA,Passport,SLCM,SNAP,United,James Bryant,Johanna South,712020:7919ac37-40c1-4b22-a858-9d188e7777ec,712020:3b2c2185-c76f-4d90-ad8c-9e260c73c318,0,Louisville,SLCM,,AllWays caring home care ,30.0,"Employed, but need more hours and/or different work",,Not being evicted,Woman,Children's Education,Financial Stability Care Path,Pregnancy/Postpartum Care Path,,Pregnant or recently postpartum,,Yes,Rent - nothing past due,500.0,Passport by Molina,01/May/26 12:00 AM,Yes,,Other,Reduction in hours at work,,,,,Yes,Yes,,No,,3,4,No,Call,Text,Medicaid,English ,she/her,Black of African American,0|i02g9z:,,,,,,An email with available resources and next steps,A phone call to further explain where you would like assistance,Yes,Food benefits - TANF/SNAP,Part-time employment,KY,LG&E,No,40215,2026-05-06 12:39:23.263,,06/May/26 8:39 AM;712020:7919ac37-40c1-4b22-a858-9d188e7777ec;5/6/26 JB initial contact attempt,14/May/26 8:27 AM;712020:7919ac37-40c1-4b22-a858-9d188e7777ec;5/14/26 JB second contact attempt,15/May/26 12:14 PM;712020:7919ac37-40c1-4b22-a858-9d188e7777ec;Client seeking water assistance,,,,Done,19/May/26 12:15 PM
P0046,Name + DOB,Person P0046,NEIG-14501,54456,New Profile,Unable to Contact,,Johanna South,712020:3b2c2185-c76f-4d90-ad8c-9e260c73c318,Johanna South,712020:3b2c2185-c76f-4d90-ad8c-9e260c73c318,01/May/26 6:25 AM,15/May/26 2:03 PM,,EACM,Humana-Medicaid,Young-adult,,,,James Bryant,Johanna South,712020:7919ac37-40c1-4b22-a858-9d188e7777ec,712020:3b2c2185-c76f-4d90-ad8c-9e260c73c318,2,Louisville,EACM,,,24.0,Unemployed and not looking for work,,Not being evicted,Woman,Financial Stability Care Path,,,,Pregnant or recently postpartum,,No,Unhoused,2000.0,Humana,01/May/26 12:00 AM,No,,Other,,,,,,Yes,Yes,,No,,0,2,No,Text,,Medicaid,English ,she/her,White,0|i02g9j:,,,,,,An email with available resources and next steps,,No,Part-time employment,,KY,,No,40222,2026-05-06 12:39:32.603,,06/May/26 8:39 AM;712020:7919ac37-40c1-4b22-a858-9d188e7777ec;5/6/26 JB initial contact attempt,14/May/26 8:28 AM;712020:7919ac37-40c1-4b22-a858-9d188e7777ec;5/14/26 JB second contact attempt,15/May/26 12:06 PM;712020:7919ac37-40c1-4b22-a858-9d188e7777ec;5/15/26 JB third contact attempt via phone call,,,,Done,15/May/26 2:03 PM
P0225,Name + DOB,Person P0225,NEIG-14457,54312,New Profile,Referral Only,,Johanna South,712020:3b2c2185-c76f-4d90-ad8c-9e260c73c318,Johanna South,712020:3b2c2185-c76f-4d90-ad8c-9e260c73c318,30/Apr/26 11:24 AM,19/May/26 12:11 PM,,Aetna,LMHA,SLCM,,,,James Bryant,Johanna South,712020:7919ac37-40c1-4b22-a858-9d188e7777ec,712020:3b2c2185-c76f-4d90-ad8c-9e260c73c318,0,Louisville ,SLCM,,,24.0,Unemployed but want to find work,,Not being evicted,Woman,Financial Stability Care Path,Food Care Path,,,Pregnant or recently postpartum,Was/is in the foster care system,No,Staying with friends/family,0.0,Aetna,30/Apr/26 12:00 AM,Yes,Joni Blake ,Eviction,Incarceration,,,,,Yes,Yes,,No,,0,1,No,Call,Text,Medicaid,English ,she/her,Black of African American,0|i02fzr:,,,,,,An email with available resources and next steps,A phone call to further explain where you would like assistance,Yes,No income,,KY,LG&E,No,40215,2026-04-30 18:47:50.06,,30/Apr/26 2:47 PM;712020:7919ac37-40c1-4b22-a858-9d188e7777ec;4/30/26 JB initial contact,30/Apr/26 2:48 PM;712020:7919ac37-40c1-4b22-a858-9d188e7777ec;Client seeking utility and deposit assistance,,,,,Done,19/May/26 12:11 PM
P0256,Name + DOB,Person P0256,NEIG-14436,54277,New Profile,Referral Only,,Johanna South,712020:3b2c2185-c76f-4d90-ad8c-9e260c73c318,Johanna South,712020:3b2c2185-c76f-4d90-ad8c-9e260c73c318,30/Apr/26 8:59 AM,19/May/26 11:27 AM,,Anthem,JCPS,Passport,SLCM,,,James Bryant,Johanna South,712020:7919ac37-40c1-4b22-a858-9d188e7777ec,712020:3b2c2185-c76f-4d90-ad8c-9e260c73c318,4,Louisville,,,UofL at Jewish Hospital ,43.0,Employed,,Not being evicted,Woman,,,,,,,No,Rent- past due,2600.0,Anthem,30/Apr/26 12:00 AM,Yes,Camicia Evans ,Medical emergency or other health needs,Reduction in hours at work,Reduction in or loss of benefits,Unexpected expense,,,Yes,Yes,,No,,4,1,No,Call,Text,Medicaid,English,she/her,Black of African American,0|i02fv3:,,,,,,An email with available resources and next steps,A phone call to further explain where you would like assistance,No,Part-time employment,,KY,LG&E,No,40215,2026-04-30 13:22:52.211,,30/Apr/26 9:22 AM;712020:7919ac37-40c1-4b22-a858-9d188e7777ec;4/30/26 JB initial contact via Simpletext,"30/Apr/26 9:32 AM;712020:7919ac37-40c1-4b22-a858-9d188e7777ec;Client seeking $1,052 in rent assistance",,,,,Done,19/May/26 11:27 AM
P0068,Name + DOB,Person P0068,NEIG-14411,54072,New Profile,Unable to Contact,,Johanna South,712020:3b2c2185-c76f-4d90-ad8c-9e260c73c318,Johanna South,712020:3b2c2185-c76f-4d90-ad8c-9e260c73c318,29/Apr/26 12:16 PM,10/Jul/26 3:28 PM,,Humana-Medicaid,JCPS,SLCM,SNAP,,,James Bryant,Johanna South,712020:7919ac37-40c1-4b22-a858-9d188e7777ec,712020:3b2c2185-c76f-4d90-ad8c-9e260c73c318,4,Louisville,SLCM,,Wesley Manor Retirement Community ,30.0,"Employed, but need more hours and/or different work",,Not being evicted,Woman,,,,,,,No,Rent- past due,2000.0,Humana,29/Apr/26 12:00 AM,No,Amber,Eviction,Job loss,,,,,Yes,Yes,,No,,4,5,No,Call,Text,Medicaid,English ,she/her,Black of African American,0|i02fpj:,,,,,,An email with available resources and next steps,A phone call to further explain where you would like assistance,No,Food benefits - TANF/SNAP,Other,KY,,No,40214,2026-04-30 13:23:37.566,,30/Apr/26 9:23 AM;712020:7919ac37-40c1-4b22-a858-9d188e7777ec;4/30/26 JB initial contact via Simpletext,13/May/26 10:49 AM;712020:7919ac37-40c1-4b22-a858-9d188e7777ec;Client’s phone appears disconnected. JB sent intake welcome message via email.,"15/May/26 9:00 AM;712020:7919ac37-40c1-4b22-a858-9d188e7777ec;Client responded to email, stating simply that we helped them previously. Client did not respond to attempt to ask if she is still needing assistance. Marking UTC",,,,Done,10/Jul/26 3:28 PM
P0199,"Name only (matched existing person, DOB missing)",Person P0199,NEIG-14409,54069,Rent Assistance Care Path,External Org to Complete Goal,,James Bryant,712020:7919ac37-40c1-4b22-a858-9d188e7777ec,James Bryant,712020:7919ac37-40c1-4b22-a858-9d188e7777ec,29/Apr/26 12:01 PM,29/Apr/26 12:01 PM,,JCPS,Passport,SLCM,,,,James Bryant,,712020:7919ac37-40c1-4b22-a858-9d188e7777ec,,0,,,,,,,,,,,,,,,,,,,,,No,,,,,,,,No,No,,,,,,,,,,,,,0|i02fp3:,,,,,,,,,,,,,No,,,,29/Apr/26 12:01 PM;712020:7919ac37-40c1-4b22-a858-9d188e7777ec;JB referred to Flagstone and Salvation Army,,,53466.0,NEIG-14289,Jessica Baum,Done,29/Apr/26 12:01 PM
P0124,"Name only (matched existing person, DOB missing)",Person P0124,NEIG-14407,54065,Utility Care Path,Goal No Longer Wanted,Won't Do,James Bryant,712020:7919ac37-40c1-4b22-a858-9d188e7777ec,James Bryant,712020:7919ac37-40c1-4b22-a858-9d188e7777ec,29/Apr/26 11:59 AM,19/May/26 9:21 AM,19/May/26 9:21 AM,EACM,Uninsured,Workforce,,,,James Bryant,,712020:7919ac37-40c1-4b22-a858-9d188e7777ec,,0,,,,,,,,,,,,,,,,,,,,,No,,,,,,,,No,No,,,,,,,,,,,,,0|i02fon:,,,,,,,,,,,,,No,,,10022_*:*_1_*:*_0_*|*_10013_*:*_1_*:*_1718547030,,,,53805.0,NEIG-14354,Derycka N Mckinley,Done,19/May/26 9:21 AM
P0124,"Name only (matched existing person, DOB missing)",Person P0124,NEIG-14406,54063,Rent Assistance Care Path,External Org to Complete Goal,,James Bryant,712020:7919ac37-40c1-4b22-a858-9d188e7777ec,James Bryant,712020:7919ac37-40c1-4b22-a858-9d188e7777ec,29/Apr/26 11:58 AM,19/May/26 9:21 AM,,EACM,Uninsured,Workforce,,,,James Bryant,,712020:7919ac37-40c1-4b22-a858-9d188e7777ec,,0,,,,,,,,,,,,,,,,,,,,,No,,,,,,,,No,No,,,,,,,,,,,,,0|i02fof:,,,,,,,,,,,,,No,,,,"19/May/26 9:21 AM;712020:7919ac37-40c1-4b22-a858-9d188e7777ec;JB referred to EACM. JB had also suggested KTAP, but client is already receiving plenty of support from kids' parent, so was denied for that.",,,53805.0,NEIG-14354,Derycka N Mckinley,Done,19/May/26 9:20 AM
P0043,"Name only (matched existing person, DOB missing)",Person P0043,NEIG-14395,54042,Rent Assistance Care Path,External Org to Complete Goal,,James Bryant,712020:7919ac37-40c1-4b22-a858-9d188e7777ec,James Bryant,712020:7919ac37-40c1-4b22-a858-9d188e7777ec,29/Apr/26 11:39 AM,29/Apr/26 11:40 AM,,Aetna,Humana-Medicaid,OxfordHouse,SLCM,SNAP,,James Bryant,,712020:7919ac37-40c1-4b22-a858-9d188e7777ec,,0,,,,,,,,,,,,,,,,,,,,,No,,,,,,,,No,No,,,,,,,,,,,,,0|i02flz:,,,,,,,,,,,,,No,,,,29/Apr/26 11:40 AM;712020:7919ac37-40c1-4b22-a858-9d188e7777ec;JB referred to Salvation Army and Humana Member Services,,,52872.0,NEIG-14189,Ashley Marie Bricken,Done,29/Apr/26 11:40 AM
P0367,"Name only (matched existing person, DOB missing)",Person P0367,NEIG-14392,54036,Rent Assistance Care Path,External Org to Complete Goal,,James Bryant,712020:7919ac37-40c1-4b22-a858-9d188e7777ec,James Bryant,712020:7919ac37-40c1-4b22-a858-9d188e7777ec,29/Apr/26 11:30 AM,29/Apr/26 11:31 AM,,JCPS,Passport,SLCM,,,,James Bryant,,712020:7919ac37-40c1-4b22-a858-9d188e7777ec,,0,,,,,,,,,,,,,,,,,,,,,No,,,,,,,,No,No,,,,,,,,,,,,,0|i02flb:,,,,,,,,,,,,,No,,,,"29/Apr/26 11:31 AM;712020:7919ac37-40c1-4b22-a858-9d188e7777ec;JB referred to Hope and Door, client was denied. JB then referred to Catholic Charities Helping Hands",,,52662.0,NEIG-14143,TeAndra G Jarvis ,Done,29/Apr/26 11:31 AM
P0011,"Name only (matched existing person, DOB missing)",Person P0011,NEIG-14389,54030,Rent Assistance Care Path,External Org to Complete Goal,,James Bryant,712020:7919ac37-40c1-4b22-a858-9d188e7777ec,James Bryant,712020:7919ac37-40c1-4b22-a858-9d188e7777ec,29/Apr/26 11:22 AM,29/Apr/26 11:23 AM,,LMHA,Passport,SAM,SNAP,,,James Bryant,,712020:7919ac37-40c1-4b22-a858-9d188e7777ec,,0,,,,,,,,,,,,,,,,,,,,,No,,,,,,,,No,No,,,,,,,,,,,,,0|i02fkn:,,,,,,,,,,,,,No,,,,29/Apr/26 11:23 AM;712020:7919ac37-40c1-4b22-a858-9d188e7777ec;JB referred to Salvation Army,,,52456.0,NEIG-14116,Alisha R Philpot,Done,29/Apr/26 11:23 AM
P0342,"Name only (matched existing person, DOB missing)",Person P0342,NEIG-14387,54026,Rent Assistance Care Path,External Org to Complete Goal,,James Bryant,712020:7919ac37-40c1-4b22-a858-9d188e7777ec,James Bryant,712020:7919ac37-40c1-4b22-a858-9d188e7777ec,29/Apr/26 11:18 AM,29/Apr/26 11:18 AM,,CLCM,Passport,SNAP,,,,James Bryant,,712020:7919ac37-40c1-4b22-a858-9d188e7777ec,,0,,,,,,,,,,,,,,,,,,,,,No,,,,,,,,No,No,,,,,,,,,,,,,0|i02fk7:,,,,,,,,,,,,,No,,,,29/Apr/26 11:18 AM;712020:7919ac37-40c1-4b22-a858-9d188e7777ec;JB referred to Salvation Army for deposit assistance,,,52350.0,NEIG-14074,Shavon V Shobe ,Done,29/Apr/26 11:18 AM
P0107,"Name only (matched existing person, DOB missing)",Person P0107,NEIG-14386,54024,Rent Assistance Care Path,External Org to Complete Goal,,James Bryant,712020:7919ac37-40c1-4b22-a858-9d188e7777ec,James Bryant,712020:7919ac37-40c1-4b22-a858-9d188e7777ec,29/Apr/26 11:17 AM,29/Apr/26 11:17 AM,,JCPS,SVC,WellCare,,,,James Bryant,,712020:7919ac37-40c1-4b22-a858-9d188e7777ec,,0,,,,,,,,,,,,,,,,,,,,,No,,,,,,,,No,No,,,,,,,,,,,,,0|i02fjz:,,,,,,,,,,,,,No,,,,29/Apr/26 11:17 AM;712020:7919ac37-40c1-4b22-a858-9d188e7777ec;JB referred to SVC,,,52213.0,NEIG-14051,Daichai Williams ,Done,29/Apr/26 11:17 AM
P0235,"Name only (matched existing person, DOB missing)",Person P0235,NEIG-14369,53928,Rent Assistance Care Path,External Org to Complete Goal,,James Bryant,712020:7919ac37-40c1-4b22-a858-9d188e7777ec,James Bryant,712020:7919ac37-40c1-4b22-a858-9d188e7777ec,29/Apr/26 9:21 AM,29/Apr/26 9:22 AM,,Anthem,JCPS,UCHM,,,,James Bryant,,712020:7919ac37-40c1-4b22-a858-9d188e7777ec,,0,,,,,,,,,,,,,,,,,,,,,No,,,,,,,,No,No,,,,,,,,,,,,,0|i02fg7:,,,,,,,,,,,,,No,,,,29/Apr/26 9:22 AM;712020:7919ac37-40c1-4b22-a858-9d188e7777ec;JB referred to UCHM,,,53758.0,NEIG-14345,KeAirra S Taylor,Done,29/Apr/26 9:21 AM
P0124,Name + DOB,Person P0124,NEIG-14354,53805,New Profile,Referral Only,,Johanna South,712020:3b2c2185-c76f-4d90-ad8c-9e260c73c318,Johanna South,712020:3b2c2185-c76f-4d90-ad8c-9e260c73c318,28/Apr/26 3:13 PM,19/May/26 9:21 AM,,EACM,Uninsured,,,,,James Bryant,Johanna South,712020:7919ac37-40c1-4b22-a858-9d188e7777ec,712020:3b2c2185-c76f-4d90-ad8c-9e260c73c318,2,Louisville,EACM,,Not working ,29.0,Unemployed but want to find work,,Not being evicted,Woman,,,,,,,No,Rent- past due,600.0,I don't know,28/Apr/26 12:00 AM,No,Lotus Blackwell,Job loss,Loss of job,,,,,Yes,Yes,,No,,2,3,No,Call,Text,,English,she/her,Black of African American,0|i02fcv:,,,,,,An email with available resources and next steps,A phone call to further explain where you would like assistance,No,,,Kentucky,,No,40241,2026-04-29 13:19:53.747,,29/Apr/26 9:19 AM;712020:7919ac37-40c1-4b22-a858-9d188e7777ec;4/29/26 JB initial contact via SimpleText,"29/Apr/26 11:46 AM;712020:7919ac37-40c1-4b22-a858-9d188e7777ec;Client seeking $1,300 in rent assistance",,,,,Done,19/May/26 9:21 AM
P0235,Name + DOB,Person P0235,NEIG-14345,53758,New Profile,Referral Only,,Johanna South,712020:3b2c2185-c76f-4d90-ad8c-9e260c73c318,Johanna South,712020:3b2c2185-c76f-4d90-ad8c-9e260c73c318,28/Apr/26 1:35 PM,19/May/26 9:18 AM,,Anthem,JCPS,JCPS-Employee,UCHM,,,James Bryant,Johanna South,712020:7919ac37-40c1-4b22-a858-9d188e7777ec,712020:3b2c2185-c76f-4d90-ad8c-9e260c73c318,1,Louisville,UCHM,,Jefferson County Public Schools ,35.0,Employed,,Not being evicted,Woman,Financial Stability Care Path,,,,Person with a physical or mental disability,,No,Rent- past due,1460.0,Anthem,28/Apr/26 12:00 AM,No,Butchertown Flats ,Unexpected expense,,,,,,Yes,Yes,,No,,2,1,No,Call,Text,Employee-coverage,english,she/her,Black of African American,0|i02fav:,,,,,,An email with available resources and next steps,A phone call to further explain where you would like assistance,No,Full-time employment,,KY,,No,40206,2026-04-29 13:18:57.331,,29/Apr/26 9:18 AM;712020:7919ac37-40c1-4b22-a858-9d188e7777ec;4/29/26 JB initial contact via SimpleText,"29/Apr/26 9:21 AM;712020:7919ac37-40c1-4b22-a858-9d188e7777ec;Client seeking May rent assistance, JB referred to UCHM",,,,,Done,19/May/26 9:18 AM
P0393,Name + DOB,Person P0393,NEIG-14341,53751,New Profile,Unable to Contact,,Johanna South,712020:3b2c2185-c76f-4d90-ad8c-9e260c73c318,Johanna South,712020:3b2c2185-c76f-4d90-ad8c-9e260c73c318,28/Apr/26 1:05 PM,14/May/26 9:20 AM,,Beacon,Catholic_Charities,Immigrant,Passport,SLCM,,James Bryant,Johanna South,712020:7919ac37-40c1-4b22-a858-9d188e7777ec,712020:3b2c2185-c76f-4d90-ad8c-9e260c73c318,3,Louisville,SLCM,,Kentuckiana Curb Co Inc,27.0,Employed,,Not being evicted,Man,Financial Stability Care Path,Food Care Path,,,Refugee or Immigrant,,No,Rent - nothing past due,3798.0,Passport by Molina,28/Apr/26 12:00 AM,Yes,Partridge Pointe Apartments,Other,,,,,,Yes,Yes,"Tom Dunn, Catholic Charities, 502-260-7683",Yes,,2,2,No,Call,,Medicaid,Swahili,he/him,Black of African American,0|i02f9z:,,,,,,A phone call to further explain where you would like assistance,,No,Full-time employment,,KY,LG&E,No,40215,2026-04-29 13:20:03.285,,29/Apr/26 9:20 AM;712020:7919ac37-40c1-4b22-a858-9d188e7777ec;4/29/26 JB initial contact via SimpleText,13/May/26 10:48 AM;712020:7919ac37-40c1-4b22-a858-9d188e7777ec;5/13/26 JB second contact attempt,,,,,Done,14/May/26 9:19 AM
P0199,Name + DOB,Person P0199,NEIG-14289,53466,New Profile,Referral Only,,Johanna South,712020:3b2c2185-c76f-4d90-ad8c-9e260c73c318,Johanna South,712020:3b2c2185-c76f-4d90-ad8c-9e260c73c318,27/Apr/26 1:19 PM,29/Apr/26 12:01 PM,,JCPS,Passport,SLCM,,,,James Bryant,Johanna South,712020:7919ac37-40c1-4b22-a858-9d188e7777ec,712020:3b2c2185-c76f-4d90-ad8c-9e260c73c318,1,Louisville,SLCM,,Vets Securing America ,37.0,Other,,Not being evicted,Woman,Behavioral Health Care Path,Children's Education,Financial Stability Care Path,,Person with a physical or mental disability,Pregnant or recently postpartum,No,Rent- past due,260.0,Passport by Molina,27/Apr/26 12:00 AM,No,Olivia Wu ,Medical emergency or other health needs,,,,,,Yes,Yes,,No,,2,1,No,Call,Text,Medicaid,English,she/her,White,0|i02eyf:,,,,,,An email with available resources and next steps,A phone call to further explain where you would like assistance,No,,,Ky,,No,40214,2026-04-28 12:29:13.91,,28/Apr/26 8:29 AM;712020:7919ac37-40c1-4b22-a858-9d188e7777ec;4/28/26 JB Initial contact attempt via Simpletext,"28/Apr/26 8:36 AM;712020:7919ac37-40c1-4b22-a858-9d188e7777ec;Client seeking $655 in rent. Client reports already contacting the FRYSC, however, they just told her to go to Stop My Eviction. Client recently moved into unit (only been there for 1 month so far), and had put everything she had into moving. She broke her ankle and has been unable to work this month.",,,,,Done,29/Apr/26 12:01 PM
P0343,Name + DOB,Person P0343,NEIG-14281,53452,New Profile,Referral Only,,Johanna South,712020:3b2c2185-c76f-4d90-ad8c-9e260c73c318,Johanna South,712020:3b2c2185-c76f-4d90-ad8c-9e260c73c318,27/Apr/26 11:53 AM,30/Jul/26 10:47 AM,,Humana-Medicaid,Humana-Medicare,JCPS,LMHA,SLCM,SNAP,James Bryant,Johanna South,712020:7919ac37-40c1-4b22-a858-9d188e7777ec,712020:3b2c2185-c76f-4d90-ad8c-9e260c73c318,3,Louisville,SLCM,,,28.0,Unemployed but want to find work,,Not being evicted,Woman,Childcare Care Path,,,,Pregnant or recently postpartum,,No,Rent - nothing past due,100.0,Humana,27/Apr/26 12:00 AM,Yes,,Issues with child care,Loss of accessible transportation,Medical emergency or other health needs,Reduction in or loss of benefits,,,Yes,Yes,,No,,3,1,No,Text,,Medicaid,English ,she/her,Black of African American,0|i02ewn:,,,,,,,,Yes,Food benefits - TANF/SNAP,,KY,LG&E,No,40215,2026-04-27 16:55:36.393,,27/Apr/26 12:55 PM;712020:7919ac37-40c1-4b22-a858-9d188e7777ec;4/27/26 JB initial contact attempt,28/Apr/26 8:56 AM;712020:7919ac37-40c1-4b22-a858-9d188e7777ec;Client seeking LG&E assistance,,,,,Done,28/Apr/26 8:57 AM
P0064,Name + DOB,Person P0064,NEIG-14235,53273,New Profile,Referral Only,,Johanna South,712020:3b2c2185-c76f-4d90-ad8c-9e260c73c318,Johanna South,712020:3b2c2185-c76f-4d90-ad8c-9e260c73c318,24/Apr/26 2:45 PM,29/Apr/26 11:55 AM,,CLCM,Eviction_Court,JCPS,LMHA,Passport,SNAP,James Bryant,Johanna South,712020:7919ac37-40c1-4b22-a858-9d188e7777ec,712020:3b2c2185-c76f-4d90-ad8c-9e260c73c318,1,Louisville ,,21/May/26 12:00 AM,,42.0,Unemployed but want to find work,Lease violation,Currently being evicted,Woman,Financial Stability Care Path,Legal Assistance Care Path,,,Pregnant or recently postpartum,,No,Rent- past due,0.0,Passport by Molina,24/Apr/26 12:00 AM,No,Liberty Green,Eviction,Job loss,Loss of job,Medical emergency or other health needs,Lost a job/had hours cut,254.0,Yes,Yes,,No,4064.0,3,4,No,Call,Text,Medicaid,English ,she/her,Black of African American,0|i02emf:,Avoid an eviction,Come up with a plan to pay back rent,Find new housing,Find public/subsidized housing,,An email with available resources and next steps,A phone call to further explain where you would like assistance,No,Food benefits - TANF/SNAP,No income,Kentucky ,,No,40202,2026-04-27 15:22:58.676,,27/Apr/26 11:22 AM;712020:7919ac37-40c1-4b22-a858-9d188e7777ec;4/27/26 JB initial contact attempt via SimpleText,28/Apr/26 8:54 AM;712020:7919ac37-40c1-4b22-a858-9d188e7777ec;Client being evicted. Client has been having issues with LMHA not paying while she was in the hospital. JB referred to Legal Aid.,,,,,Done,29/Apr/26 11:55 AM
P0043,Name + DOB,Person P0043,NEIG-14189,52872,New Profile,Referral Only,,Johanna South,712020:3b2c2185-c76f-4d90-ad8c-9e260c73c318,Johanna South,712020:3b2c2185-c76f-4d90-ad8c-9e260c73c318,22/Apr/26 12:39 PM,29/Apr/26 11:40 AM,,Aetna,Humana-Medicaid,OxfordHouse,SLCM,SNAP,,James Bryant,Johanna South,712020:7919ac37-40c1-4b22-a858-9d188e7777ec,712020:3b2c2185-c76f-4d90-ad8c-9e260c73c318,1,Louisville,SLCM,,,33.0,Unemployed but want to find work,Non-payment,Unknown,Woman,Healthcare Care Path,Transportation Care Path,,,,,No,Rent- past due,300.0,Aetna,22/Apr/26 12:00 AM,No,Oxford House,Issues with child care,Job loss,Unexpected expense,,Lost a job/had hours cut,720.0,Yes,Yes,,No,540.0,1,1,No,Call,Text,Medicaid,English ,she/her,White,0|i02ec7:,Avoid an eviction,Come up with a plan to pay back rent,Get rental assistance,Stay out of court,240.0,An email with available resources and next steps,,No,Food benefits - TANF/SNAP,,KY,,No,40214,2026-04-22 20:34:38.744,,22/Apr/26 4:34 PM;712020:7919ac37-40c1-4b22-a858-9d188e7777ec;4/22/26 JB inital contact attempt,"23/Apr/26 8:59 AM;712020:7919ac37-40c1-4b22-a858-9d188e7777ec;Client seeking $540 past due rent for Oxford House. JB informed that rent assistance is exhausted at SLCM, and mentioned Humana and Salvation Army as potentially being options",,,,,Done,29/Apr/26 11:40 AM
P0255,Name + DOB,Person P0255,NEIG-14175,52782,New Profile,Referral Only,,Johanna South,712020:3b2c2185-c76f-4d90-ad8c-9e260c73c318,Johanna South,712020:3b2c2185-c76f-4d90-ad8c-9e260c73c318,22/Apr/26 9:42 AM,16/Jun/26 8:44 AM,,JCPS,Passport,SLCM,SNAP,,,James Bryant,Johanna South,712020:7919ac37-40c1-4b22-a858-9d188e7777ec,712020:3b2c2185-c76f-4d90-ad8c-9e260c73c318,1,Louisville ,SLCM,,Jarl Security ,37.0,"Employed, but need more hours and/or different work",,Not being evicted,Woman,Financial Stability Care Path,Legal Assistance Care Path,Pregnancy/Postpartum Care Path,Transportation Care Path,Person with a physical or mental disability,Pregnant or recently postpartum,Yes,Rent- past due,1200.0,Passport by Molina,22/Apr/26 12:00 AM,No,Nick,Medical emergency or other health needs,Reduction in hours at work,,,,,Yes,Yes,Passport ,No,,1,1,No,Call,Text,Medicaid,English ,she/her,,0|i02e93:,,,,,,An email with available resources and next steps,A phone call to further explain where you would like assistance,No,Food benefits - TANF/SNAP,Part-time employment,Kentucky ,,No,40214,2026-04-22 14:09:52.903,,22/Apr/26 10:09 AM;712020:7919ac37-40c1-4b22-a858-9d188e7777ec;4/22/26 JB initial contact attempt,"22/Apr/26 10:13 AM;712020:7919ac37-40c1-4b22-a858-9d188e7777ec;Client was incarcerated for four years, until October 31 2025. Client is working but has been not getting many hours due to pregnancy issues. Client is seeking rent assistance, after having paid the majority of the rent",30/Apr/26 2:42 PM;712020:7919ac37-40c1-4b22-a858-9d188e7777ec;JB referred to Flagstone,,,,Done,29/May/26 3:11 PM
P0299,Name + DOB,Person P0299,NEIG-14170,52773,New Profile,Referral Only,,Johanna South,712020:3b2c2185-c76f-4d90-ad8c-9e260c73c318,Johanna South,712020:3b2c2185-c76f-4d90-ad8c-9e260c73c318,22/Apr/26 8:29 AM,29/Apr/26 11:38 AM,,FCHV,Passport,SNAP,,,,James Bryant,Johanna South,712020:7919ac37-40c1-4b22-a858-9d188e7777ec,712020:3b2c2185-c76f-4d90-ad8c-9e260c73c318,1,Louisville ,FCHV,,,22.0,Unemployed and not looking for work,Non-payment,Currently being evicted,Woman,Financial Stability Care Path,,,,,,No,Other,0.0,Passport by Molina,22/Apr/26 12:00 AM,No,Redwood,Eviction,Loss of job,,,Lost a job/had hours cut,2000.0,Yes,Yes,,No,2000.0,1,1,No,Text,,Medicaid,English ,she/her,White,0|i02e7z:,Avoid an eviction,Find new housing,Get rental assistance,,,A phone call to further explain where you would like assistance,,No,Food benefits - TANF/SNAP,No income,Kentucky ,LG&E,No,40291,2026-04-22 12:48:44.491,,22/Apr/26 8:48 AM;712020:7919ac37-40c1-4b22-a858-9d188e7777ec;4/22/26 JB initial contact attempt via SimpleText,"22/Apr/26 8:55 AM;712020:7919ac37-40c1-4b22-a858-9d188e7777ec;Client seeking deposit assistance, trying to move out before second eviction court date",,,,,Done,29/Apr/26 11:38 AM
P0330,Name + DOB,Person P0330,NEIG-14160,52725,Care Plan,Open,,James Bryant,712020:7919ac37-40c1-4b22-a858-9d188e7777ec,James Bryant,712020:7919ac37-40c1-4b22-a858-9d188e7777ec,21/Apr/26 4:10 PM,28/Apr/26 3:29 PM,,HFTS,SLCM,SNAP,WellCare,,,James Bryant,,712020:7919ac37-40c1-4b22-a858-9d188e7777ec,,0,,,,,,,,,,,,,,,,,,,,,No,,,,,,,,No,No,,,,,,,,,,,,,0|i02e5r:,,,,,,,,,,,,,No,,,,,,,36329.0,NEIG-11044,Sarafina Dusenge,To Do,21/Apr/26 4:10 PM
P0367,Name + DOB,Person P0367,NEIG-14143,52662,New Profile,Referral Only,,Johanna South,712020:3b2c2185-c76f-4d90-ad8c-9e260c73c318,Johanna South,712020:3b2c2185-c76f-4d90-ad8c-9e260c73c318,21/Apr/26 1:40 PM,29/Apr/26 11:31 AM,,JCPS,Passport,SLCM,,,,James Bryant,Johanna South,712020:7919ac37-40c1-4b22-a858-9d188e7777ec,712020:3b2c2185-c76f-4d90-ad8c-9e260c73c318,4,Louisville,SLCM,,,36.0,Unemployed but want to find work,,Not being evicted,Woman,Behavioral Health Care Path,Financial Stability Care Path,Food Care Path,,Pregnant or recently postpartum,,No,Rent- past due,298.0,Passport by Molina,21/Apr/26 12:00 AM,No,Rosewood Manor ,Job loss,Loss of job,Reduction in or loss of benefits,Unexpected expense,,,Yes,Yes,,No,,3,2,No,Call,Text,Medicaid,English ,she/her,Black of African American,0|i02e1z:,,,,,,An email with available resources and next steps,A phone call to further explain where you would like assistance,No,Other,,KY,,No,40214,2026-04-22 12:48:11.321,,22/Apr/26 8:48 AM;712020:7919ac37-40c1-4b22-a858-9d188e7777ec;4/22/26 JB initial contact attempt via SimpleText,"22/Apr/26 8:54 AM;712020:7919ac37-40c1-4b22-a858-9d188e7777ec;Client reports needing rent assistance, owes $1,900",,,,,Done,29/Apr/26 11:31 AM
P0011,Name + DOB,Person P0011,NEIG-14116,52456,New Profile,Referral Only,,Johanna South,712020:3b2c2185-c76f-4d90-ad8c-9e260c73c318,Johanna South,712020:3b2c2185-c76f-4d90-ad8c-9e260c73c318,20/Apr/26 2:27 PM,29/Apr/26 11:23 AM,,LMHA,Passport,SAM,SNAP,,,James Bryant,Johanna South,712020:7919ac37-40c1-4b22-a858-9d188e7777ec,712020:3b2c2185-c76f-4d90-ad8c-9e260c73c318,1,Shivley,SAM,,,23.0,Unemployed but want to find work,,Not being evicted,Woman,Financial Stability Care Path,Food Care Path,Transportation Care Path,,,,No,Rent - nothing past due,293.0,Passport by Molina,20/Apr/26 12:00 AM,Yes,,Loss of accessible transportation,Loss of job,Reduction in or loss of benefits,,,,Yes,Yes,,No,,1,1,No,Text,,Medicaid,English ,she/her,Black of African American,0|i02dvz:,,,,,,An email with available resources and next steps,A phone call to further explain where you would like assistance,Yes,Food benefits - TANF/SNAP,,Kentucky,LG&E,No,40216,2026-04-21 13:33:54.384,,21/Apr/26 9:33 AM;712020:7919ac37-40c1-4b22-a858-9d188e7777ec;Client seeking Security Deposit Assistance,,,,,,Done,29/Apr/26 11:23 AM
P0086,Name + DOB,Person P0086,NEIG-14086,52371,New Profile,Referral Only,,Johanna South,712020:3b2c2185-c76f-4d90-ad8c-9e260c73c318,Johanna South,712020:3b2c2185-c76f-4d90-ad8c-9e260c73c318,20/Apr/26 10:42 AM,07/Jul/26 10:55 AM,,JCPS,Passport,SNAP,SVC,,,James Bryant,Johanna South,712020:7919ac37-40c1-4b22-a858-9d188e7777ec,712020:3b2c2185-c76f-4d90-ad8c-9e260c73c318,3,Louisville,SLCM,, N/a,36.0,Unemployed but want to find work,Non-payment,Unknown,Woman,Behavioral Health Care Path,Food Care Path,Intimate Partner Violence Victim Care Path,Social Support,,,No,Rent- past due,100.0,Passport by Molina,20/Apr/26 12:00 AM,Yes,Synergy management group,Household member left,,,,Other,128.0,Yes,Yes,,No,900.0,3,1,No,Call,Text,Medicare,English ,she/her,Black of African American,0|i02dpb:,Avoid an eviction,Come up with a plan to pay back rent,Get rental assistance,Other,128.0,An email with available resources and next steps,A phone call to further explain where you would like assistance,Yes,Food benefits - TANF/SNAP,No income,KY,LG&E,Yes,40212,2026-04-21 14:47:31.032,,21/Apr/26 10:47 AM;712020:7919ac37-40c1-4b22-a858-9d188e7777ec;4/21/26 JB initial contact attempt,22/Apr/26 9:58 AM;712020:7919ac37-40c1-4b22-a858-9d188e7777ec;Client is seeking help finding a felon-friendly employer,,,,,Done,29/May/26 3:07 PM
P0342,Name + DOB,Person P0342,NEIG-14074,52350,New Profile,Referral Only,,Johanna South,712020:3b2c2185-c76f-4d90-ad8c-9e260c73c318,Johanna South,712020:3b2c2185-c76f-4d90-ad8c-9e260c73c318,20/Apr/26 10:08 AM,29/Apr/26 11:18 AM,,CLCM,Passport,SNAP,,,,James Bryant,Johanna South,712020:7919ac37-40c1-4b22-a858-9d188e7777ec,712020:3b2c2185-c76f-4d90-ad8c-9e260c73c318,2,Louisville,CLCM,,,33.0,Employed,,Not being evicted,Woman,,,,,,,,Staying with friends/family,3500.0,Passport by Molina,20/Apr/26 12:00 AM,No,,,,,,,,Yes,Yes,,Yes,,2,1,No,Call,Text,,,Prefer not to answer,Black of African American,0|i02dmn:,,,,,,An email with available resources and next steps,A phone call to further explain where you would like assistance,No,Food benefits - TANF/SNAP,Full-time employment,KY,,No,40203,2026-04-21 14:45:25.408,,21/Apr/26 10:45 AM;712020:7919ac37-40c1-4b22-a858-9d188e7777ec;4/21/26 JB initial contact attempt,21/Apr/26 10:49 AM;712020:7919ac37-40c1-4b22-a858-9d188e7777ec;Client was informed by landlord that Neighbor Network has a second chance program for people who have been previously evicted,22/Apr/26 1:47 PM;712020:7919ac37-40c1-4b22-a858-9d188e7777ec;JB had sent list of previous-eviction-friendly housing providers. Client is now inquiring about assistance with $950 deposit to Patriot Derby,,,,Done,29/Apr/26 11:18 AM
P0117,Name + DOB,Person P0117,NEIG-14065,52303,Connected Neighbor Profile,New Neighbor,,Johanna South,712020:3b2c2185-c76f-4d90-ad8c-9e260c73c318,Johanna South,712020:3b2c2185-c76f-4d90-ad8c-9e260c73c318,19/Apr/26 9:35 PM,22/Apr/26 8:21 AM,,HFTS,LMHA,SVC,,,,Johanna South,,712020:3b2c2185-c76f-4d90-ad8c-9e260c73c318,,1,Louisville,,,Play Cousins Collective ,25.0,"Employed, but need more hours and/or different work",,Not being evicted,Woman,Financial Stability Care Path,Legal Assistance Care Path,,,,,No,Rent - nothing past due,540.0,Humana,20/Apr/26 12:00 AM,No,Fred,Reduction in hours at work,Reduction in or loss of benefits,,,,,Yes,Yes,Angela/family coordinator/ 5027926603,Yes,,1,1,No,Text,,Medicaid,English,she/her,Black of African American,0|i02dkn:,,,,,,,,Yes,Food benefits - TANF/SNAP,Part-time employment,KY,,No,40203,,,,,,,,,To Do,19/Apr/26 9:35 PM
P0107,Name + DOB,Person P0107,NEIG-14051,52213,New Profile,Referral Only,,Johanna South,712020:3b2c2185-c76f-4d90-ad8c-9e260c73c318,Johanna South,712020:3b2c2185-c76f-4d90-ad8c-9e260c73c318,17/Apr/26 5:49 PM,29/Apr/26 11:17 AM,,JCPS,SVC,WellCare,,,,James Bryant,Johanna South,712020:7919ac37-40c1-4b22-a858-9d188e7777ec,712020:3b2c2185-c76f-4d90-ad8c-9e260c73c318,2,Louisville,SVC,,Rush em on in daycare ,26.0,"Employed, but need more hours and/or different work",,Not being evicted,Woman,Pregnancy/Postpartum Care Path,Transportation Care Path,,,Pregnant or recently postpartum,,No,Staying with friends/family,1800.0,WellCare,17/Apr/26 12:00 AM,No,,Childbirth,Loss of accessible transportation,Other,,,,Yes,Yes,,No,,2,1,No,Text,,Medicaid,English ,she/her,Black of African American,0|i02dhj:,,,,,,A phone call to further explain where you would like assistance,,No,Full-time employment,,Kentucky ,,No,40212,2026-04-21 14:44:49.104,,21/Apr/26 10:44 AM;712020:7919ac37-40c1-4b22-a858-9d188e7777ec;4/21/26 JB initial contact attempt,"21/Apr/26 11:18 AM;712020:7919ac37-40c1-4b22-a858-9d188e7777ec;Client seeking assistance with $1,234 past due rent, JB referred to SVC",,,,,Done,29/Apr/26 11:17 AM
P0229,"Name only (matched existing person, DOB missing)",Person P0229,NEIG-14028,52107,Rent Assistance Care Path,Goal Attained,Done,James Bryant,712020:7919ac37-40c1-4b22-a858-9d188e7777ec,James Bryant,712020:7919ac37-40c1-4b22-a858-9d188e7777ec,17/Apr/26 1:25 PM,17/Apr/26 1:25 PM,17/Apr/26 1:25 PM,Aetna,JCPS,SLCM,WellCare,,,James Bryant,,712020:7919ac37-40c1-4b22-a858-9d188e7777ec,,0,,,,,,,,,,,,,,,,,,,,,No,,,,,,,,No,No,,,,,,,,,,,,,0|i02dcf:,,,,,,,,,,,,,No,,,10013_*:*_1_*:*_6359_*|*_10027_*:*_1_*:*_0,17/Apr/26 1:25 PM;712020:7919ac37-40c1-4b22-a858-9d188e7777ec;SLCM provided rent assistance,,,48811.0,NEIG-13372,Katherine Drexler ,Done,17/Apr/26 1:25 PM
P0058,"Name only (matched existing person, DOB missing)",Person P0058,NEIG-14023,52097,Rent Assistance Care Path,Goal Attained,Done,James Bryant,712020:7919ac37-40c1-4b22-a858-9d188e7777ec,James Bryant,712020:7919ac37-40c1-4b22-a858-9d188e7777ec,17/Apr/26 1:19 PM,17/Apr/26 1:19 PM,17/Apr/26 1:19 PM,Beacon,Catholic_Charities,Immigrant,JCPS,Medicaid,SLCM,James Bryant,,712020:7919ac37-40c1-4b22-a858-9d188e7777ec,,0,,,,,,,,,,,,,,,,,,,,,No,,,,,,,,No,No,,,,,,,,,,,,,0|i02dbb:,,,,,,,,,,,,,No,,,10013_*:*_1_*:*_17358_*|*_10027_*:*_1_*:*_0,17/Apr/26 1:19 PM;712020:7919ac37-40c1-4b22-a858-9d188e7777ec;SLCM provided rent assistance,,,48350.0,NEIG-13273,BITENDANWA BALONGELWA,Done,17/Apr/26 1:19 PM
P0394,"Name only (matched existing person, DOB missing)",Person P0394,NEIG-14021,52093,Rent Assistance Care Path,External Org to Complete Goal,,James Bryant,712020:7919ac37-40c1-4b22-a858-9d188e7777ec,James Bryant,712020:7919ac37-40c1-4b22-a858-9d188e7777ec,17/Apr/26 1:14 PM,17/Apr/26 1:14 PM,,Aetna,JCPS,Passport,SLCM,SNAP,,James Bryant,,712020:7919ac37-40c1-4b22-a858-9d188e7777ec,,0,,,,,,,,,,,,,,,,,,,,,No,,,,,,,,No,No,,,,,,,,,,,,,0|i02dav:,,,,,,,,,,,,,No,,,,17/Apr/26 1:14 PM;712020:7919ac37-40c1-4b22-a858-9d188e7777ec;JB referred to LMPD Victims' Services,,,51630.0,NEIG-13911,Yashia A Crawford ,Done,17/Apr/26 1:14 PM
P0391,"Name only (matched existing person, DOB missing)",Person P0391,NEIG-14019,52089,Rent Assistance Care Path,External Org to Complete Goal,,James Bryant,712020:7919ac37-40c1-4b22-a858-9d188e7777ec,James Bryant,712020:7919ac37-40c1-4b22-a858-9d188e7777ec,17/Apr/26 1:12 PM,17/Apr/26 1:13 PM,,LMHA,Passport,SAM,SNAP,,,James Bryant,,712020:7919ac37-40c1-4b22-a858-9d188e7777ec,,0,,,,,,,,,,,,,,,,,,,,,No,,,,,,,,No,No,,,,,,,,,,,,,0|i02daf:,,,,,,,,,,,,,No,,,,17/Apr/26 1:13 PM;712020:7919ac37-40c1-4b22-a858-9d188e7777ec;JB referred to SAM and Salvation Army,,,51607.0,NEIG-13898,Whitney Dachelle Thomas ,Done,17/Apr/26 1:12 PM
P0314,"Name only (matched existing person, DOB missing)",Person P0314,NEIG-14016,52083,Rent Assistance Care Path,External Org to Complete Goal,,James Bryant,712020:7919ac37-40c1-4b22-a858-9d188e7777ec,James Bryant,712020:7919ac37-40c1-4b22-a858-9d188e7777ec,17/Apr/26 1:06 PM,17/Apr/26 1:07 PM,,Immigrant,JCPS,SLCM,SNAP,Veteran,,James Bryant,,712020:7919ac37-40c1-4b22-a858-9d188e7777ec,,0,,,,,,,,,,,,,,,,,,,,,No,,,,,,,,No,No,,,,,,,,,,,,,0|i02d9r:,,,,,,,,,,,,,No,,,,17/Apr/26 1:07 PM;712020:7919ac37-40c1-4b22-a858-9d188e7777ec;JB referred to Salvation Army,,,51355.0,NEIG-13826,Rebecca Rojas,Done,17/Apr/26 1:06 PM
P0101,"Name only (matched existing person, DOB missing)",Person P0101,NEIG-14015,52081,Rent Assistance Care Path,External Org to Complete Goal,,James Bryant,712020:7919ac37-40c1-4b22-a858-9d188e7777ec,James Bryant,712020:7919ac37-40c1-4b22-a858-9d188e7777ec,17/Apr/26 1:05 PM,17/Apr/26 1:06 PM,,Passport,SLCM,SNAP,,,,James Bryant,,712020:7919ac37-40c1-4b22-a858-9d188e7777ec,,0,,,,,,,,,,,,,,,,,,,,,No,,,,,,,,No,No,,,,,,,,,,,,,0|i02d9j:,,,,,,,,,,,,,No,,,,17/Apr/26 1:05 PM;712020:7919ac37-40c1-4b22-a858-9d188e7777ec;JB referred to Salvation Army and Hope and Door,,,51352.0,NEIG-13824,Corena Turner,Done,17/Apr/26 1:05 PM
P0173,"Name only (matched existing person, DOB missing)",Person P0173,NEIG-14014,52079,Job Search/Workforce Development Care Path,External Org to Complete Goal,Done,James Bryant,712020:7919ac37-40c1-4b22-a858-9d188e7777ec,James Bryant,712020:7919ac37-40c1-4b22-a858-9d188e7777ec,17/Apr/26 1:03 PM,17/Apr/26 1:03 PM,17/Apr/26 1:03 PM,Eviction_Court,JCPS,Passport,SAM,,,James Bryant,,712020:7919ac37-40c1-4b22-a858-9d188e7777ec,,0,,,,,,,,,,,,,,,,,,,,,No,,,,,,,,No,No,,,,,,,,,,,,,0|i02d9b:,,,,,,,,,,,,,No,,,10013_*:*_1_*:*_30501_*|*_10034_*:*_1_*:*_0,17/Apr/26 1:03 PM;712020:7919ac37-40c1-4b22-a858-9d188e7777ec;JB referred to 4Cs Childcare Provider Development program,,,51234.0,NEIG-13811,Jade Sanders,Done,17/Apr/26 1:03 PM
P0335,Name + DOB,Person P0335,NEIG-14006,52063,Connected Neighbor Profile,New Neighbor,,Johanna South,712020:3b2c2185-c76f-4d90-ad8c-9e260c73c318,Johanna South,712020:3b2c2185-c76f-4d90-ad8c-9e260c73c318,17/Apr/26 12:51 PM,29/Apr/26 11:15 AM,,HFTS,JCPS,LMHA,Passport,SVC,,James Bryant,Johanna South,712020:7919ac37-40c1-4b22-a858-9d188e7777ec,712020:3b2c2185-c76f-4d90-ad8c-9e260c73c318,5,Louisville ,SVC,,,34.0,Unemployed but want to find work,,Not being evicted,Woman,Financial Stability Care Path,Social Support,Transportation Care Path,,,,No,Rent - nothing past due,0.0,Passport by Molina,17/Apr/26 12:00 AM,Yes,,Issues with child care,Job loss,Loss of accessible transportation,Loss of job,,,Yes,Yes,,No,,5,1,No,Call,Text,Medicaid,English ,she/her,Black of African American,0|i02d7j:,,,,,,An email with available resources and next steps,,Yes,No income,,Ky,LG&E,Yes,402q1,2026-04-17 18:36:33.531,,17/Apr/26 2:36 PM;712020:7919ac37-40c1-4b22-a858-9d188e7777ec;4/17/26 JB initial contact attempt via Simpletext,17/Apr/26 4:26 PM;712020:7919ac37-40c1-4b22-a858-9d188e7777ec;Client is HFTS participant. Client is interested in utility resources or potentially job search help,,,,,To Do,29/Apr/26 11:15 AM
P0350,"Name only (matched existing person, DOB missing)",Person P0350,NEIG-14005,52062,Rent Assistance Care Path,External Org to Complete Goal,,James Bryant,712020:7919ac37-40c1-4b22-a858-9d188e7777ec,James Bryant,712020:7919ac37-40c1-4b22-a858-9d188e7777ec,17/Apr/26 12:49 PM,17/Apr/26 12:50 PM,,Aetna,HCM,SNAP,,,,James Bryant,,712020:7919ac37-40c1-4b22-a858-9d188e7777ec,,0,,,,,,,,,,,,,,,,,,,,,No,,,,,,,,No,No,,,,,,,,,,,,,0|i02d7b:,,,,,,,,,,,,,No,,,,17/Apr/26 12:50 PM;712020:7919ac37-40c1-4b22-a858-9d188e7777ec;JB referred to Hope and Door,,,50497.0,NEIG-13703,Skina Rapet,Done,17/Apr/26 12:50 PM
P0205,"Name only (matched existing person, DOB missing)",Person P0205,NEIG-14003,52058,Rent Assistance Care Path,External Org to Complete Goal,,James Bryant,712020:7919ac37-40c1-4b22-a858-9d188e7777ec,James Bryant,712020:7919ac37-40c1-4b22-a858-9d188e7777ec,17/Apr/26 12:40 PM,17/Apr/26 12:41 PM,,Passport,SLCM,SNAP,,,,James Bryant,,712020:7919ac37-40c1-4b22-a858-9d188e7777ec,,0,,,,,,,,,,,,,,,,,,,,,No,,,,,,,,No,No,,,,,,,,,,,,,0|i02d6v:,,,,,,,,,,,,,No,,,,17/Apr/26 12:41 PM;712020:7919ac37-40c1-4b22-a858-9d188e7777ec;JB referred to Hope and Door,,,50316.0,NEIG-13674,Joanna Lewis ,Done,17/Apr/26 12:41 PM
P0259,"Name only (matched existing person, DOB missing)",Person P0259,NEIG-13996,52012,Rent Assistance Care Path,External Org to Complete Goal,,James Bryant,712020:7919ac37-40c1-4b22-a858-9d188e7777ec,James Bryant,712020:7919ac37-40c1-4b22-a858-9d188e7777ec,17/Apr/26 9:49 AM,22/Apr/26 10:36 AM,,Anthem,Fairdale,SLCM,,,,James Bryant,,712020:7919ac37-40c1-4b22-a858-9d188e7777ec,,0,,,,,,,,,,,,,,,,,,,,,No,,,,,,,,No,No,,,,,,,,,,,,,0|i02d5b:,,,,,,,,,,,,,No,,,,17/Apr/26 9:49 AM;712020:7919ac37-40c1-4b22-a858-9d188e7777ec;Rent assistance meeting scheduled for 4/23/26,,,50117.0,NEIG-13635,LaTazia DeStanee Hampton,Done,17/Apr/26 9:49 AM
P0266,"Name only (matched existing person, DOB missing)",Person P0266,NEIG-13994,52008,Rent Assistance Care Path,External Org to Complete Goal,,James Bryant,712020:7919ac37-40c1-4b22-a858-9d188e7777ec,James Bryant,712020:7919ac37-40c1-4b22-a858-9d188e7777ec,17/Apr/26 9:46 AM,17/Apr/26 9:46 AM,,SWCM,United,,,,,James Bryant,,712020:7919ac37-40c1-4b22-a858-9d188e7777ec,,0,,,,,,,,,,,,,,,,,,,,,No,,,,,,,,No,No,,,,,,,,,,,,,0|i02d4v:,,,,,,,,,,,,,No,,,,17/Apr/26 9:46 AM;712020:7919ac37-40c1-4b22-a858-9d188e7777ec;JB referred to SWCM,,,50076.0,NEIG-13629,Lindsay R Hammond ,Done,17/Apr/26 9:46 AM
P0341,"Name only (matched existing person, DOB missing)",Person P0341,NEIG-13993,52006,Rent Assistance Care Path,Goal Attained,Done,James Bryant,712020:7919ac37-40c1-4b22-a858-9d188e7777ec,James Bryant,712020:7919ac37-40c1-4b22-a858-9d188e7777ec,17/Apr/26 9:42 AM,17/Apr/26 9:43 AM,17/Apr/26 9:42 AM,Humana-Medicaid,JCPS,LMHA,SLCM,SNAP,,James Bryant,,712020:7919ac37-40c1-4b22-a858-9d188e7777ec,,0,,,,,,,,,,,,,,,,,,,,,No,,,,,,,,No,No,,,,,,,,,,,,,0|i02d4n:,,,,,,,,,,,,,No,,,10013_*:*_1_*:*_30671_*|*_10027_*:*_1_*:*_0,17/Apr/26 9:43 AM;712020:7919ac37-40c1-4b22-a858-9d188e7777ec;SLCM was able to provide rent assistance for this client,,,50013.0,NEIG-13612,Shavon Deneah Williams ,Done,17/Apr/26 9:42 AM
P0305,"Name only (matched existing person, DOB missing)",Person P0305,NEIG-13992,52004,Rent Assistance Care Path,External Org to Complete Goal,,James Bryant,712020:7919ac37-40c1-4b22-a858-9d188e7777ec,James Bryant,712020:7919ac37-40c1-4b22-a858-9d188e7777ec,17/Apr/26 9:40 AM,17/Apr/26 9:41 AM,,Aetna,Eviction_Court,Humana-Medicaid,SLCM,,,James Bryant,,712020:7919ac37-40c1-4b22-a858-9d188e7777ec,,0,,,,,,,,,,,,,,,,,,,,,No,,,,,,,,No,No,,,,,,,,,,,,,0|i02d4f:,,,,,,,,,,,,,No,,,,17/Apr/26 9:40 AM;712020:7919ac37-40c1-4b22-a858-9d188e7777ec;JB referred to Humana Medicaid and explained SLCM rent assistance policies. JB then referred to Hope and Door,,,49970.0,NEIG-13606,Porshia A Craig,Done,17/Apr/26 9:40 AM
P0292,"Name only (matched existing person, DOB missing)",Person P0292,NEIG-13987,51994,Rent Assistance Care Path,External Org to Complete Goal,,James Bryant,712020:7919ac37-40c1-4b22-a858-9d188e7777ec,James Bryant,712020:7919ac37-40c1-4b22-a858-9d188e7777ec,17/Apr/26 9:17 AM,17/Apr/26 9:18 AM,,Passport,SLCM,,,,,James Bryant,,712020:7919ac37-40c1-4b22-a858-9d188e7777ec,,0,,,,,,,,,,,,,,,,,,,,,No,,,,,,,,No,No,,,,,,,,,,,,,0|i02d3b:,,,,,,,,,,,,,No,,,,"17/Apr/26 9:18 AM;712020:7919ac37-40c1-4b22-a858-9d188e7777ec;JB sent ACM housing survey, client was seeking future rent. May or may not be invited to future meeting depending on fund availability",,,49502.0,NEIG-13492,Nadika Jenkins ,Done,17/Apr/26 9:17 AM
P0323,"Name only (matched existing person, DOB missing)",Person P0323,NEIG-13986,51992,Rent Assistance Care Path,External Org to Complete Goal,Done,James Bryant,712020:7919ac37-40c1-4b22-a858-9d188e7777ec,James Bryant,712020:7919ac37-40c1-4b22-a858-9d188e7777ec,17/Apr/26 9:16 AM,17/Apr/26 9:17 AM,17/Apr/26 9:17 AM,JCPS,Passport,SLCM,SSDI,,,James Bryant,,712020:7919ac37-40c1-4b22-a858-9d188e7777ec,,0,,,,,,,,,,,,,,,,,,,,,No,,,,,,,,No,No,,,,,,,,,,,,,0|i02d33:,,,,,,,,,,,,,No,,,10013_*:*_1_*:*_29355_*|*_10027_*:*_1_*:*_0,17/Apr/26 9:17 AM;712020:7919ac37-40c1-4b22-a858-9d188e7777ec;Client set to meet with JE 4/20/26 for rent assistance meeting,,,49456.0,NEIG-13484,Samantha A Temple,Done,17/Apr/26 9:17 AM
P0410,"Name only (no DOB, no other match)",Person P0410,NEIG-13978,51976,Rent Assistance Care Path,External Org to Complete Goal,,James Bryant,712020:7919ac37-40c1-4b22-a858-9d188e7777ec,James Bryant,712020:7919ac37-40c1-4b22-a858-9d188e7777ec,17/Apr/26 8:51 AM,17/Apr/26 8:52 AM,,JCPS,Passport,SLCM,SNAP,,,James Bryant,,712020:7919ac37-40c1-4b22-a858-9d188e7777ec,,0,,,,,,,,,,,,,,,,,,,,,No,,,,,,,,No,No,,,,,,,,,,,,,0|i02d1b:,,,,,,,,,,,,,No,,,,17/Apr/26 8:52 AM;712020:7919ac37-40c1-4b22-a858-9d188e7777ec;JB referred to HOPE program,,,48770.0,NEIG-13367,"Cheryl Denise ""Nisey"" Founder",Done,17/Apr/26 8:51 AM
P0333,Name + DOB,Person P0333,NEIG-13962,51914,New Profile,Referral Only,,Johanna South,712020:3b2c2185-c76f-4d90-ad8c-9e260c73c318,Johanna South,712020:3b2c2185-c76f-4d90-ad8c-9e260c73c318,16/Apr/26 3:46 PM,29/Apr/26 10:01 AM,,FCHV,JCPS,SSDI,,,,James Bryant,Johanna South,712020:7919ac37-40c1-4b22-a858-9d188e7777ec,712020:3b2c2185-c76f-4d90-ad8c-9e260c73c318,4,Louisville,FCHV,16/Apr/26 12:00 AM,,32.0,Unemployed but want to find work,Non-payment,Currently being evicted,Woman,Childcare Care Path,Financial Stability Care Path,Food Care Path,,Person with a physical or mental disability,,No,Rent- past due,3200.0,WellCare,16/Apr/26 12:00 AM,Yes,Avalon springs apartments ,Medical emergency or other health needs,Reduction in or loss of benefits,,,Lost a job/had hours cut,1476.0,Yes,Yes,,No,2088.0,3,5,No,Call,Text,Medicaid,English,she/her,White,0|i02cxr:,Avoid an eviction,Find public/subsidized housing,Get rental assistance,Stay out of court,46.125,An email with available resources and next steps,A phone call to further explain where you would like assistance,No,Social Security - SSI/SSDI,Unemployment benefits,Ky,LG&E,No,40228,2026-04-17 18:38:47.348,,"17/Apr/26 2:38 PM;712020:7919ac37-40c1-4b22-a858-9d188e7777ec;* 4/17/26 JB initial contact attempt via SimpleText
** ","17/Apr/26 2:51 PM;712020:7919ac37-40c1-4b22-a858-9d188e7777ec;* Client seeking rent assistance to prevent eviction
** 
* ",,,,,Done,29/Apr/26 10:01 AM
P0071,Name + DOB,Person P0071,NEIG-13926,51690,Connected Neighbor Profile,New Neighbor,,Johanna South,712020:3b2c2185-c76f-4d90-ad8c-9e260c73c318,Johanna South,712020:3b2c2185-c76f-4d90-ad8c-9e260c73c318,15/Apr/26 10:27 PM,22/Apr/26 9:23 AM,,Choosewell,HFTS,JCPS,SLCM,SNAP,,James Bryant,Johanna South,712020:7919ac37-40c1-4b22-a858-9d188e7777ec,712020:3b2c2185-c76f-4d90-ad8c-9e260c73c318,4,Louisville,SLCM,,Our House Of Favor ,32.0,Employed,,Not being evicted,Woman,Behavioral Health Care Path,Childcare Care Path,Children's Education,Healthcare Care Path,Was/is in the foster care system,,No,Rent- past due,2500.0,Aetna,16/Apr/26 12:00 AM,Yes,Sunset Management,Death in the family,Issues with child care,Reduction in hours at work,,,,Yes,Yes,Choosewell,Yes,,3,2,No,Call,Text,,english,she/her,White,0|i02cpr:,,,,,,A phone call to further explain where you would like assistance,,No,Food benefits - TANF/SNAP,Full-time employment,KY,LG&E,No,40214,2026-04-16 13:02:31.011,,16/Apr/26 9:02 AM;712020:7919ac37-40c1-4b22-a858-9d188e7777ec;4/16/26 JB initial contact attempt,,,,,,To Do,22/Apr/26 9:23 AM
P0394,Name + DOB,Person P0394,NEIG-13911,51630,New Profile,Referral Only,,Johanna South,712020:3b2c2185-c76f-4d90-ad8c-9e260c73c318,Johanna South,712020:3b2c2185-c76f-4d90-ad8c-9e260c73c318,15/Apr/26 2:14 PM,29/Apr/26 9:58 AM,,Aetna,JCPS,Passport,SLCM,SNAP,,James Bryant,Johanna South,712020:7919ac37-40c1-4b22-a858-9d188e7777ec,712020:3b2c2185-c76f-4d90-ad8c-9e260c73c318,5,Louisville ,SLCM,,Cornerstone Health ,43.0,"Employed, but need more hours and/or different work",Non-payment,Unknown,Woman,Behavioral Health Care Path,Children's Education,Financial Stability Care Path,Legal Assistance Care Path,Person with a physical or mental disability,,No,Rent- past due,3300.0,Aetna,15/Apr/26 12:00 AM,Yes,Michael Faurest ,In-patient rehabilitation,Loss of accessible transportation,Medical emergency or other health needs,Reduction in hours at work,Lost a job/had hours cut,1249.0,Yes,Yes,,No,2500.0,5,More than 5,No,Call,Text,Medicaid,English ,she/her,Black of African American,0|i02cmf:,Avoid an eviction,Find new housing,Get rental assistance,Stay out of court,37.848,An email with available resources and next steps,A phone call to further explain where you would like assistance,No,Food benefits - TANF/SNAP,Part-time employment,Ky,LG&E,Yes,40208-1542,2026-04-16 13:02:40.938,,16/Apr/26 9:02 AM;712020:7919ac37-40c1-4b22-a858-9d188e7777ec;4/16/26 JB initial contact attempt,16/Apr/26 1:05 PM;712020:7919ac37-40c1-4b22-a858-9d188e7777ec;Client wanted to follow up on resources sent to her previously,,,,,Done,29/Apr/26 9:58 AM
P0391,Name + DOB,Person P0391,NEIG-13898,51607,New Profile,Referral Only,,Johanna South,712020:3b2c2185-c76f-4d90-ad8c-9e260c73c318,Johanna South,712020:3b2c2185-c76f-4d90-ad8c-9e260c73c318,15/Apr/26 1:38 PM,17/Apr/26 1:13 PM,,LMHA,Passport,SAM,SNAP,,,James Bryant,Johanna South,712020:7919ac37-40c1-4b22-a858-9d188e7777ec,712020:3b2c2185-c76f-4d90-ad8c-9e260c73c318,3,Louisville,SAM,,Visionworks ,24.0,Unemployed but want to find work,,Not being evicted,Woman,Financial Stability Care Path,,,,,,No,Rent - nothing past due,0.0,Passport by Molina,15/Apr/26 12:00 AM,Yes,,Job loss,Loss of job,,,,,Yes,Yes,,No,,3,0,No,Call,Text,Medicaid,English ,she/her,Black of African American,0|i02cjj:,,,,,,A phone call to further explain where you would like assistance,,Yes,Food benefits - TANF/SNAP,No income,KY,LG&E,No,40216,2026-04-16 13:04:20.961,,16/Apr/26 9:04 AM;712020:7919ac37-40c1-4b22-a858-9d188e7777ec;4/16/26 JB initial contact attempt,16/Apr/26 12:23 PM;712020:7919ac37-40c1-4b22-a858-9d188e7777ec;Client seeking $453 in rent assistance,,,,,Done,17/Apr/26 1:13 PM
P0002,Name + DOB,Person P0002,NEIG-13883,51549,New Profile,Referral Only,,Johanna South,712020:3b2c2185-c76f-4d90-ad8c-9e260c73c318,Johanna South,712020:3b2c2185-c76f-4d90-ad8c-9e260c73c318,15/Apr/26 11:24 AM,29/Apr/26 9:56 AM,,JCPS,Passport,SNAP,SWCM,,,James Bryant,Johanna South,712020:7919ac37-40c1-4b22-a858-9d188e7777ec,712020:3b2c2185-c76f-4d90-ad8c-9e260c73c318,3,Louisville,SWCM,,,30.0,Unemployed but want to find work,,Currently being evicted,Woman,Financial Stability Care Path,Food Care Path,Pregnancy/Postpartum Care Path,,Pregnant or recently postpartum,,No,Rent- past due,0.0,Passport by Molina,15/Apr/26 12:00 AM,Yes,LERI ,Childbirth,Job loss,,,,,Yes,Yes,,No,,3,1,No,Text,,Medicaid,English,she/her,,0|i02cg7:,,,,,,An email with available resources and next steps,A phone call to further explain where you would like assistance,No,Food benefits - TANF/SNAP,No income,KY,LG&E,No,40272,2026-04-16 13:09:59.391,,16/Apr/26 9:09 AM;712020:7919ac37-40c1-4b22-a858-9d188e7777ec;4/16/26 JB initial contact,16/Apr/26 1:50 PM;712020:7919ac37-40c1-4b22-a858-9d188e7777ec;Client seeking $1350 in rent assisatnce,,,,,Done,29/Apr/26 9:56 AM
P0012,Name + DOB,Person P0012,NEIG-13854,51403,New Profile,Duplicate,,Johanna South,712020:3b2c2185-c76f-4d90-ad8c-9e260c73c318,Johanna South,712020:3b2c2185-c76f-4d90-ad8c-9e260c73c318,14/Apr/26 1:10 PM,22/Apr/26 9:19 AM,,Choosewell,HFTS,JCPS,Passport,SNAP,SVC,James Bryant,Johanna South,712020:7919ac37-40c1-4b22-a858-9d188e7777ec,712020:3b2c2185-c76f-4d90-ad8c-9e260c73c318,3,Louisville ,SVC,,SVDP ,30.0,Employed,,Not being evicted,Woman,Behavioral Health Care Path,Financial Stability Care Path,Social Support,Substance Use Services,Person with a physical or mental disability,Was/is in the foster care system,No,Rent- past due,1000.0,Passport by Molina,14/Apr/26 12:00 AM,No,Noir reality ,Job loss,,,,,,Yes,Yes,Most ,No,,0,1,No,Call,Text,Medicaid,English ,she/her,White,0|i02c9r:,,,,,,An email with available resources and next steps,A phone call to further explain where you would like assistance,No,Food benefits - TANF/SNAP,Part-time employment,Ky,LG&E,No,40212,2026-04-16 13:08:37.652,,16/Apr/26 9:08 AM;712020:7919ac37-40c1-4b22-a858-9d188e7777ec;4/16/26 JB initial contact,17/Apr/26 1:39 PM;712020:7919ac37-40c1-4b22-a858-9d188e7777ec;4/17/26 JB second contact attempt,"22/Apr/26 9:12 AM;712020:7919ac37-40c1-4b22-a858-9d188e7777ec;Client recently moved into a house after being homeless, is looking for household supplies, hygiene products, and basic neccessities",,,,Done,22/Apr/26 9:19 AM
P0222,Name + DOB,Person P0222,NEIG-13835,51370,New Profile,Referral Only,,Johanna South,712020:3b2c2185-c76f-4d90-ad8c-9e260c73c318,Johanna South,712020:3b2c2185-c76f-4d90-ad8c-9e260c73c318,14/Apr/26 11:36 AM,17/Apr/26 1:07 PM,,Eviction_Court,JCPS,SWCM,WellCare,,,James Bryant,Johanna South,712020:7919ac37-40c1-4b22-a858-9d188e7777ec,712020:3b2c2185-c76f-4d90-ad8c-9e260c73c318,2,Louisville ,SWCM,26/May/26 12:00 AM,Parkwood ,29.0,Unemployed but want to find work,Non-payment,Currently being evicted,Woman,Financial Stability Care Path,,,,,,No,Rent- past due,0.0,WellCare,14/Apr/26 12:00 AM,No,Glen Hill Manor ,Eviction,Job loss,Reduction in hours at work,Unexpected expense,Lost a job/had hours cut,572.0,Yes,Yes,,Yes,789.0,1,3,No,Call,Text,Medicare,English ,Other,Black of African American,0|i02c5j:,Avoid an eviction,Come up with a plan to pay back rent,Get rental assistance,,,A phone call to further explain where you would like assistance,,No,No income,Part-time employment,Kentucky ,,No,40272,2026-04-16 13:06:37.782,,16/Apr/26 9:06 AM;712020:7919ac37-40c1-4b22-a858-9d188e7777ec;4/16/26 JB initial contact attempt,"16/Apr/26 9:26 AM;712020:7919ac37-40c1-4b22-a858-9d188e7777ec;Client owes $1,679 in past due rent, reports being able to pay some towards it",,,,,Done,17/Apr/26 1:07 PM
P0314,Name + DOB,Person P0314,NEIG-13826,51355,New Profile,Referral Only,,Johanna South,712020:3b2c2185-c76f-4d90-ad8c-9e260c73c318,Johanna South,712020:3b2c2185-c76f-4d90-ad8c-9e260c73c318,14/Apr/26 10:34 AM,29/Apr/26 9:53 AM,,Immigrant,JCPS,SLCM,SNAP,Veteran,,James Bryant,Johanna South,712020:7919ac37-40c1-4b22-a858-9d188e7777ec,712020:3b2c2185-c76f-4d90-ad8c-9e260c73c318,4,Louisville,SLCM,,N/a,48.0,Unemployed but want to find work,,Unknown,Woman,Financial Stability Care Path,Food Care Path,,,Person with a physical or mental disability,Person with chronic health condition,No,Rent- past due,0.0,Passport by Molina,14/Apr/26 12:00 AM,No,Daniel ,Loss of job,Medical emergency or other health needs,,,Other,1000.0,Yes,Yes,,No,1000.0,2,4,No,Call,,Medicaid,English and Spanish,she/her,,0|i02c3j:,Avoid an eviction,Come up with a plan to pay back rent,Get rental assistance,Stay out of court,,A phone call to further explain where you would like assistance,,No,Food benefits - TANF/SNAP,No income,Kentucky,I don't know,No,40214,2026-04-16 13:05:58.827,,16/Apr/26 9:05 AM;712020:7919ac37-40c1-4b22-a858-9d188e7777ec;4/16/26 JB initial contact attempt,"16/Apr/26 1:25 PM;712020:7919ac37-40c1-4b22-a858-9d188e7777ec;Client seeking $290 past due rent, JB referred to Salvation Army",,,,,Done,29/Apr/26 9:53 AM
P0101,Name + DOB,Person P0101,NEIG-13824,51352,New Profile,Referral Only,,Johanna South,712020:3b2c2185-c76f-4d90-ad8c-9e260c73c318,Johanna South,712020:3b2c2185-c76f-4d90-ad8c-9e260c73c318,14/Apr/26 10:34 AM,07/Jul/26 11:37 AM,,Passport,SLCM,SNAP,,,,James Bryant,Johanna South,712020:7919ac37-40c1-4b22-a858-9d188e7777ec,712020:3b2c2185-c76f-4d90-ad8c-9e260c73c318,1,Louisville,SLCM,,Self Employed,42.0,"Employed, but need more hours and/or different work",,Not being evicted,Woman,,,,,,,No,Rent - nothing past due,700.0,Passport by Molina,14/Apr/26 12:00 AM,No,Cheri Riney,Medical emergency or other health needs,Reduction in hours at work,Unexpected expense,,,,Yes,Yes,,No,,1,2,No,,,Medicaid,English,she/her,White,0|i02c33:,,,,,,An email with available resources and next steps,,No,Food benefits - TANF/SNAP,Other,Ky,,No,40214,2026-04-16 13:05:47.02,,16/Apr/26 9:05 AM;712020:7919ac37-40c1-4b22-a858-9d188e7777ec;4/16/26 JB initial contact attempt,"16/Apr/26 3:00 PM;712020:7919ac37-40c1-4b22-a858-9d188e7777ec;Client seeking assistance with $1,248 in rent, has already accessed SLCM rent assistance last month",,,,,Done,17/Apr/26 1:05 PM
P0165,Name + DOB,Person P0165,NEIG-13817,51308,New Profile,Referral Only,,Johanna South,712020:3b2c2185-c76f-4d90-ad8c-9e260c73c318,Johanna South,712020:3b2c2185-c76f-4d90-ad8c-9e260c73c318,14/Apr/26 5:51 AM,29/Apr/26 4:25 PM,,JCPS,Passport,UCHM,,,,Johanna South,,712020:3b2c2185-c76f-4d90-ad8c-9e260c73c318,,1,Louisville ,,05/May/26 12:00 AM,Louisville metro,23.0,Employed,Non-payment,Currently being evicted,Man,,,,,,,No,Rent- past due,2900.0,Passport by Molina,14/Apr/26 12:00 AM,Yes,Lillian ,Eviction,Medical emergency or other health needs,Other,Reduction in hours at work,Have to pay other debt,1500.0,Yes,Yes,,Yes,3500.7,3,0,No,Call,Text,,English ,he/him,Black of African American,0|i02c1j:,Avoid an eviction,Come up with a plan to pay back rent,,,51.724,An email with available resources and next steps,A phone call to further explain where you would like assistance,No,Full-time employment,,Ky,LG&E,No,40206,,,,,,,,,Done,29/Apr/26 4:25 PM
P0173,Name + DOB,Person P0173,NEIG-13811,51234,New Profile,Referral Only,,Johanna South,712020:3b2c2185-c76f-4d90-ad8c-9e260c73c318,Johanna South,712020:3b2c2185-c76f-4d90-ad8c-9e260c73c318,13/Apr/26 9:16 PM,13/May/26 1:11 PM,,Eviction_Court,JCPS,Passport,SAM,,,James Bryant,Johanna South,712020:7919ac37-40c1-4b22-a858-9d188e7777ec,712020:3b2c2185-c76f-4d90-ad8c-9e260c73c318,4,Louisville ,SAM,22/Apr/26 12:00 AM,Jades Learning Jewels,32.0,Employed,Non-payment,Currently being evicted,Woman,,,,,,,No,Rent- past due,2500.0,Passport by Molina,14/Apr/26 12:00 AM,No,Mike Kroupa,Job loss,Medical emergency or other health needs,,,Lost a job/had hours cut,1570.0,Yes,Yes,,Yes,5300.0,4,1,No,Call,Text,Medicaid,English ,she/her,Black of African American,0|i02c07:,Avoid an eviction,Come up with a plan to pay back rent,Get rental assistance,,62.8,An email with available resources and next steps,A phone call to further explain where you would like assistance,No,Full-time employment,,Kentucky ,,No,40216,2026-04-14 12:37:00.894,,14/Apr/26 8:37 AM;712020:7919ac37-40c1-4b22-a858-9d188e7777ec;4/14/26 JB Initial Contact Attempt,"14/Apr/26 8:43 AM;712020:7919ac37-40c1-4b22-a858-9d188e7777ec;Client seeking assistance with $5,000 past due rent, client can put $2,500 towards it","13/May/26 1:11 PM;712020:7919ac37-40c1-4b22-a858-9d188e7777ec;Client submitted another intake, now owes around $4,500. JB instructed client to take out a loan, as otherwise there would be no other way to pay this balance. Since client is working again, this could be a good option.",,,,Done,17/Apr/26 1:03 PM
P0267,Name + DOB,Person P0267,NEIG-13783,51024,New Profile,Unable to Contact,,Johanna South,712020:3b2c2185-c76f-4d90-ad8c-9e260c73c318,Johanna South,712020:3b2c2185-c76f-4d90-ad8c-9e260c73c318,13/Apr/26 3:35 AM,21/Apr/26 2:52 PM,,SLCM,WellCare,,,,,James Bryant,Johanna South,712020:7919ac37-40c1-4b22-a858-9d188e7777ec,712020:3b2c2185-c76f-4d90-ad8c-9e260c73c318,1,Louisville ,SLCM,,,31.0,Unemployed but want to find work,Non-payment,Currently being evicted,Woman,Financial Stability Care Path,Food Care Path,Pregnancy/Postpartum Care Path,Transportation Care Path,Pregnant or recently postpartum,,No,Rent- past due,0.0,WellCare,13/Apr/26 12:00 AM,No,Simone simmons,Eviction,Incarceration,Job loss,Medical emergency or other health needs,Other,750.0,Yes,Yes,,Yes,500.0,0,1,No,Text,,Medicaid,English,she/her,White,0|i02btz:,Avoid an eviction,,,,,An email with available resources and next steps,A phone call to further explain where you would like assistance,No,No income,,Ky,,No,40215,2026-04-13 12:43:55.026,,13/Apr/26 8:43 AM;712020:7919ac37-40c1-4b22-a858-9d188e7777ec;4/13/26 JB initial contact via SimpleText,16/Apr/26 2:45 PM;712020:7919ac37-40c1-4b22-a858-9d188e7777ec;Client’s phone is disconnected,"21/Apr/26 2:52 PM;712020:7919ac37-40c1-4b22-a858-9d188e7777ec;4/21/26 JB sent intake welcome message via email, marking UTC until client responds",,,,Done,21/Apr/26 2:52 PM
P0241,Name + DOB,Person P0241,NEIG-13773,50911,New Profile,Referral Only,,Johanna South,712020:3b2c2185-c76f-4d90-ad8c-9e260c73c318,Johanna South,712020:3b2c2185-c76f-4d90-ad8c-9e260c73c318,11/Apr/26 3:46 AM,17/Apr/26 12:58 PM,,Aetna,JCPS,SLCM,SNAP,WellCare,,James Bryant,Johanna South,712020:7919ac37-40c1-4b22-a858-9d188e7777ec,712020:3b2c2185-c76f-4d90-ad8c-9e260c73c318,3,Louisville,SLCM,,,41.0,Unemployed but want to find work,,Unknown,Woman,Financial Stability Care Path,,,,Person with chronic health condition,Pregnant or recently postpartum,Yes,Rent- past due,0.0,Aetna,11/Apr/26 12:00 AM,Yes,Steve halbauer ,Childbirth,Job loss,Medical emergency or other health needs,,Lost a job/had hours cut,1100.0,Yes,Yes,,No,3000.0,2,2,No,Text,,Medicaid,English ,she/her,Black of African American,0|i02brr:,Avoid an eviction,Find new housing,Find public/subsidized housing,Get rental assistance,,An email with available resources and next steps,,No,Food benefits - TANF/SNAP,No income,Kentucky,LG&E,Yes,40208,2026-04-13 13:03:40.096,,"13/Apr/26 9:03 AM;712020:7919ac37-40c1-4b22-a858-9d188e7777ec;Client seeking assistance with LG&E, set to be disconnected soon",,,,,,Done,17/Apr/26 12:58 PM
P0325,Name + DOB,Person P0325,NEIG-13765,50833,New Profile,Follow Up,,Johanna South,712020:3b2c2185-c76f-4d90-ad8c-9e260c73c318,Johanna South,712020:3b2c2185-c76f-4d90-ad8c-9e260c73c318,10/Apr/26 9:56 PM,11/Jun/26 8:36 AM,,JCPS,Passport,Patriot_Derby,SLCM,SNAP,,James Bryant,Johanna South,712020:7919ac37-40c1-4b22-a858-9d188e7777ec,712020:3b2c2185-c76f-4d90-ad8c-9e260c73c318,4,Louisville ,SLCM,,,38.0,Unemployed but want to find work,,Not being evicted,Woman,Financial Stability Care Path,Food Care Path,Intimate Partner Violence Victim Care Path,Transportation Care Path,,,No,Unhoused,0.0,Passport by Molina,11/Apr/26 12:00 AM,No,,Loss of accessible transportation,Other,Reduction in or loss of benefits,Unexpected expense,,,Yes,Yes,,No,,2,3,No,Call,Text,Medicare,English ,she/her,Black of African American,0|i02bpz:,,,,,,An email with available resources and next steps,A phone call to further explain where you would like assistance,No,Food benefits - TANF/SNAP,No income,Ky,,No,40215,2026-04-13 12:44:54.837,,13/Apr/26 8:44 AM;712020:7919ac37-40c1-4b22-a858-9d188e7777ec;4/13/26 JB initial contact via SimpleText,"14/Apr/26 9:26 AM;712020:7919ac37-40c1-4b22-a858-9d188e7777ec;Client seeking first month’s rent and deposit at Patriot Derby, client has been living in their van. Client reports Patriot Derby instructed her to fill out the intake",,,,,In Progress,11/Jun/26 8:36 AM
P0021,Name + DOB,Person P0021,NEIG-13734,50650,New Profile,Referral Only,,Johanna South,712020:3b2c2185-c76f-4d90-ad8c-9e260c73c318,Johanna South,712020:3b2c2185-c76f-4d90-ad8c-9e260c73c318,10/Apr/26 7:57 AM,17/Apr/26 12:54 PM,,LMHA,MUSCL,United,,,,James Bryant,Johanna South,712020:7919ac37-40c1-4b22-a858-9d188e7777ec,712020:3b2c2185-c76f-4d90-ad8c-9e260c73c318,3,Louisville,MUSCL,21/Apr/26 12:00 AM,,25.0,Unemployed but want to find work,Non-payment,Currently being evicted,Woman,Financial Stability Care Path,,,,Person with a physical or mental disability,Pregnant or recently postpartum,No,Rent- past due,207.0,United Healthcare,10/Apr/26 12:00 AM,Yes,Briahna Graham,Death in the family,Issues with child care,Job loss,Loss of accessible transportation,Lost a job/had hours cut,298.0,Yes,Yes,,No,894.0,4,1,No,Text,,Medicare,English ,she/her,Black of African American,0|i02bj3:,Avoid an eviction,Come up with a plan to pay back rent,Find new housing,Stay out of court,143.961,An email with available resources and next steps,A phone call to further explain where you would like assistance,Yes,Part-time employment,,KY,LG&E,No,40217,2026-04-13 12:45:40.565,,13/Apr/26 8:45 AM;712020:7919ac37-40c1-4b22-a858-9d188e7777ec;4/13/26 JB initial contact via SimpleText,"13/Apr/26 9:11 AM;712020:7919ac37-40c1-4b22-a858-9d188e7777ec;Client seeking rent assistance. MUSCL already helped this neighbor, and she does not qualify for Hope and Door due to not having a job",,,,,Done,17/Apr/26 12:54 PM
P0350,Name + DOB,Person P0350,NEIG-13703,50497,New Profile,Referral Only,,Johanna South,712020:3b2c2185-c76f-4d90-ad8c-9e260c73c318,Johanna South,712020:3b2c2185-c76f-4d90-ad8c-9e260c73c318,09/Apr/26 8:34 AM,17/Apr/26 12:50 PM,,Aetna,HCM,SNAP,,,,James Bryant,Johanna South,712020:7919ac37-40c1-4b22-a858-9d188e7777ec,712020:3b2c2185-c76f-4d90-ad8c-9e260c73c318,4,LOUISVILLE,HCM,,,25.0,Unemployed and not looking for work,Non-payment,Unknown,Woman,Financial Stability Care Path,Pregnancy/Postpartum Care Path,,,Pregnant or recently postpartum,,No,Rent- past due,3200.0,Aetna,09/Apr/26 12:00 AM,Yes,,Childbirth,Eviction,Other,,Other,1540.0,Yes,Yes,Norton Women's & Children's hospital,Yes,0.0,3,2,No,Text,,Employee-coverage,English,she/her,Native Hawaiian or Other Pacific Islander,0|i02bc7:,Avoid an eviction,Come up with a plan to pay back rent,Get more time to move out,Get rental assistance,48.125,An email with available resources and next steps,A phone call to further explain where you would like assistance,No,Food benefits - TANF/SNAP,Full-time employment,KY,LG&E,No,40218,2026-04-09 17:01:41.592,,09/Apr/26 1:01 PM;712020:7919ac37-40c1-4b22-a858-9d188e7777ec;4/9/26 JB initial contact attempt,13/Apr/26 10:17 AM;712020:7919ac37-40c1-4b22-a858-9d188e7777ec;4/13/26 JB second contact attempt,"16/Apr/26 3:48 PM;712020:7919ac37-40c1-4b22-a858-9d188e7777ec;Client seeking rent assistance for $1750, client just owes for April currently. Client reports rent price was raised",,,,Done,17/Apr/26 12:50 PM
P0162,Name + DOB,Person P0162,NEIG-13691,50443,New Profile,Referral Only,,Johanna South,712020:3b2c2185-c76f-4d90-ad8c-9e260c73c318,Johanna South,712020:3b2c2185-c76f-4d90-ad8c-9e260c73c318,08/Apr/26 4:19 PM,17/Apr/26 12:46 PM,,MUSCL,United,,,,,James Bryant,Johanna South,712020:7919ac37-40c1-4b22-a858-9d188e7777ec,712020:3b2c2185-c76f-4d90-ad8c-9e260c73c318,2,Louisville,MUSCL,,N/A currently unemployed ,26.0,Unemployed but want to find work,Non-payment,Currently being evicted,Man,Financial Stability Care Path,Food Care Path,Healthcare Care Path,Legal Assistance Care Path,Pregnant or recently postpartum,,Yes,Rent- past due,900.0,United Healthcare,08/Apr/26 12:00 AM,Yes,Edge Property Management,Childbirth,Job loss,Loss of job,Medical emergency or other health needs,Withheld rent because of problems with my housing,925.0,Yes,Yes,,No,2000.0,1,2,No,Call,Text,Medicaid,English,he/him,Black of African American,0|i02b9j:,Avoid an eviction,Find new housing,Find public/subsidized housing,Get rental assistance,102.778,An email with available resources and next steps,A phone call to further explain where you would like assistance,No,No income,Part-time employment,Kentucky,LG&E,No,40213,2026-04-09 17:01:58.385,,09/Apr/26 1:01 PM;712020:7919ac37-40c1-4b22-a858-9d188e7777ec;4/9/26 JB initial contact attempt,"13/Apr/26 10:16 AM;712020:7919ac37-40c1-4b22-a858-9d188e7777ec;Client seeking assistance with two months of rent, JB referred to Hope and Door, client stopped responding",,,,,Done,17/Apr/26 12:46 PM
P0359,Name + DOB,Person P0359,NEIG-13687,50404,New Profile,Referral Only,,Johanna South,712020:3b2c2185-c76f-4d90-ad8c-9e260c73c318,Johanna South,712020:3b2c2185-c76f-4d90-ad8c-9e260c73c318,08/Apr/26 2:49 PM,17/Apr/26 12:45 PM,,HeritageGreen,JCPS,LMHA,Passport,SLCM,,James Bryant,Johanna South,712020:7919ac37-40c1-4b22-a858-9d188e7777ec,712020:3b2c2185-c76f-4d90-ad8c-9e260c73c318,2,Louisville,SLCM,,VXI,27.0,Employed,Lease ended,Currently being evicted,Woman,Financial Stability Care Path,,,,,,Yes,Rent- past due,2100.0,Passport by Molina,08/Apr/26 12:00 AM,Yes,Heritage Green,Eviction,Reduction in or loss of benefits,Unexpected expense,,Other,1400.0,Yes,Yes,,No,1400.0,2,1,No,Text,,Medicaid,English ,she/her,Black of African American,0|i02b8n:,Find new housing,Get more time to move out,,,66.667,An email with available resources and next steps,,Yes,Full-time employment,,KY,LG&E,No,40214-2252,2026-04-09 17:02:08.053,,09/Apr/26 1:02 PM;712020:7919ac37-40c1-4b22-a858-9d188e7777ec;4/9/26 JB initial contact attempt,,,,,,Done,17/Apr/26 12:45 PM
P0205,Name + DOB,Person P0205,NEIG-13674,50316,New Profile,Referral Only,,Johanna South,712020:3b2c2185-c76f-4d90-ad8c-9e260c73c318,Johanna South,712020:3b2c2185-c76f-4d90-ad8c-9e260c73c318,08/Apr/26 8:46 AM,17/Apr/26 12:44 PM,,Passport,SLCM,SNAP,,,,James Bryant,Johanna South,712020:7919ac37-40c1-4b22-a858-9d188e7777ec,712020:3b2c2185-c76f-4d90-ad8c-9e260c73c318,1,Louisville ,SLCM,,I’m currently in the process of finding new employment ,27.0,Unemployed but want to find work,Non-payment,Unknown,Woman,Financial Stability Care Path,Legal Assistance Care Path,,,Person with a physical or mental disability,,No,Rent- past due,0.0,Passport by Molina,08/Apr/26 12:00 AM,Yes,Cheryl ,Death in the family,Eviction,Job loss,Medical emergency or other health needs,Lost a job/had hours cut,860.0,Yes,Yes,,No,1600.0,1,0,No,Call,Text,Medicaid,English ,she/her,Black of African American,0|i02b5r:,Avoid an eviction,Get rental assistance,,,,An email with available resources and next steps,A phone call to further explain where you would like assistance,No,Food benefits - TANF/SNAP,No income,Ky,LG&E,No,40208,2026-04-09 17:02:29.228,,09/Apr/26 1:02 PM;712020:7919ac37-40c1-4b22-a858-9d188e7777ec;4/9/26 JB initial contact attempt,"13/Apr/26 10:15 AM;712020:7919ac37-40c1-4b22-a858-9d188e7777ec;Client behind two months on rent, JB referred to Hope and Door",,,,,Done,17/Apr/26 12:44 PM
P0007,Name + DOB,Person P0007,NEIG-13668,50246,New Profile,Referral Only,,Johanna South,712020:3b2c2185-c76f-4d90-ad8c-9e260c73c318,Johanna South,712020:3b2c2185-c76f-4d90-ad8c-9e260c73c318,07/Apr/26 3:22 PM,14/Apr/26 9:32 AM,,Aetna,FCHV,SNAP,TCB,Young-adult,,James Bryant,Johanna South,712020:7919ac37-40c1-4b22-a858-9d188e7777ec,712020:3b2c2185-c76f-4d90-ad8c-9e260c73c318,3,Louisville ,FCHV,,,20.0,Unemployed and not looking for work,,Not being evicted,Woman,,,,,,,No,Rent- past due,1500.0,Aetna,07/Apr/26 12:00 AM,Yes,TCB management ,Death in the family,Job loss,,,,,Yes,Yes,,No,,2,2,No,Text,,Medicaid,English ,she/her,White,0|i02b4f:,,,,,,An email with available resources and next steps,,No,Food benefits - TANF/SNAP,Other,Kentucky ,LG&E,No,40218,2026-04-09 17:02:52.663,,09/Apr/26 1:02 PM;712020:7919ac37-40c1-4b22-a858-9d188e7777ec;4/9/26 JB initial contact attempt,13/Apr/26 10:14 AM;712020:7919ac37-40c1-4b22-a858-9d188e7777ec;4/13/26 JB second contact attempt,,,,,Done,14/Apr/26 9:32 AM
P0040,Name + DOB,Person P0040,NEIG-13654,50200,New Profile,Referral Only,,Johanna South,712020:3b2c2185-c76f-4d90-ad8c-9e260c73c318,Johanna South,712020:3b2c2185-c76f-4d90-ad8c-9e260c73c318,07/Apr/26 12:41 PM,17/Apr/26 12:34 PM,,JCPS,Medicaid,SLCM,,,,James Bryant,Johanna South,712020:7919ac37-40c1-4b22-a858-9d188e7777ec,712020:3b2c2185-c76f-4d90-ad8c-9e260c73c318,3,Louisville ,SLCM,,,31.0,Unemployed but want to find work,,Not being evicted,Woman,,,,,,,No,Rent - nothing past due,0.0,Other,07/Apr/26 12:00 AM,Yes,LaVonda Horrar,Incarceration,,,,,,Yes,Yes,LG&E,Yes,,3,1,No,Text,,Medicaid,English,she/her,White,0|i02b1b:,,,,,,An email with available resources and next steps,,No,No income,,Ky,LG&E,No,40208,2026-04-09 17:04:23.903,,09/Apr/26 1:04 PM;712020:7919ac37-40c1-4b22-a858-9d188e7777ec;4/9/26 JB initial contact attempt,09/Apr/26 3:19 PM;712020:7919ac37-40c1-4b22-a858-9d188e7777ec;Client seeking LG&E Assistance,,,,,Done,17/Apr/26 12:34 PM
P0259,Name + DOB,Person P0259,NEIG-13635,50117,New Profile,Referral Only,,Johanna South,712020:3b2c2185-c76f-4d90-ad8c-9e260c73c318,Johanna South,712020:3b2c2185-c76f-4d90-ad8c-9e260c73c318,07/Apr/26 8:53 AM,07/Jul/26 11:03 AM,,Anthem,Fairdale,SLCM,,,,James Bryant,Johanna South,712020:7919ac37-40c1-4b22-a858-9d188e7777ec,712020:3b2c2185-c76f-4d90-ad8c-9e260c73c318,2,Fairdale,SLCM,15/Apr/26 12:00 AM,Norton Healthcare,25.0,Employed,Non-payment,Unknown,Woman,Healthcare Care Path,,,,Person with chronic health condition,,No,Rent- past due,0.0,Anthem,07/Apr/26 12:00 AM,No,Crossings at South Park,Medical emergency or other health needs,Onset of disability,,,Lost a job/had hours cut,1477.0,Yes,Yes,,No,927.0,2,1,No,Text,,Employee-coverage,English,she/her,Black of African American,0|i02ax3:,Avoid an eviction,Get rental assistance,,,,An email with available resources and next steps,A phone call to further explain where you would like assistance,No,Full-time employment,,KY,,No,40118,2026-04-09 17:04:50.959,,09/Apr/26 1:04 PM;712020:7919ac37-40c1-4b22-a858-9d188e7777ec;4/9/26 JB initial contact attempt,09/Apr/26 3:55 PM;712020:7919ac37-40c1-4b22-a858-9d188e7777ec;Client seeking $800 towards rent,,,,,Done,17/Apr/26 9:49 AM
P0266,Name + DOB,Person P0266,NEIG-13629,50076,New Profile,Referral Only,,Johanna South,712020:3b2c2185-c76f-4d90-ad8c-9e260c73c318,Johanna South,712020:3b2c2185-c76f-4d90-ad8c-9e260c73c318,07/Apr/26 2:20 AM,17/Apr/26 9:47 AM,,SWCM,United,,,,,James Bryant,Johanna South,712020:7919ac37-40c1-4b22-a858-9d188e7777ec,712020:3b2c2185-c76f-4d90-ad8c-9e260c73c318,1,Louisville,SWCM,,,32.0,Unemployed and not looking for work,,Not being evicted,Woman,Food Care Path,Pregnancy/Postpartum Care Path,,,Pregnant or recently postpartum,,No,Rent- past due,2461.0,United Healthcare,07/Apr/26 12:00 AM,Yes,Autumn lake moble home park,Childbirth,Reduction in hours at work,,,,,Yes,Yes,,No,,5,2,No,Text,,Medicaid,English,she/her,White,0|i02avr:,,,,,,An email with available resources and next steps,,No,Full-time employment,,KY,LG&E,No,40272,2026-04-09 17:05:09.725,,09/Apr/26 1:05 PM;712020:7919ac37-40c1-4b22-a858-9d188e7777ec;4/9/26 JB initial contact attempt,09/Apr/26 4:20 PM;712020:7919ac37-40c1-4b22-a858-9d188e7777ec;Seeking rent assistance after partner’s layoff,,,,,Done,17/Apr/26 9:47 AM
P0341,Name + DOB,Person P0341,NEIG-13612,50013,New Profile,Referral Only,,Johanna South,712020:3b2c2185-c76f-4d90-ad8c-9e260c73c318,Johanna South,712020:3b2c2185-c76f-4d90-ad8c-9e260c73c318,06/Apr/26 6:40 PM,17/Apr/26 9:43 AM,,Humana-Medicaid,JCPS,LMHA,SLCM,SNAP,,James Bryant,Johanna South,712020:7919ac37-40c1-4b22-a858-9d188e7777ec,712020:3b2c2185-c76f-4d90-ad8c-9e260c73c318,3,Louisville,SLCM,09/May/26 12:00 AM,,28.0,Unemployed but want to find work,Non-payment,Unknown,Woman,Childcare Care Path,Financial Stability Care Path,Food Care Path,Pregnancy/Postpartum Care Path,Pregnant or recently postpartum,,No,Rent- past due,400.0,Humana,06/Apr/26 12:00 AM,Yes,American acenue ,Issues with child care,Reduction in or loss of benefits,,,Change to public benefits,300.0,Yes,Yes,,No,798.0,3,1,No,Call,Text,Medicaid,English ,she/her,Black of African American,0|i02arz:,Avoid an eviction,Come up with a plan to pay back rent,Stay out of court,,75.0,An email with available resources and next steps,A phone call to further explain where you would like assistance,Yes,Food benefits - TANF/SNAP,,KY,LG&E,No,40215,2026-04-09 17:06:33.15,,"09/Apr/26 1:06 PM;712020:7919ac37-40c1-4b22-a858-9d188e7777ec;* 4/9/26 JB initial contact attempt
** ","09/Apr/26 4:14 PM;712020:7919ac37-40c1-4b22-a858-9d188e7777ec;Client seeking $764 in rent assistance, as well as utility reconnection",,,,,Done,17/Apr/26 9:43 AM
P0305,Name + DOB,Person P0305,NEIG-13606,49970,New Profile,Referral Only,,Johanna South,712020:3b2c2185-c76f-4d90-ad8c-9e260c73c318,Johanna South,712020:3b2c2185-c76f-4d90-ad8c-9e260c73c318,06/Apr/26 3:08 PM,17/Apr/26 1:34 PM,,Aetna,Eviction_Court,Humana-Medicaid,SLCM,,,James Bryant,Johanna South,712020:7919ac37-40c1-4b22-a858-9d188e7777ec,712020:3b2c2185-c76f-4d90-ad8c-9e260c73c318,2,Louisville,SLCM,24/Apr/25 12:00 AM,Premise Health,36.0,Unemployed and not looking for work,Non-payment,Unknown,Woman,Behavioral Health Care Path,Financial Stability Care Path,Food Care Path,Pregnancy/Postpartum Care Path,Person with a physical or mental disability,Person with chronic health condition,Yes,Rent- past due,0.0,Aetna,06/Apr/26 12:00 AM,Yes,Logan Brown,Childbirth,Eviction,Incarceration,Loss of accessible transportation,Lost a job/had hours cut,1362.0,Yes,Yes,,No,2724.0,1,2,No,Call,Text,Medicaid,English ,she/her,Black of African American,0|i02aqn:,Avoid an eviction,Get rental assistance,Stay out of court,,,An email with available resources and next steps,A phone call to further explain where you would like assistance,No,No income,,KY,LG&E,Yes,40215,2026-04-09 17:07:03.007,,09/Apr/26 1:07 PM;712020:7919ac37-40c1-4b22-a858-9d188e7777ec;4/9/26 JB initial contact attempt,09/Apr/26 4:26 PM;712020:7919ac37-40c1-4b22-a858-9d188e7777ec;Seeking rent and utility assistance,,,,,Done,17/Apr/26 1:34 PM
P0153,Name + DOB,Person P0153,NEIG-13565,49863,New Profile,Unable to Contact,,Johanna South,712020:3b2c2185-c76f-4d90-ad8c-9e260c73c318,Johanna South,712020:3b2c2185-c76f-4d90-ad8c-9e260c73c318,06/Apr/26 10:09 AM,29/May/26 2:58 PM,,HCM,JCPS,Passport,Young-adult,,,James Bryant,Johanna South,712020:7919ac37-40c1-4b22-a858-9d188e7777ec,712020:3b2c2185-c76f-4d90-ad8c-9e260c73c318,2,Louisville ,HCM,,Instacart,23.0,Unemployed but want to find work,Non-payment,Currently being evicted,Woman,Financial Stability Care Path,Legal Assistance Care Path,,,,,Yes,Rent- past due,1260.0,Passport by Molina,06/Apr/26 12:00 AM,No,Trish,Job loss,Medical emergency or other health needs,Other,Reduction in hours at work,Withheld rent because of problems with my housing,1260.0,Yes,Yes,,No,1630.0,2,1,No,Call,Text,Medicaid,English,she/her,White,0|i02ahj:,Avoid an eviction,Come up with a plan to pay back rent,Find new housing,,100.0,An email with available resources and next steps,A phone call to further explain where you would like assistance,No,Other,,KY,,No,40218,2026-04-09 17:10:26.897,,09/Apr/26 1:10 PM;712020:7919ac37-40c1-4b22-a858-9d188e7777ec;4/9/26 JB initial contact attempt,13/Apr/26 10:12 AM;712020:7919ac37-40c1-4b22-a858-9d188e7777ec;4/13/26 JB second contact attempt,"16/Apr/26 1:23 PM;712020:7919ac37-40c1-4b22-a858-9d188e7777ec;Client owes $1789 in past due rent, JB referred to HCM",,,,Done,29/May/26 2:58 PM
P0296,"Name only (matched existing person, DOB missing)",Person P0296,NEIG-13564,49862,Legal Assistance Care Path,External Org to Complete Goal,,James Bryant,712020:7919ac37-40c1-4b22-a858-9d188e7777ec,James Bryant,712020:7919ac37-40c1-4b22-a858-9d188e7777ec,06/Apr/26 9:23 AM,06/Apr/26 9:24 AM,,Eviction_Court,Passport,SLCM,,,,James Bryant,,712020:7919ac37-40c1-4b22-a858-9d188e7777ec,,0,,,,,,,,,,,,,,,,,,,,,No,,,,,,,,No,No,,,,,,,,,,,,,0|i02ahb:,,,,,,,,,,,,,No,,,,06/Apr/26 9:23 AM;712020:7919ac37-40c1-4b22-a858-9d188e7777ec;JB Referred to Legal Aid,,,48566.0,NEIG-13305,Nevaeh A veba,Done,06/Apr/26 9:24 AM
P0411,"Name only (no DOB, no other match)",Person P0411,NEIG-13557,49849,Children's Welfare (CPS),Unable to Contact/Stopped Communication,Won't Do,James Bryant,712020:7919ac37-40c1-4b22-a858-9d188e7777ec,James Bryant,712020:7919ac37-40c1-4b22-a858-9d188e7777ec,06/Apr/26 8:34 AM,17/Apr/26 1:29 PM,17/Apr/26 1:29 PM,JCPS,,,,,,James Bryant,,712020:7919ac37-40c1-4b22-a858-9d188e7777ec,,0,,,,,,,,,,,,,,,,,,,,,No,,,,,,,,No,No,,,,,,,,,,,,,0|i02afr:,,,,,,,,,,,,,No,,,10022_*:*_1_*:*_0_*|*_10013_*:*_1_*:*_968067498,,,,49762.0,NEIG-13545,Shanell Grider,Done,17/Apr/26 1:29 PM
P0340,Name + DOB,Person P0340,NEIG-13545,49762,New Profile,Referral Only,,Johanna South,712020:3b2c2185-c76f-4d90-ad8c-9e260c73c318,Johanna South,712020:3b2c2185-c76f-4d90-ad8c-9e260c73c318,06/Apr/26 4:03 AM,17/Apr/26 1:29 PM,,Anthem,Eviction_Court,JCPS,MUSCL,Passport,,James Bryant,Johanna South,712020:7919ac37-40c1-4b22-a858-9d188e7777ec,712020:3b2c2185-c76f-4d90-ad8c-9e260c73c318,4,Louisville,MUSCL,22/Apr/26 12:00 AM,Eastway Health and rehab,31.0,Employed,Non-payment,Currently being evicted,Woman,Behavioral Health Care Path,Childcare Care Path,Food Care Path,Transportation Care Path,,,No,Rent- past due,5000.0,Anthem,06/Apr/26 12:00 AM,No,Jefferson Green Apartments,Issues with child care,Loss of accessible transportation,Reduction in hours at work,,Lost a job/had hours cut,1393.0,Yes,Yes,child protective services ,Yes,6965.0,4,1,No,Text,,Employee-coverage,English,she/her,Black of African American,0|i02ad3:,Avoid an eviction,Come up with a plan to pay back rent,Find new housing,Get rental assistance,27.86,An email with available resources and next steps,A phone call to further explain where you would like assistance,No,Full-time employment,,KY,,No,40219,2026-04-06 14:26:40.228,,06/Apr/26 10:26 AM;712020:7919ac37-40c1-4b22-a858-9d188e7777ec;4/6/26 JB initial contact,"10/Apr/26 3:27 PM;712020:7919ac37-40c1-4b22-a858-9d188e7777ec;Client owes too much to qualify for rent assistance, JB referred to Legal Aid for representation, and recommended putting $3,000 that was saved up towards moving instead of trying to repay eviction debt",,,,,Done,17/Apr/26 1:29 PM
P0296,"Name only (matched existing person, DOB missing)",Person P0296,NEIG-13519,49587,Rent Assistance Care Path,External Org to Complete Goal,,James Bryant,712020:7919ac37-40c1-4b22-a858-9d188e7777ec,James Bryant,712020:7919ac37-40c1-4b22-a858-9d188e7777ec,03/Apr/26 11:26 AM,03/Apr/26 11:27 AM,,Eviction_Court,Passport,SLCM,,,,James Bryant,,712020:7919ac37-40c1-4b22-a858-9d188e7777ec,,0,,,,,,,,,,,,,,,,,,,,,No,,,,,,,,No,No,,,,,,,,,,,,,0|i02a7b:,,,,,,,,,,,,,No,,,,03/Apr/26 11:27 AM;712020:7919ac37-40c1-4b22-a858-9d188e7777ec;JB referred to Hope and Door,,,48566.0,NEIG-13305,Nevaeh A veba,Done,03/Apr/26 11:27 AM
P0312,"Name only (matched existing person, DOB missing)",Person P0312,NEIG-13509,49567,Basic Supplies,External Org to Complete Goal,,James Bryant,712020:7919ac37-40c1-4b22-a858-9d188e7777ec,James Bryant,712020:7919ac37-40c1-4b22-a858-9d188e7777ec,03/Apr/26 10:44 AM,03/Apr/26 2:46 PM,,Aetna,JCPS,LMHA,Passport,Patriot_Derby,SLCM,James Bryant,,712020:7919ac37-40c1-4b22-a858-9d188e7777ec,,0,,,,,,,,,,,,,,,,,,,,,No,,,,,,,,No,No,,,,,,,,,,,,,0|i02a53:,,,,,,,,,,,,,No,,,,"03/Apr/26 2:46 PM;712020:7919ac37-40c1-4b22-a858-9d188e7777ec;JB sent SLCM clothes handout, referred to Infant Resources, and FRYSCs",,,47608.0,NEIG-13125,Raven e combs,Done,03/Apr/26 2:46 PM
P0065,"Name only (matched existing person, DOB missing)",Person P0065,NEIG-13508,49565,House Navigation Care Path,External Org to Complete Goal,Done,James Bryant,712020:7919ac37-40c1-4b22-a858-9d188e7777ec,James Bryant,712020:7919ac37-40c1-4b22-a858-9d188e7777ec,03/Apr/26 10:41 AM,03/Apr/26 10:41 AM,03/Apr/26 10:41 AM,CLCM,JCPS,WellCare,,,,James Bryant,,712020:7919ac37-40c1-4b22-a858-9d188e7777ec,,0,,,,,,,,,,,,,,,,,,,,,No,,,,,,,,No,No,,,,,,,,,,,,,0|i02a4v:,,,,,,,,,,,,,No,,,10013_*:*_1_*:*_9229_*|*_10034_*:*_1_*:*_0,,,,47505.0,NEIG-13104,breia shrivers,Done,03/Apr/26 10:41 AM
P0221,"Name only (matched existing person, DOB missing)",Person P0221,NEIG-13507,49563,House Navigation Care Path,New,,James Bryant,712020:7919ac37-40c1-4b22-a858-9d188e7777ec,James Bryant,712020:7919ac37-40c1-4b22-a858-9d188e7777ec,03/Apr/26 10:16 AM,03/Apr/26 10:16 AM,,Passport,SNAP,SVC,,,,James Bryant,,712020:7919ac37-40c1-4b22-a858-9d188e7777ec,,0,,,,,,,,,,,,,,,,,,,,,No,,,,,,,,No,No,,,,,,,,,,,,,0|i02a4n:,,,,,,,,,,,,,No,,,,,,,47865.0,NEIG-13197,Kaleasha Thurston,To Do,03/Apr/26 10:16 AM
P0221,"Name only (matched existing person, DOB missing)",Person P0221,NEIG-13506,49561,Child Care Path,External Org to Complete Goal,,James Bryant,712020:7919ac37-40c1-4b22-a858-9d188e7777ec,James Bryant,712020:7919ac37-40c1-4b22-a858-9d188e7777ec,03/Apr/26 10:15 AM,03/Apr/26 10:15 AM,,Passport,SNAP,SVC,,,,James Bryant,,712020:7919ac37-40c1-4b22-a858-9d188e7777ec,,0,,,,,,,,,,,,,,,,,,,,,No,,,,,,,,No,No,,,,,,,,,,,,,0|i02a4f:,,,,,,,,,,,,,No,,,,03/Apr/26 10:15 AM;712020:7919ac37-40c1-4b22-a858-9d188e7777ec;JB referred to Head Start,,,47865.0,NEIG-13197,Kaleasha Thurston,Done,03/Apr/26 10:15 AM
P0292,Name + DOB,Person P0292,NEIG-13492,49502,New Profile,Referral Only,,Johanna South,712020:3b2c2185-c76f-4d90-ad8c-9e260c73c318,Johanna South,712020:3b2c2185-c76f-4d90-ad8c-9e260c73c318,02/Apr/26 3:52 PM,17/Apr/26 9:18 AM,,Passport,SLCM,,,,,James Bryant,Johanna South,712020:7919ac37-40c1-4b22-a858-9d188e7777ec,712020:3b2c2185-c76f-4d90-ad8c-9e260c73c318,1,Louisville ,SLCM,,Right at home ,25.0,Employed,,Not being evicted,Woman,Financial Stability Care Path,Legal Assistance Care Path,Transportation Care Path,,,,No,Rent- past due,2000.0,Passport by Molina,02/Apr/26 12:00 AM,No,,Loss of accessible transportation,Loss of job,Unexpected expense,,,,Yes,Yes,,No,,1,0,No,Call,Text,Medicaid,English ,she/her,Black of African American,0|i02a1b:,,,,,,An email with available resources and next steps,A phone call to further explain where you would like assistance,No,Part-time employment,,KY,,No,40214,2026-04-06 14:27:16.09,,06/Apr/26 10:27 AM;712020:7919ac37-40c1-4b22-a858-9d188e7777ec;4/6/26 JB initial contact,08/Apr/26 2:42 PM;712020:7919ac37-40c1-4b22-a858-9d188e7777ec;Client seeking rent assistance,,,,,Done,17/Apr/26 9:18 AM
P0323,Name + DOB,Person P0323,NEIG-13484,49456,New Profile,Referral Only,,Johanna South,712020:3b2c2185-c76f-4d90-ad8c-9e260c73c318,Johanna South,712020:3b2c2185-c76f-4d90-ad8c-9e260c73c318,02/Apr/26 1:56 PM,08/Jul/26 4:23 PM,,JCPS,Passport,SLCM,SSDI,,,James Bryant,Johanna South,712020:7919ac37-40c1-4b22-a858-9d188e7777ec,712020:3b2c2185-c76f-4d90-ad8c-9e260c73c318,1,Louisville,SLCM,,UPS ,40.0,"Employed, but need more hours and/or different work",,Not being evicted,Woman,Childcare Care Path,Pregnancy/Postpartum Care Path,,,Person with a physical or mental disability,Pregnant or recently postpartum,No,Rent- past due,2500.0,Passport by Molina,02/Apr/26 12:00 AM,Yes,The Kensington ,Issues with child care,Loss of accessible transportation,Reduction in hours at work,Reduction in or loss of benefits,,,Yes,Yes,,No,,2,2,No,Call,Text,Medicaid,English,she/her,White,0|i029zj:,,,,,,A phone call to further explain where you would like assistance,,No,Full-time employment,Social Security - SSI/SSDI,KY,LG&E,No,40214,2026-04-06 14:28:30.633,,06/Apr/26 10:28 AM;712020:7919ac37-40c1-4b22-a858-9d188e7777ec;4/6/26 JB initial contact,08/Apr/26 8:42 AM;712020:7919ac37-40c1-4b22-a858-9d188e7777ec;Client seeking rent and/or LG&E assistance,,,,,Done,17/Apr/26 9:17 AM
P0120,Name + DOB,Person P0120,NEIG-13406,48935,New Profile,Referral Only,,Johanna South,712020:3b2c2185-c76f-4d90-ad8c-9e260c73c318,Johanna South,712020:3b2c2185-c76f-4d90-ad8c-9e260c73c318,31/Mar/26 3:05 PM,08/Apr/26 1:16 PM,,JCPS,LMHA,Passport,SSDI,SVC,,James Bryant,Johanna South,712020:7919ac37-40c1-4b22-a858-9d188e7777ec,712020:3b2c2185-c76f-4d90-ad8c-9e260c73c318,3,Louisville ,,,1555,43.0,Unemployed and not looking for work,,Not being evicted,Woman,,,,,Pregnant or recently postpartum,,No,Rent - nothing past due,1555.0,Passport by Molina,31/Mar/26 12:00 AM,Yes,Ms.terry,Other,,,,,,Yes,Yes,,Yes,,0,1,No,Call,Text,Medicaid,English ,he/him,Black of African American,0|i029i7:,,,,,,A phone call to further explain where you would like assistance,,Yes,Social Security - SSI/SSDI,,Ky,LG&E,No,40212,2026-04-06 14:30:08.113,,06/Apr/26 10:30 AM;712020:7919ac37-40c1-4b22-a858-9d188e7777ec;4/6/26 JB initial contact,,,,,,Done,08/Apr/26 1:16 PM
P0229,Name + DOB,Person P0229,NEIG-13372,48811,New Profile,Referral Only,,Johanna South,712020:3b2c2185-c76f-4d90-ad8c-9e260c73c318,Johanna South,712020:3b2c2185-c76f-4d90-ad8c-9e260c73c318,31/Mar/26 9:42 AM,17/Apr/26 1:25 PM,,Aetna,JCPS,SLCM,WellCare,,,James Bryant,Johanna South,712020:7919ac37-40c1-4b22-a858-9d188e7777ec,712020:3b2c2185-c76f-4d90-ad8c-9e260c73c318,3,Louisville ,SLCM,,River city bats ,24.0,"Employed, but need more hours and/or different work",Non-payment,Unknown,Woman,Food Care Path,,,,Person with a physical or mental disability,Was/is in the foster care system,No,Rent- past due,994.0,Aetna,31/Mar/26 12:00 AM,Yes,Joseph Nelson ,Death in the family,Loss of job,Other,Reduction in hours at work,Lost a job/had hours cut,1055.0,Yes,Yes,,No,350.0,2,2,No,Call,Text,Medicaid,English,she/her,White,0|i029an:,Avoid an eviction,Come up with a plan to pay back rent,Get rental assistance,Stay out of court,106.137,A phone call to further explain where you would like assistance,,No,Other,,Ky,LG&E,No,40214,2026-03-31 13:45:18.063,,"31/Mar/26 9:45 AM;712020:7919ac37-40c1-4b22-a858-9d188e7777ec;Client is Paula Cook’s daughter, seeking rent assistance",,,,,,Done,17/Apr/26 1:25 PM
P0093,Name + DOB,Person P0093,NEIG-13367,48770,New Profile,Referral Only,,Johanna South,712020:3b2c2185-c76f-4d90-ad8c-9e260c73c318,Johanna South,712020:3b2c2185-c76f-4d90-ad8c-9e260c73c318,30/Mar/26 7:05 PM,17/Apr/26 8:53 AM,,JCPS,Passport,SLCM,SNAP,,,James Bryant,Johanna South,712020:7919ac37-40c1-4b22-a858-9d188e7777ec,712020:3b2c2185-c76f-4d90-ad8c-9e260c73c318,3,Louisville,SLCM,,,45.0,Other,,Not being evicted,Woman,Financial Stability Care Path,Food Care Path,Transportation Care Path,,LGBTQIA+,Person with a physical or mental disability,Yes,Rent - nothing past due,2000.0,Passport by Molina,30/Mar/26 12:00 AM,Yes,I do not know. I go through Nexus Property Management ,Household member left,Issues with child care,Loss of accessible transportation,Loss of job,,,Yes,Yes,,No,,2,2,No,Text,,Medicaid,English ,she/her,White,0|i0299j:,,,,,,An email with available resources and next steps,,No,Food benefits - TANF/SNAP,Other,Ky,LG&E,No,40214,2026-03-31 13:27:33.183,,31/Mar/26 9:27 AM;712020:7919ac37-40c1-4b22-a858-9d188e7777ec;3/31/26 JB initial contact attempt,03/Apr/26 11:30 AM;712020:7919ac37-40c1-4b22-a858-9d188e7777ec;4/3/26 JB second contact attempt,"03/Apr/26 11:35 AM;712020:7919ac37-40c1-4b22-a858-9d188e7777ec;Client reports looking for food, a vehicle, LG&E assistance, and “possibly rent”. Client filled out the intake due to reading a post from Clare on social media stating that the program was back.",,,,Done,17/Apr/26 8:53 AM
P0296,Name + DOB,Person P0296,NEIG-13305,48566,New Profile,Referral Only,,Johanna South,712020:3b2c2185-c76f-4d90-ad8c-9e260c73c318,Johanna South,712020:3b2c2185-c76f-4d90-ad8c-9e260c73c318,30/Mar/26 9:02 AM,06/Apr/26 9:22 AM,,Eviction_Court,Passport,SLCM,,,,James Bryant,Johanna South,712020:7919ac37-40c1-4b22-a858-9d188e7777ec,712020:3b2c2185-c76f-4d90-ad8c-9e260c73c318,3,Louisville,SLCM,18/May/26 12:00 AM,Fed ex,22.0,"Employed, but need more hours and/or different work",Non-payment,Unknown,Woman,,,,,Pregnant or recently postpartum,,No,Rent- past due,1000.0,Passport by Molina,30/Mar/26 12:00 AM,Yes,Alasha,Job loss,Loss of job,,,Lost a job/had hours cut,1400.0,Yes,Yes,,No,3500.0,3,1,No,Call,Text,Medicaid,English ,she/her,Black of African American,0|i028vr:,Avoid an eviction,Get rental assistance,Stay out of court,,140.0,A phone call to further explain where you would like assistance,,No,Part-time employment,,KY,LG&E,No,40214,2026-04-03 15:23:17.832,,"03/Apr/26 11:23 AM;712020:7919ac37-40c1-4b22-a858-9d188e7777ec;3/31/26 JB initial contact attempt
4/3/26 JB second contact attempt",03/Apr/26 11:24 AM;712020:7919ac37-40c1-4b22-a858-9d188e7777ec;Client seeking rent assistance,,,,,Done,06/Apr/26 9:22 AM
P0083,Name + DOB,Person P0083,NEIG-13289,48442,New Profile,Referral Only,,Johanna South,712020:3b2c2185-c76f-4d90-ad8c-9e260c73c318,Johanna South,712020:3b2c2185-c76f-4d90-ad8c-9e260c73c318,28/Mar/26 5:44 PM,06/Apr/26 9:22 AM,,JCPS,LMHA,SLCM,SNAP,United,,James Bryant,Johanna South,712020:7919ac37-40c1-4b22-a858-9d188e7777ec,712020:3b2c2185-c76f-4d90-ad8c-9e260c73c318,1,Louisville,SLCM,,,29.0,Unemployed but want to find work,,Not being evicted,Woman,Behavioral Health Care Path,Pregnancy/Postpartum Care Path,,,Pregnant or recently postpartum,,Yes,Rent - nothing past due,550.0,United Healthcare,28/Mar/26 12:00 AM,Yes,,Death in the family,,,,,,Yes,Yes,,No,,3,1,No,Call,Text,Medicaid,English ,she/her,Black of African American,0|i028s7:,,,,,,An email with available resources and next steps,,Yes,Food benefits - TANF/SNAP,No income,Kentucky ,LG&E,No,40215,2026-04-01 13:35:59.544,,01/Apr/26 9:35 AM;712020:7919ac37-40c1-4b22-a858-9d188e7777ec;Client seeking LG&E assistance,,,,,,Done,06/Apr/26 9:22 AM
P0058,Name + DOB,Person P0058,NEIG-13273,48350,New Profile,Referral Only,,Johanna South,712020:3b2c2185-c76f-4d90-ad8c-9e260c73c318,Johanna South,712020:3b2c2185-c76f-4d90-ad8c-9e260c73c318,27/Mar/26 1:16 PM,17/Apr/26 1:19 PM,,Beacon,Catholic_Charities,Immigrant,JCPS,Medicaid,SLCM,Johanna South,,712020:3b2c2185-c76f-4d90-ad8c-9e260c73c318,,1,Louisville,SLCM,,,30.0,Unemployed but want to find work,,Not being evicted,Woman,Financial Stability Care Path,Food Care Path,,,Refugee or Immigrant,,No,Rent - nothing past due,0.0,I don't know,27/Mar/26 12:00 AM,No,Partridge Pointe Apartments (Beacon Property Management),Job loss,,,,,,Yes,Yes,"Tom Dunn, Catholic Charities, 502-260-7683",Yes,,3,1,No,Call,,Medicaid,Swahili,she/her,Black of African American,0|i028on:,,,,,,A phone call to further explain where you would like assistance,,No,No income,,KY,,No,40215,,,,,,,,,Done,17/Apr/26 1:19 PM
P0094,Name + DOB,Person P0094,NEIG-13266,48305,New Profile,Referral Only,,Johanna South,712020:3b2c2185-c76f-4d90-ad8c-9e260c73c318,Johanna South,712020:3b2c2185-c76f-4d90-ad8c-9e260c73c318,27/Mar/26 12:04 PM,17/Apr/26 1:24 PM,,Aetna,Eviction_Court,SWCM,,,,James Bryant,Johanna South,712020:7919ac37-40c1-4b22-a858-9d188e7777ec,712020:3b2c2185-c76f-4d90-ad8c-9e260c73c318,4,Louisville ,SWCM,22/Apr/26 12:00 AM,,21.0,Unemployed but want to find work,Non-payment,Currently being evicted,Woman,Childcare Care Path,Financial Stability Care Path,Pregnancy/Postpartum Care Path,Transportation Care Path,Pregnant or recently postpartum,,No,Rent- past due,1200.0,Aetna,27/Mar/26 12:00 AM,No,,Issues with child care,Job loss,Loss of accessible transportation,Reduction in hours at work,Lost a job/had hours cut,1250.0,Yes,Yes,,No,3000.0,3,2,No,Call,Text,Medicare,English,she/her,White,0|i028n3:,Avoid an eviction,Come up with a plan to pay back rent,Get more time to move out,Get rental assistance,104.167,An email with available resources and next steps,A phone call to further explain where you would like assistance,No,Full-time employment,No income,Ky,I don't know,No,40272,2026-03-31 14:00:57.514,,"31/Mar/26 10:00 AM;712020:7919ac37-40c1-4b22-a858-9d188e7777ec;Client seeking rent assistance, stopped responding after resources for that were sent",,,,,,Done,17/Apr/26 1:24 PM
P0257,Name + DOB,Person P0257,NEIG-13255,48253,New Profile,Unable to Contact,,Johanna South,712020:3b2c2185-c76f-4d90-ad8c-9e260c73c318,Johanna South,712020:3b2c2185-c76f-4d90-ad8c-9e260c73c318,27/Mar/26 10:35 AM,13/Apr/26 9:27 AM,,EACM,Eviction_Court,JCPS,SNAP,United,WellCare,James Bryant,Johanna South,712020:7919ac37-40c1-4b22-a858-9d188e7777ec,712020:3b2c2185-c76f-4d90-ad8c-9e260c73c318,2,Louisville,EACM,07/Apr/26 12:00 AM,Self-Employed,43.0,Employed,Non-payment,Currently being evicted,Woman,,,,,Person with chronic health condition,,No,Rent- past due,3000.0,United Healthcare,27/Mar/26 12:00 AM,Yes,Westport Woods - PDG Realty,Reduction in hours at work,Unexpected expense,,,Lost a job/had hours cut,1535.0,Yes,Yes,,No,4605.0,2,1,No,Call,Text,Medicaid,English ,she/her,Black of African American,0|i028kn:,Avoid an eviction,Stay out of court,,,51.167,An email with available resources and next steps,A phone call to further explain where you would like assistance,No,Food benefits - TANF/SNAP,Part-time employment,KY,LG&E,No,40245,2026-04-03 15:20:25.309,,"03/Apr/26 11:20 AM;712020:7919ac37-40c1-4b22-a858-9d188e7777ec;3/31/26 JB initial contact attempt
4/3/26 JB second contact attempt",10/Apr/26 3:15 PM;712020:7919ac37-40c1-4b22-a858-9d188e7777ec;4/10/26 JB third contact attempt via phone call,13/Apr/26 9:27 AM;712020:7919ac37-40c1-4b22-a858-9d188e7777ec;4/13/26 JB sent intake welcome message via email. Marking UTC unless client responds,,,,Done,13/Apr/26 9:27 AM
P0039,Name + DOB,Person P0039,NEIG-13242,48134,New Profile,Duplicate,,Johanna South,712020:3b2c2185-c76f-4d90-ad8c-9e260c73c318,Johanna South,712020:3b2c2185-c76f-4d90-ad8c-9e260c73c318,26/Mar/26 1:30 PM,31/Mar/26 8:48 AM,,Beacon,Catholic_Charities,Passport,SNAP,,,Johanna South,,712020:3b2c2185-c76f-4d90-ad8c-9e260c73c318,,3,louisville,,,,22.0,Unemployed but want to find work,,Not being evicted,Woman,Financial Stability Care Path,Food Care Path,Pregnancy/Postpartum Care Path,Transportation Care Path,,,No,Rent- past due,0.0,Passport by Molina,26/Mar/26 12:00 AM,No,,,,,,,,Yes,Yes,,No,,3,4,No,Text,,Medicaid,swahli,she/her,Black of African American,0|i028hr:,,,,,,,,No,Food benefits - TANF/SNAP,,kentucky,LG&E,No,40215,,,,,,,,,Done,31/Mar/26 8:48 AM
P0214,Name + DOB,Person P0214,NEIG-13236,48093,New Profile,Referral Only,,Johanna South,712020:3b2c2185-c76f-4d90-ad8c-9e260c73c318,Johanna South,712020:3b2c2185-c76f-4d90-ad8c-9e260c73c318,26/Mar/26 11:04 AM,10/Apr/26 3:13 PM,,FamilyScholarHouse,LMHA,MUSCL,SNAP,United,,James Bryant,Johanna South,712020:7919ac37-40c1-4b22-a858-9d188e7777ec,712020:3b2c2185-c76f-4d90-ad8c-9e260c73c318,1,Louisville ,MUSCL,,,24.0,Unemployed and not looking for work,,Not being evicted,Woman,,,,,Pregnant or recently postpartum,,No,Rent - nothing past due,0.0,United Healthcare,26/Mar/26 12:00 AM,No,Briahna Graham,Issues with child care,Loss of accessible transportation,Reduction in hours at work,,,,Yes,Yes,,No,,1,1,No,Text,,Medicaid,English ,she/her,,0|i028gf:,,,,,,An email with available resources and next steps,,Yes,Food benefits - TANF/SNAP,No income,Kentucky ,,No,40217,2026-04-10 19:11:50.588,,"10/Apr/26 3:11 PM;712020:7919ac37-40c1-4b22-a858-9d188e7777ec;3/31/26 JB initial contact attempt
4/3/26 JB second contact attempt",10/Apr/26 3:13 PM;712020:7919ac37-40c1-4b22-a858-9d188e7777ec;Client no longer needs assistance,,,,,Done,10/Apr/26 3:13 PM
P0123,Name + DOB,Person P0123,NEIG-13220,48001,New Profile,Referral Only,,Johanna South,712020:3b2c2185-c76f-4d90-ad8c-9e260c73c318,Johanna South,712020:3b2c2185-c76f-4d90-ad8c-9e260c73c318,26/Mar/26 9:17 AM,06/Apr/26 9:16 AM,,Eviction_Court,JCPS,SLCM,SNAP,SSDI,,James Bryant,Johanna South,712020:7919ac37-40c1-4b22-a858-9d188e7777ec,712020:3b2c2185-c76f-4d90-ad8c-9e260c73c318,1,louisville,SLCM,27/Apr/26 12:00 AM,,44.0,Unemployed but want to find work,Non-payment,Currently being evicted,Woman,Financial Stability Care Path,Legal Assistance Care Path,,,,,Yes,Rent- past due,1246.0,Passport by Molina,26/Mar/26 12:00 AM,Yes,Wade Gavin,Job loss,Loss of job,,,Lost a job/had hours cut,850.0,Yes,Yes,,Yes,2550.0,2,3,No,Call,Text,Medicaid,English ,she/her,White,0|i028cv:,Avoid an eviction,Come up with a plan to pay back rent,Get rental assistance,Stay out of court,68.218,An email with available resources and next steps,A phone call to further explain where you would like assistance,No,Food benefits - TANF/SNAP,Social Security - SSI/SSDI,ky,LG&E,No,40215,2026-04-03 15:18:25.352,,"03/Apr/26 11:18 AM;712020:7919ac37-40c1-4b22-a858-9d188e7777ec;3/31/26 JB initial contact attempt
4/3/26 JB second contact attempt","03/Apr/26 2:25 PM;712020:7919ac37-40c1-4b22-a858-9d188e7777ec;Client is being evicted, and owes at least $3,000 over the last 4 months. Client also has past due water and LG&E. Client’s son’s SSDI had an issue and will not be reinstated until next month. Client is on LMHA HCV waitlist, #572.",,,,,Done,06/Apr/26 9:16 AM
P0055,Name + DOB,Person P0055,NEIG-13213,47957,New Profile,Duplicate,,Johanna South,712020:3b2c2185-c76f-4d90-ad8c-9e260c73c318,Johanna South,712020:3b2c2185-c76f-4d90-ad8c-9e260c73c318,26/Mar/26 8:11 AM,02/Apr/26 11:49 AM,,EACM,SNAP,,,,,Johanna South,,712020:3b2c2185-c76f-4d90-ad8c-9e260c73c318,,1,Louisville ,EACM,04/May/26 12:00 AM,N/S,49.0,Unemployed but want to find work,Non-payment,Unknown,Woman,Financial Stability Care Path,Legal Assistance Care Path,,,,,No,Rent- past due,450.0,Passport by Molina,26/Mar/26 12:00 AM,Yes,Cathy baker,Eviction,Issues with child care,Job loss,Loss of accessible transportation,Lost a job/had hours cut,1150.0,Yes,Yes,No,No,2300.0,2,2,No,Call,Text,Medicare,English ,she/her,Black of African American,0|i028bb:,Avoid an eviction,Find new housing,Find public/subsidized housing,Get more time to move out,255.556,A phone call to further explain where you would like assistance,,No,Food benefits - TANF/SNAP,,Kentucky ,LG&E,No,40341,,,,,,,,,Done,02/Apr/26 11:49 AM
P0098,Name + DOB,Person P0098,NEIG-13201,47903,New Profile,Referral Only,,Johanna South,712020:3b2c2185-c76f-4d90-ad8c-9e260c73c318,Johanna South,712020:3b2c2185-c76f-4d90-ad8c-9e260c73c318,25/Mar/26 11:03 PM,06/Apr/26 9:14 AM,,Immigrant,JCPS,SLCM,spanish-speaking,,,James Bryant,Johanna South,712020:7919ac37-40c1-4b22-a858-9d188e7777ec,712020:3b2c2185-c76f-4d90-ad8c-9e260c73c318,1,Louisville,SLCM,,,32.0,Unemployed but want to find work,,Not being evicted,Woman,Childcare Care Path,Children's Education,Financial Stability Care Path,Food Care Path,Refugee or Immigrant,,No,Rent - nothing past due,900.0,Other,26/Mar/26 12:00 AM,Yes,Tracey Kamer,Job loss,Loss of job,Onset of disability,,,,Yes,Yes,Marlin Jaramillo,Yes,,3,1,No,Text,,Medicaid,Spanish,she/her,,0|i0288n:,,,,,,An email with available resources and next steps,A phone call to further explain where you would like assistance,No,No income,,KY,LG&E,No,40215,2026-04-03 15:16:58.284,,"03/Apr/26 11:16 AM;712020:7919ac37-40c1-4b22-a858-9d188e7777ec;3/31/26 JB initial contact attempt
4/3/26 JB second contact attempt","03/Apr/26 3:07 PM;712020:7919ac37-40c1-4b22-a858-9d188e7777ec;Client is already in utility assistance intake, does not seem to be interested in other help",,,,,Done,06/Apr/26 9:14 AM
P0221,Name + DOB,Person P0221,NEIG-13197,47865,Connected Neighbor Profile,New Neighbor,,Johanna South,712020:3b2c2185-c76f-4d90-ad8c-9e260c73c318,Johanna South,712020:3b2c2185-c76f-4d90-ad8c-9e260c73c318,25/Mar/26 6:58 PM,03/Apr/26 10:16 AM,,Passport,SNAP,SVC,,,,James Bryant,Johanna South,712020:7919ac37-40c1-4b22-a858-9d188e7777ec,712020:3b2c2185-c76f-4d90-ad8c-9e260c73c318,3,Louisville,,,,22.0,Unemployed but want to find work,,Not being evicted,Woman,,,,,,,No,Rent - nothing past due,300.0,Passport by Molina,25/Mar/26 12:00 AM,No,,,,,,,,Yes,Yes,,No,,2,0,No,Text,,Medicaid,English,she/her,Black of African American,0|i0287r:,,,,,,,,No,Food benefits - TANF/SNAP,,Kentucky,,No,40203,2026-04-02 15:49:34.432,,"02/Apr/26 11:49 AM;712020:7919ac37-40c1-4b22-a858-9d188e7777ec;Client seeking help with child care, as well as finding new housing",,,,,,To Do,03/Apr/26 10:16 AM
P0200,Name + DOB,Person P0200,NEIG-13190,47852,Connected Neighbor Profile,New Neighbor,,Johanna South,712020:3b2c2185-c76f-4d90-ad8c-9e260c73c318,Johanna South,712020:3b2c2185-c76f-4d90-ad8c-9e260c73c318,25/Mar/26 6:48 PM,30/Jul/26 8:55 AM,,Choosewell,HFTS,JCPS,Jonet,Passport,SAM,James Bryant,Johanna South,712020:7919ac37-40c1-4b22-a858-9d188e7777ec,712020:3b2c2185-c76f-4d90-ad8c-9e260c73c318,5,Louisville,SAM,,Choosewell and Dollar tree ,37.0,Employed,,Not being evicted,Woman,Behavioral Health Care Path,Financial Stability Care Path,Food Care Path,Legal Assistance Care Path,Person with a physical or mental disability,Was/is in the foster care system,No,Unhoused,1600.0,Passport by Molina,25/Mar/26 12:00 AM,No,,Childbirth,Eviction,Job loss,Loss of accessible transportation,,,Yes,Yes,Slcm,Yes,,4,1,No,Call,Text,Medicaid,English,she/her,Black of African American,0|i02867:,,,,,,An email with available resources and next steps,,No,Part-time employment,,Kentucky,,No,40216,2026-03-31 14:51:47.574,,"31/Mar/26 10:51 AM;712020:7919ac37-40c1-4b22-a858-9d188e7777ec;Client reports homeless and seeking housing. JB inquired about whether or not they were HUD-Defined-Homeless, or just couch surfing. Client stopped responding",,,,,,To Do,03/Apr/26 11:07 AM
P0185,Name + DOB,Person P0185,NEIG-13147,47710,New Profile,Referral Only,,Johanna South,712020:3b2c2185-c76f-4d90-ad8c-9e260c73c318,Johanna South,712020:3b2c2185-c76f-4d90-ad8c-9e260c73c318,25/Mar/26 2:25 PM,03/Apr/26 10:57 AM,,JCPS,LMHA,SLCM,SSDI,WellCare,,James Bryant,Johanna South,712020:7919ac37-40c1-4b22-a858-9d188e7777ec,712020:3b2c2185-c76f-4d90-ad8c-9e260c73c318,8,Louisville ,SLCM,,Homeinstead,38.0,"Employed, but need more hours and/or different work",,Currently being evicted,Woman,Childcare Care Path,Financial Stability Care Path,Food Care Path,Transportation Care Path,Person with a physical or mental disability,Person with chronic health condition,No,Rent - nothing past due,2500.0,WellCare,25/Mar/26 12:00 AM,Yes,,Loss of accessible transportation,,,,,,Yes,Yes,,No,,More than 5,More than 5,No,Call,Text,Medicaid,English ,,Black of African American,0|i027wn:,,,,,,An email with available resources and next steps,,Yes,Part-time employment,Social Security - SSI/SSDI,Ky,LG&E,No,40214,2026-03-31 14:22:06.318,,31/Mar/26 10:22 AM;712020:7919ac37-40c1-4b22-a858-9d188e7777ec;Client seeking food pantries and LG&E assistance,,,,,,Done,03/Apr/26 10:57 AM
P0312,Name + DOB,Person P0312,NEIG-13125,47608,New Profile,Referral Only,,Johanna South,712020:3b2c2185-c76f-4d90-ad8c-9e260c73c318,Johanna South,712020:3b2c2185-c76f-4d90-ad8c-9e260c73c318,25/Mar/26 10:05 AM,03/Apr/26 2:47 PM,,Aetna,JCPS,LMHA,Passport,Patriot_Derby,SLCM,James Bryant,Johanna South,712020:7919ac37-40c1-4b22-a858-9d188e7777ec,712020:3b2c2185-c76f-4d90-ad8c-9e260c73c318,1,Louisville ,SLCM,,,30.0,Unemployed but want to find work,,Not being evicted,Woman,Financial Stability Care Path,Healthcare Care Path,,,Person with a physical or mental disability,,No,Rent - nothing past due,0.0,Aetna,25/Mar/26 12:00 AM,Yes,Derby patriot ,Issues with child care,Job loss,Loss of accessible transportation,Loss of job,,,Yes,Yes,,No,,3,4,No,Text,,Medicaid,English ,she/her,Black of African American,0|i027rr:,,,,,,An email with available resources and next steps,A phone call to further explain where you would like assistance,Yes,Food benefits - TANF/SNAP,,Kentucky ,LG&E,No,40215,2026-03-25 16:45:11.176,,25/Mar/26 12:45 PM;712020:7919ac37-40c1-4b22-a858-9d188e7777ec;3/25/26 JB initial contact attempt via Simpletext,31/Mar/26 9:32 AM;712020:7919ac37-40c1-4b22-a858-9d188e7777ec;Client seeking LG&E assistance,,,,,Done,03/Apr/26 2:47 PM
P0412,"Name only (no DOB, no other match)",Person P0412,NEIG-13124,47607,Other,Connected to Resource,,Jerry Englehart,712020:54a6e8ea-caf8-4460-817b-69ed38af698c,Jerry Englehart,712020:54a6e8ea-caf8-4460-817b-69ed38af698c,25/Mar/26 10:01 AM,10/Jul/26 12:40 PM,,Anthem,FEC,HFTS,JCPS,Patriot_Derby,WLCM,Jerry Englehart,,712020:54a6e8ea-caf8-4460-817b-69ed38af698c,,0,,,,,,,,,,,,,,,,,,,,,No,,,,,,,,No,No,,,,,,,,,,,,,0|i027rj:,,,,,,,,,,,,,No,,,,"25/Mar/26 10:02 AM;712020:54a6e8ea-caf8-4460-817b-69ed38af698c;Initially supported with Lyfts to work, met enough time to use their stipend on a serpentine belt, belt tensioner and a VISA gift card towards gas. AK is back to getting to work with their vehicle and taking her kids to their original daycare Skills for Life.

AK stated that they finally talked with the principal at The West End school, which is her employer, and they tried to support her getting her and her kid to and from school because she was getting there late and signing her daughter out early.","16/Apr/26 12:44 PM;712020:54a6e8ea-caf8-4460-817b-69ed38af698c;{{2026-04-10}}AK wants to find a second job. The West End School is a private school and when she was intially hired they said that she would have employment in the next school year, but since her car situation, they have become less optimistic about the position she is currently employed in, having funding next year. Also, the school told AK that she would need to find alternative employment during the summer because after May 21st there won’t be anymore work until August 13th if the position is funded for next school year. They told her that if the position is available next year it would be salary and funded year-round, unlike the way it is funded now.

JE advised AK to ask if the leadership at the West End School had an suggestions/connection on where folks work during the lapse in pay. AK has not asked them yet. AK has not started to look for another job yet. AK says she will start looking on Indeed. She will take anything that has stable hours even if it means not going back the West End School.

AK mentioned getting through three interview rounds with Norton Healthcare, but wasn’t hired. JE suggested she reach back out the hiring managers for Norton to see if they have any medical assistant jobs currently available.

AK is not happy with the area around Patriot Derby and wants to look into moving in the future. JE will have to look over the lease with AK to see when her lease ends.",16/Apr/26 12:46 PM;712020:54a6e8ea-caf8-4460-817b-69ed38af698c;AK had a seizure and was in the hospital this week. We did not meet and JE is unsure if she was able to make it to her job. We are supposed to talk on the phone Friday at 3pm to catch up.,18760.0,NEIG-1585,Ayana C King ,In Progress,25/Mar/26 10:01 AM
P0065,Name + DOB,Person P0065,NEIG-13104,47505,New Profile,Referral Only,,Johanna South,712020:3b2c2185-c76f-4d90-ad8c-9e260c73c318,Johanna South,712020:3b2c2185-c76f-4d90-ad8c-9e260c73c318,24/Mar/26 11:39 PM,03/Apr/26 10:42 AM,,CLCM,JCPS,WellCare,,,,James Bryant,Johanna South,712020:7919ac37-40c1-4b22-a858-9d188e7777ec,712020:3b2c2185-c76f-4d90-ad8c-9e260c73c318,1,Louisville,CLCM,19/Mar/26 12:00 AM,,31.0,Unemployed but want to find work,Non-payment,Currently being evicted,Woman,Behavioral Health Care Path,Childcare Care Path,Children's Education,Financial Stability Care Path,Pregnant or recently postpartum,,Yes,Rent- past due,0.0,WellCare,25/Mar/26 12:00 AM,No,liberty green ,Job loss,,,,Lost a job/had hours cut,544.0,Yes,Yes,,No,8.0,3,1,No,Call,Text,Medicaid,english,she/her,Black of African American,0|i027n3:,Avoid an eviction,Come up with a plan to pay back rent,Find new housing,Get my security deposit back,,An email with available resources and next steps,A phone call to further explain where you would like assistance,No,No income,,KY,LG&E,No,40202,2026-03-25 12:55:31.589,,25/Mar/26 8:55 AM;712020:7919ac37-40c1-4b22-a858-9d188e7777ec;3/25/26 JB initial contact attempt via Simpletext,31/Mar/26 10:27 AM;712020:7919ac37-40c1-4b22-a858-9d188e7777ec;3/31/26 JB second contact attempt,"02/Apr/26 8:58 AM;712020:7919ac37-40c1-4b22-a858-9d188e7777ec;Client owes too much to qualify for rent assistance, JB referred to Common Assessment and Coordinated Shelter Access",,,,Done,03/Apr/26 10:42 AM
P0349,Name + DOB,Person P0349,NEIG-13094,47392,Connected Neighbor Profile,New Neighbor,,Johanna South,712020:3b2c2185-c76f-4d90-ad8c-9e260c73c318,Johanna South,712020:3b2c2185-c76f-4d90-ad8c-9e260c73c318,24/Mar/26 11:41 AM,03/Apr/26 10:22 AM,,Anthem,HFTS,JCPS,VOA,,,James Bryant,Johanna South,712020:7919ac37-40c1-4b22-a858-9d188e7777ec,712020:3b2c2185-c76f-4d90-ad8c-9e260c73c318,3,Louisville,,,General Electric,38.0,Employed,,Not being evicted,Woman,Behavioral Health Care Path,Children's Education,,,Pregnant or recently postpartum,,No,Unhoused,4233.0,Anthem,24/Mar/26 12:00 AM,No,Volunteers of America Temp Shelter,Other,,,,,,Yes,Yes,"Monica Edmonds, Case Manager, Volunteers of America",No,,3,3,No,Call,Text,Employee-coverage,English,she/her,Black of African American,0|i027kv:,,,,,,An email with available resources and next steps,,No,Full-time employment,,Kentucky,,No,40203,2026-03-24 18:06:59.183,,24/Mar/26 2:06 PM;712020:7919ac37-40c1-4b22-a858-9d188e7777ec;3/24/26 JB initial contact via simpletext,,,,,,To Do,03/Apr/26 10:22 AM
P0413,"Name only (no DOB, no other match)",Person P0413,NEIG-13080,47241,Other,Unable to Contact/Stopped Communication,Won't Do,Jerry Englehart,712020:54a6e8ea-caf8-4460-817b-69ed38af698c,Jerry Englehart,712020:54a6e8ea-caf8-4460-817b-69ed38af698c,23/Mar/26 12:45 PM,10/Jul/26 10:47 AM,10/Jul/26 10:46 AM,HFTS,Humana-Medicaid,JCPS,LUL,SLCM,,Jerry Englehart,,712020:54a6e8ea-caf8-4460-817b-69ed38af698c,,0,,,,,,,,,,,,,,,,,,,,,No,,,,,,,,No,No,,,,,,,,,,,,,0|i027hr:,,,,,,,,,,,,,No,,,10021_*:*_1_*:*_0_*|*_10013_*:*_1_*:*_5076,"23/Mar/26 12:48 PM;712020:54a6e8ea-caf8-4460-817b-69ed38af698c;So far JE and Tanja have met twice; TM’s main goal is to get caught up on rental assistance; she currently owes $3,695 to her landlord. SLCM was able to send $1,000 to her LL, another church member was able to send $200 to her LL, Catholic Charities was about to send $1,000 to her LL and Humana is going to send $350. This is on top of $,1050 her church sent to the LL that was applied to the ledger to make the total the $3,695. 

JE and TM talked through that the past due rent also include $745 towards water. And April’s rent is about to be due and that the water will still be billed to TM monthly. Once all the current assistance makes it TM’s LL there will possbily still be $2,000+ owed because she has not been able to pay rent since December.

LL will accept any funds as long as funds are coming in so they do not have to start an eviction.

JE mailed a TARC pass to TM for her to use for getting around. TM needs to call the public housing waitlist numebr to see what spot she is currently.

TM needs a stroller that she cannot get through Humana. TM can only get a pack and play plus a car seat, but doesn’t need the car seat until she has another vehicle.","27/Mar/26 1:21 PM;712020:54a6e8ea-caf8-4460-817b-69ed38af698c;TM asked about her car being impounded, but also aid the fee to remove it was $4,000 and the car repair would probably be close to $8,000.

There is a possible stroller for TM. TM will have to coordinate with Clare next week if there is one.","10/Apr/26 2:46 PM;712020:54a6e8ea-caf8-4460-817b-69ed38af698c;{{2026-03-24}}TM’s car has been in the impound lot since December 2025; she was told the impound fee was $4,000 and the damage to the car would be another $4,000 to fix. 

TM also needs a stroller for her kid still in an infant car seat so she doesn’t have to remove her baby from that car seat every time. JE will ask Clare about the Pretty Good Moms group to see if she can make a post about requesting one.",41905.0,NEIG-12100,Tanja Miric,Done,10/Jul/26 10:46 AM
P0288,"Name only (matched existing person, DOB missing)",Person P0288,NEIG-13050,47121,Rent Assistance Care Path,Goal Attained,Done,James Bryant,712020:7919ac37-40c1-4b22-a858-9d188e7777ec,James Bryant,712020:7919ac37-40c1-4b22-a858-9d188e7777ec,23/Mar/26 9:09 AM,03/Apr/26 9:40 AM,03/Apr/26 9:40 AM,Catholic_Charities,Immigrant,JCPS,Launch,SLCM,,James Bryant,,712020:7919ac37-40c1-4b22-a858-9d188e7777ec,,0,,,,,,,,,,,,,,,,,,,,,No,,,,,,,,No,No,,,,,,,,,,,,,0|i027b3:,,,,,,,,,,,,,No,,,10013_*:*_1_*:*_952248807_*|*_10027_*:*_1_*:*_0,03/Apr/26 9:40 AM;712020:7919ac37-40c1-4b22-a858-9d188e7777ec;Client attending SLCM rent clinic next week,,,46884.0,NEIG-13025,Mohammad Hassan Qari Zada,Done,03/Apr/26 9:40 AM
P0100,Name + DOB,Person P0100,NEIG-13041,46977,Connected Neighbor Profile,New Neighbor,,Johanna South,712020:3b2c2185-c76f-4d90-ad8c-9e260c73c318,Johanna South,712020:3b2c2185-c76f-4d90-ad8c-9e260c73c318,20/Mar/26 3:37 PM,02/Apr/26 8:49 AM,,Aetna,Choosewell,JCPS,LMHA,SLCM,SSDI,James Bryant,Johanna South,712020:7919ac37-40c1-4b22-a858-9d188e7777ec,712020:3b2c2185-c76f-4d90-ad8c-9e260c73c318,1,Louisville ,SLCM,,Rosewater bookstore,0.0,Employed,,Not being evicted,Woman,,,,,Person with a physical or mental disability,Person with chronic health condition,No,Rent - nothing past due,994.0,Aetna,20/Mar/26 12:00 AM,No,Vicky sailing ,Death in the family,,,,,,Yes,Yes,No,No,,3,0,No,Text,,Medicaid,English ,she/her,White,0|i02793:,,,,,,An email with available resources and next steps,A phone call to further explain where you would like assistance,Yes,Part-time employment,Social Security - SSI/SSDI,KY,,No,40215,2026-03-23 12:38:43.308,,23/Mar/26 8:38 AM;712020:7919ac37-40c1-4b22-a858-9d188e7777ec;3/23/26 JB initial contact attempt,,,,,,To Do,02/Apr/26 8:49 AM
P0027,"Name only (matched existing person, DOB missing)",Person P0027,NEIG-13038,46973,Utility Care Path,External Org to Complete Goal,Done,James Bryant,712020:7919ac37-40c1-4b22-a858-9d188e7777ec,James Bryant,712020:7919ac37-40c1-4b22-a858-9d188e7777ec,20/Mar/26 2:16 PM,20/Mar/26 2:16 PM,20/Mar/26 2:16 PM,LMHA,Passport,SLCM,SSDI,,,James Bryant,,712020:7919ac37-40c1-4b22-a858-9d188e7777ec,,0,,,,,,,,,,,,,,,,,,,,,No,,,,,,,,No,No,,,,,,,,,,,,,0|i0278f:,,,,,,,,,,,,,No,,,10013_*:*_1_*:*_25301_*|*_10034_*:*_1_*:*_0,,,,46259.0,NEIG-12928,Angela elaine Leach,Done,20/Mar/26 2:16 PM
P0027,"Name only (matched existing person, DOB missing)",Person P0027,NEIG-13037,46971,Digital Access,External Org to Complete Goal,,James Bryant,712020:7919ac37-40c1-4b22-a858-9d188e7777ec,James Bryant,712020:7919ac37-40c1-4b22-a858-9d188e7777ec,20/Mar/26 2:16 PM,20/Mar/26 2:16 PM,,LMHA,Passport,SLCM,SSDI,,,James Bryant,,712020:7919ac37-40c1-4b22-a858-9d188e7777ec,,0,,,,,,,,,,,,,,,,,,,,,No,,,,,,,,No,No,,,,,,,,,,,,,0|i02787:,,,,,,,,,,,,,No,,,,20/Mar/26 2:16 PM;712020:7919ac37-40c1-4b22-a858-9d188e7777ec;JB referred to Assurance and Airtalk,,,46259.0,NEIG-12928,Angela elaine Leach,Done,20/Mar/26 2:16 PM
P0027,"Name only (matched existing person, DOB missing)",Person P0027,NEIG-13036,46969,Basic Supplies,External Org to Complete Goal,,James Bryant,712020:7919ac37-40c1-4b22-a858-9d188e7777ec,James Bryant,712020:7919ac37-40c1-4b22-a858-9d188e7777ec,20/Mar/26 2:15 PM,20/Mar/26 2:16 PM,,LMHA,Passport,SLCM,SSDI,,,James Bryant,,712020:7919ac37-40c1-4b22-a858-9d188e7777ec,,0,,,,,,,,,,,,,,,,,,,,,No,,,,,,,,No,No,,,,,,,,,,,,,0|i0277z:,,,,,,,,,,,,,No,,,,20/Mar/26 2:16 PM;712020:7919ac37-40c1-4b22-a858-9d188e7777ec;JB referred to Goodwill for furniture voucher,,,46259.0,NEIG-12928,Angela elaine Leach,Done,20/Mar/26 2:16 PM
P0414,"Name only (no DOB, no other match)",Person P0414,NEIG-13034,46965,Basic Supplies,External Org to Complete Goal,,James Bryant,712020:7919ac37-40c1-4b22-a858-9d188e7777ec,James Bryant,712020:7919ac37-40c1-4b22-a858-9d188e7777ec,20/Mar/26 1:39 PM,20/Mar/26 1:39 PM,,Choosewell,HFTS,JCPS,LMHA,Passport,SAM,James Bryant,,712020:7919ac37-40c1-4b22-a858-9d188e7777ec,,0,,,,,,,,,,,,,,,,,,,,,No,,,,,,,,No,No,,,,,,,,,,,,,0|i0277j:,,,,,,,,,,,,,No,,,,"20/Mar/26 1:39 PM;712020:7919ac37-40c1-4b22-a858-9d188e7777ec;JB referred to NYSI,NYD and Goodwill",,,43425.0,NEIG-12390,Amber N Heflin,Done,20/Mar/26 1:39 PM
P0156,Name + DOB,Person P0156,NEIG-13028,46921,Connected Neighbor Profile,New Neighbor,,Johanna South,712020:3b2c2185-c76f-4d90-ad8c-9e260c73c318,Johanna South,712020:3b2c2185-c76f-4d90-ad8c-9e260c73c318,20/Mar/26 11:49 AM,17/Jun/26 4:06 PM,,Choosewell,EACM,HFTS,Passport,,,James Bryant,Johanna South,712020:7919ac37-40c1-4b22-a858-9d188e7777ec,712020:3b2c2185-c76f-4d90-ad8c-9e260c73c318,1,Louisville,EACM,,Choosewell/Americana ,35.0,Other,,Not being evicted,Woman,Childcare Care Path,Legal Assistance Care Path,Substance Use Services,,,,No,Rent - nothing past due,850.0,Passport by Molina,20/Mar/26 12:00 AM,No,Woodside village ,Medical emergency or other health needs,Reduction in or loss of benefits,Unexpected expense,,,,Yes,Yes,,No,,2,1,No,Call,Text,Medicaid,English ,she/her,White,0|i02767:,,,,,,An email with available resources and next steps,A phone call to further explain where you would like assistance,No,Other,,Ky,,No,40243,2026-03-23 12:37:07.713,,23/Mar/26 8:37 AM;712020:7919ac37-40c1-4b22-a858-9d188e7777ec;3/23/26 JB Initial Contact via Simpletext,23/Mar/26 12:43 PM;712020:7919ac37-40c1-4b22-a858-9d188e7777ec;Client is seeking help with getting 2 traffic or parking tickets paid off in order to get her license reinstated,02/Apr/26 8:50 AM;712020:7919ac37-40c1-4b22-a858-9d188e7777ec;JB assisted in finding traffic cases and amounts owed using Indiana Court Website,,,,To Do,02/Apr/26 8:51 AM
P0288,Name + DOB,Person P0288,NEIG-13025,46884,New Profile,Referral Only,,Johanna South,712020:3b2c2185-c76f-4d90-ad8c-9e260c73c318,Johanna South,712020:3b2c2185-c76f-4d90-ad8c-9e260c73c318,20/Mar/26 10:50 AM,29/Apr/26 4:17 PM,,Catholic_Charities,Immigrant,JCPS,Launch,SLCM,,James Bryant,Johanna South,712020:7919ac37-40c1-4b22-a858-9d188e7777ec,712020:3b2c2185-c76f-4d90-ad8c-9e260c73c318,8,Louisvlle,SLCM,,Aloft Hotels,47.0,Employed,,Not being evicted,Man,Financial Stability Care Path,Food Care Path,,,Refugee or Immigrant,,No,Rent - nothing past due,2773.0,I don't know,20/Mar/26 12:00 AM,No,Beechmont Townhomes,Reduction in or loss of benefits,,,,,,Yes,Yes,"Tom Dunn, Catholic Charities, 502-260-7683",Yes,,More than 5,3,No,Call,,Medicaid,Dari,he/him,Other,0|i0275j:,,,,,,A phone call to further explain where you would like assistance,,No,Full-time employment,,KY,I don't know,No,40214,2026-03-20 14:59:10.968,,20/Mar/26 10:59 AM;712020:7919ac37-40c1-4b22-a858-9d188e7777ec;3/20/26 JB initial contact attempt,"29/Apr/26 4:17 PM;712020:7919ac37-40c1-4b22-a858-9d188e7777ec;Client was referred by Tom at CC. Client is seeking rent assistance. Client has been having a hard time keeping up with inflation, especially due to his large family size. SLCM was able to assist with client’s rent.",,,,,Done,29/Apr/26 4:16 PM
P0304,"Name only (matched existing person, DOB missing)",Person P0304,NEIG-13008,46821,Rent Assistance Care Path,Goal Attained,Done,James Bryant,712020:7919ac37-40c1-4b22-a858-9d188e7777ec,James Bryant,712020:7919ac37-40c1-4b22-a858-9d188e7777ec,20/Mar/26 8:42 AM,03/Apr/26 2:42 PM,03/Apr/26 2:42 PM,Catholic_Charities,JCPS,Launch,SNAP,,,James Bryant,,712020:7919ac37-40c1-4b22-a858-9d188e7777ec,,0,,,,,,,,,,,,,,,,,,,,,No,,,,,,,,No,No,,,,,,,,,,,,,0|i0271r:,,,,,,,,,,,,,No,,,10013_*:*_1_*:*_1231178119_*|*_10027_*:*_1_*:*_0,03/Apr/26 2:42 PM;712020:7919ac37-40c1-4b22-a858-9d188e7777ec;Client received SLCM rent assistance,,,45141.0,NEIG-12717,Pendezi NYIRARUKUNDO,Done,03/Apr/26 2:42 PM
P0101,"Name only (matched existing person, DOB missing)",Person P0101,NEIG-13006,46817,Rent Assistance Care Path,Goal Attained,Done,James Bryant,712020:7919ac37-40c1-4b22-a858-9d188e7777ec,James Bryant,712020:7919ac37-40c1-4b22-a858-9d188e7777ec,20/Mar/26 8:38 AM,03/Apr/26 2:40 PM,03/Apr/26 2:40 PM,Passport,Seven_Counties,SLCM,SNAP,,,James Bryant,,712020:7919ac37-40c1-4b22-a858-9d188e7777ec,,0,,,,,,,,,,,,,,,,,,,,,No,,,,,,,,No,No,,,,,,,,,,,,,0|i0271b:,,,,,,,,,,,,,No,,,10013_*:*_1_*:*_1231300400_*|*_10034_*:*_1_*:*_0,03/Apr/26 2:40 PM;712020:7919ac37-40c1-4b22-a858-9d188e7777ec;SLCM paid client’s rent,,,44952.0,NEIG-12683,Corena Turner,Done,03/Apr/26 2:40 PM
P0248,Name + DOB,Person P0248,NEIG-12961,46480,Connected Neighbor Profile,New Neighbor,,Johanna South,712020:3b2c2185-c76f-4d90-ad8c-9e260c73c318,Johanna South,712020:3b2c2185-c76f-4d90-ad8c-9e260c73c318,18/Mar/26 6:29 PM,20/Mar/26 9:36 AM,,Choosewell,HFTS,Out-Of-ACM-Service-Area,Passport,SNAP,United,James Bryant,Johanna South,712020:7919ac37-40c1-4b22-a858-9d188e7777ec,712020:3b2c2185-c76f-4d90-ad8c-9e260c73c318,1,Boston ,,,Independent dealer runner,26.0,Employed,,Not being evicted,Woman,Behavioral Health Care Path,Financial Stability Care Path,Healthcare Care Path,Intimate Partner Violence Victim Care Path,Pregnant or recently postpartum,Was/is in the foster care system,No,Staying with friends/family,1600.0,Passport by Molina,18/Mar/26 12:00 AM,Yes,N/a,,,,,,,Yes,Yes,Britney burton Choosewell,Yes,,1,1,No,Call,Text,Medicaid,English,she/her,White,0|i026rb:,,,,,,An email with available resources and next steps,,No,Food benefits - TANF/SNAP,Full-time employment,KY,LG&E,No,40107,2026-03-19 12:26:53.043,,"19/Mar/26 8:26 AM;712020:7919ac37-40c1-4b22-a858-9d188e7777ec;3/19/26 JB initial contact 
NOTE: Client out of Service Area",,,,,,To Do,20/Mar/26 9:36 AM
P0415,"Name only (no DOB, no other match)",Person P0415,NEIG-12960,46447,Basic Supplies,New,,James Bryant,712020:7919ac37-40c1-4b22-a858-9d188e7777ec,James Bryant,712020:7919ac37-40c1-4b22-a858-9d188e7777ec,18/Mar/26 3:45 PM,18/Mar/26 3:45 PM,,HFTS,JCPS,LUL,Medicaid,Pregnancy/Postpartum,SLCM,James Bryant,,712020:7919ac37-40c1-4b22-a858-9d188e7777ec,,0,,,,,,,,,,,,,,,,,,,,,No,,,,,,,,No,No,,,,,,,,,,,,,0|i026r3:,,,,,,,,,,,,,No,,,,,,,32167.0,NEIG-9755,Jacqueline N Hamblin,To Do,18/Mar/26 3:45 PM
P0416,"Name only (no DOB, no other match)",Person P0416,NEIG-12959,46445,Play Cousins Care Path,New,,James Bryant,712020:7919ac37-40c1-4b22-a858-9d188e7777ec,James Bryant,712020:7919ac37-40c1-4b22-a858-9d188e7777ec,18/Mar/26 3:44 PM,18/Mar/26 3:45 PM,,HFTS,JCPS,LUL,Medicaid,Pregnancy/Postpartum,SLCM,James Bryant,,712020:7919ac37-40c1-4b22-a858-9d188e7777ec,,0,,,,,,,,,,,,,,,,,,,,,No,,,,,,,,No,No,,,,,,,,,,,,,0|i026qv:,,,,,,,,,,,,,No,,,,18/Mar/26 3:45 PM;712020:7919ac37-40c1-4b22-a858-9d188e7777ec;[~accountid:712020:ca990332-ded3-4c92-b49d-b8c8edfbed32] [~accountid:712020:48d4fd1e-d57b-46d5-a370-e0de656dd4d8] Jacqueline is interested in Play Cousins Collective,,,32167.0,NEIG-9755,Jacqueline N Hamblin,To Do,18/Mar/26 3:44 PM
P0016,"Name only (matched existing person, DOB missing)",Person P0016,NEIG-12949,46300,Transportation Care Path,External Org to Complete Goal,,James Bryant,712020:7919ac37-40c1-4b22-a858-9d188e7777ec,James Bryant,712020:7919ac37-40c1-4b22-a858-9d188e7777ec,18/Mar/26 11:05 AM,18/Mar/26 11:05 AM,,Choosewell,HFTS,JCPS,LMHA,Passport,SAM,James Bryant,,712020:7919ac37-40c1-4b22-a858-9d188e7777ec,,0,,,,,,,,,,,,,,,,,,,,,No,,,,,,,,No,No,,,,,,,,,,,,,0|i026on:,,,,,,,,,,,,,No,,,,18/Mar/26 11:05 AM;712020:7919ac37-40c1-4b22-a858-9d188e7777ec;JB referred to FAST for car repair,,,43425.0,NEIG-12390,Amber N Heflin,Done,18/Mar/26 11:05 AM
P0027,Name + DOB,Person P0027,NEIG-12928,46259,New Profile,Referral Only,,Johanna South,712020:3b2c2185-c76f-4d90-ad8c-9e260c73c318,Johanna South,712020:3b2c2185-c76f-4d90-ad8c-9e260c73c318,18/Mar/26 10:06 AM,20/Mar/26 2:16 PM,,LMHA,Passport,SLCM,SSDI,,,James Bryant,Johanna South,712020:7919ac37-40c1-4b22-a858-9d188e7777ec,712020:3b2c2185-c76f-4d90-ad8c-9e260c73c318,2,Louisville ,SLCM,,Sa,28.0,Unemployed and not looking for work,,Not being evicted,Woman,Behavioral Health Care Path,Childcare Care Path,Children's Education,Financial Stability Care Path,Person with a physical or mental disability,Was/is in the foster care system,No,Rent- past due,924.0,Passport by Molina,18/Mar/26 12:00 AM,No,Christopher Jaquith,Job loss,Loss of job,Reduction in or loss of benefits,Unexpected expense,,,Yes,Yes,Abigal,Yes,,1,3,No,Call,Text,Medicaid,English ,she/her,White,0|i026jz:,,,,,,An email with available resources and next steps,A phone call to further explain where you would like assistance,Yes,Social Security - SSI/SSDI,,Ky,,No,40215,2026-03-19 12:27:35.078,,19/Mar/26 8:27 AM;712020:7919ac37-40c1-4b22-a858-9d188e7777ec;3/19/26 JB initial contact,,,,,,Done,20/Mar/26 2:16 PM
P0179,"Name only (matched existing person, DOB missing)",Person P0179,NEIG-12900,46017,Utility Care Path,External Org to Complete Goal,Done,James Bryant,712020:7919ac37-40c1-4b22-a858-9d188e7777ec,James Bryant,712020:7919ac37-40c1-4b22-a858-9d188e7777ec,17/Mar/26 11:37 AM,20/Mar/26 9:20 AM,20/Mar/26 9:20 AM,CLCM,JCPS,Passport,SNAP,SSDI,,James Bryant,,712020:7919ac37-40c1-4b22-a858-9d188e7777ec,,0,,,,,,,,,,,,,,,,,,,,,No,,,,,,,,No,No,,,,,,,,,,,,,0|i026dr:,,,,,,,,,,,,,No,,,10013_*:*_1_*:*_250993665_*|*_10034_*:*_1_*:*_0,20/Mar/26 9:20 AM;712020:7919ac37-40c1-4b22-a858-9d188e7777ec;Salvation Army,,,45762.0,NEIG-12830,Jamia Parris,Done,20/Mar/26 9:20 AM
P0166,Name + DOB,Person P0166,NEIG-12893,46004,New Profile,Referral Only,,Johanna South,712020:3b2c2185-c76f-4d90-ad8c-9e260c73c318,Johanna South,712020:3b2c2185-c76f-4d90-ad8c-9e260c73c318,17/Mar/26 10:47 AM,29/Apr/26 4:24 PM,,Passport,UCHM,Young-adult,,,,James Bryant,Johanna South,712020:7919ac37-40c1-4b22-a858-9d188e7777ec,712020:3b2c2185-c76f-4d90-ad8c-9e260c73c318,2,Louisville ,UCHM,,Louisville metro,23.0,Employed,Non-payment,Currently being evicted,Man,,,,,,,No,Rent- past due,3200.0,Passport by Molina,17/Mar/26 12:00 AM,No,Tmesha,Medical emergency or other health needs,,,,Lost a job/had hours cut,1500.0,Yes,Yes,,Yes,1861.0,2,0,No,Call,Text,Medicaid,English ,he/him,Black of African American,0|i026c7:,Avoid an eviction,Stay out of court,,,46.875,An email with available resources and next steps,A phone call to further explain where you would like assistance,No,Full-time employment,,Ky,,No,40206,2026-03-17 15:00:51.048,,17/Mar/26 11:00 AM;712020:7919ac37-40c1-4b22-a858-9d188e7777ec;3/17/26 JB initial contact,19/Mar/26 9:16 AM;712020:7919ac37-40c1-4b22-a858-9d188e7777ec;3/19/26 JB second contact attempt,19/Mar/26 12:19 PM;712020:7919ac37-40c1-4b22-a858-9d188e7777ec;Client seeking eviction guidance and $800 rent assistance,,,,Done,03/Apr/26 9:32 AM
P0179,Name + DOB,Person P0179,NEIG-12830,45762,New Profile,Referral Only,,Johanna South,712020:3b2c2185-c76f-4d90-ad8c-9e260c73c318,Johanna South,712020:3b2c2185-c76f-4d90-ad8c-9e260c73c318,16/Mar/26 11:27 AM,20/Mar/26 9:20 AM,,CLCM,JCPS,Passport,SNAP,SSDI,,James Bryant,Johanna South,712020:7919ac37-40c1-4b22-a858-9d188e7777ec,712020:3b2c2185-c76f-4d90-ad8c-9e260c73c318,3,Louisville,CLCM,,,39.0,Other,Non-payment,Currently being evicted,Woman,Behavioral Health Care Path,Childcare Care Path,Financial Stability Care Path,Transportation Care Path,Person with a physical or mental disability,,No,Rent- past due,2500.0,Passport by Molina,16/Mar/26 12:00 AM,No,Sheppard square (Debbie Brooke),Eviction,Issues with child care,Loss of accessible transportation,Onset of disability,Other,54.0,Yes,Yes,No,No,294.6,3,1,No,Call,,Medicaid,English,she/her,Black of African American,0|i025y7:,Avoid an eviction,Come up with a plan to pay back rent,Get rental assistance,Stay out of court,2.16,A phone call to further explain where you would like assistance,,No,Food benefits - TANF/SNAP,Social Security - SSI/SSDI,KY,I don't know,No,40203,2026-03-16 18:49:13.888,,16/Mar/26 2:49 PM;712020:7919ac37-40c1-4b22-a858-9d188e7777ec;3/16/26 JB initial contact via SimpleText,,,,,,Done,20/Mar/26 9:20 AM
P0161,"Name only (matched existing person, DOB missing)",Person P0161,NEIG-12813,45636,House Navigation Care Path,External Org to Complete Goal,Done,James Bryant,712020:7919ac37-40c1-4b22-a858-9d188e7777ec,James Bryant,712020:7919ac37-40c1-4b22-a858-9d188e7777ec,13/Mar/26 12:11 PM,13/Mar/26 12:11 PM,13/Mar/26 12:11 PM,CLCM,Humana-Medicaid,JCPS,SNAP,,,James Bryant,,712020:7919ac37-40c1-4b22-a858-9d188e7777ec,,0,,,,,,,,,,,,,,,,,,,,,No,,,,,,,,No,No,,,,,,,,,,,,,0|i025uf:,,,,,,,,,,,,,No,,,10013_*:*_1_*:*_19994_*|*_10034_*:*_1_*:*_0,"13/Mar/26 12:11 PM;712020:7919ac37-40c1-4b22-a858-9d188e7777ec;JB referred to UP For Women and Children, Humana Medicaid, and Byck FRYSC",,,44243.0,NEIG-12572,Imari n crawford,Done,13/Mar/26 12:11 PM
P0115,"Name only (matched existing person, DOB missing)",Person P0115,NEIG-12793,45534,Rent Assistance Care Path,Service Gap,Won't Do,James Bryant,712020:7919ac37-40c1-4b22-a858-9d188e7777ec,James Bryant,712020:7919ac37-40c1-4b22-a858-9d188e7777ec,12/Mar/26 1:48 PM,20/Mar/26 8:39 AM,20/Mar/26 8:39 AM,Humana-Medicaid,LGBTQIA+,SLCM,SNAP,,,James Bryant,,712020:7919ac37-40c1-4b22-a858-9d188e7777ec,,0,,,,,,,,,,,,,,,,,,,,,No,,,,,,,,No,No,,,,,,,,,,,,,0|i025pz:,,,,,,,,,,,,,No,,,10013_*:*_1_*:*_672629522_*|*_10028_*:*_1_*:*_0,20/Mar/26 8:39 AM;712020:7919ac37-40c1-4b22-a858-9d188e7777ec;Client is not eligible for rent assistance,,,45012.0,NEIG-12698,Deja Hughes ,Done,20/Mar/26 8:39 AM
P0021,"Name only (matched existing person, DOB missing)",Person P0021,NEIG-12764,45449,Rent Assistance Care Path,External Org to Complete Goal,,James Bryant,712020:7919ac37-40c1-4b22-a858-9d188e7777ec,James Bryant,712020:7919ac37-40c1-4b22-a858-9d188e7777ec,12/Mar/26 9:18 AM,12/Mar/26 9:19 AM,,FamilyScholarHouse,LMHA,MUSCL,SNAP,United,,James Bryant,,712020:7919ac37-40c1-4b22-a858-9d188e7777ec,,0,,,,,,,,,,,,,,,,,,,,,No,,,,,,,,No,No,,,,,,,,,,,,,0|i025jj:,,,,,,,,,,,,,No,,,,12/Mar/26 9:18 AM;712020:7919ac37-40c1-4b22-a858-9d188e7777ec;JB referred to Hope and Door and MUSCL,,,44284.0,NEIG-12577,Amelia T Harmon,Done,12/Mar/26 9:18 AM
P0029,"Name only (matched existing person, DOB missing)",Person P0029,NEIG-12752,45332,Rent Assistance Care Path,External Org to Complete Goal,,James Bryant,712020:7919ac37-40c1-4b22-a858-9d188e7777ec,James Bryant,712020:7919ac37-40c1-4b22-a858-9d188e7777ec,11/Mar/26 4:12 PM,11/Mar/26 4:12 PM,,JCPS,KRM,United,WLCM,,,James Bryant,,712020:7919ac37-40c1-4b22-a858-9d188e7777ec,,0,,,,,,,,,,,,,,,,,,,,,No,,,,,,,,No,No,,,,,,,,,,,,,0|i025gv:,,,,,,,,,,,,,No,,,,11/Mar/26 4:12 PM;712020:7919ac37-40c1-4b22-a858-9d188e7777ec;JB referred to WLCM for rent assistance,,,43447.0,NEIG-12402,Angela Said,Done,11/Mar/26 4:12 PM
P0311,"Name only (matched existing person, DOB missing)",Person P0311,NEIG-12750,45328,House Navigation Care Path,External Org to Complete Goal,Done,James Bryant,712020:7919ac37-40c1-4b22-a858-9d188e7777ec,James Bryant,712020:7919ac37-40c1-4b22-a858-9d188e7777ec,11/Mar/26 4:08 PM,11/Mar/26 4:08 PM,11/Mar/26 4:08 PM,LMHA,WLCM,,,,,James Bryant,,712020:7919ac37-40c1-4b22-a858-9d188e7777ec,,0,,,,,,,,,,,,,,,,,,,,,No,,,,,,,,No,No,,,,,,,,,,,,,0|i025gf:,,,,,,,,,,,,,No,,,10013_*:*_1_*:*_26889_*|*_10034_*:*_1_*:*_0,11/Mar/26 4:08 PM;712020:7919ac37-40c1-4b22-a858-9d188e7777ec;St John Center Housing Navigation,,,43135.0,NEIG-12319,Raul D Sanchez ,Done,11/Mar/26 4:08 PM
P0317,Name + DOB,Person P0317,NEIG-12729,45194,Connected Neighbor Profile,Unable to Contact,,Johanna South,712020:3b2c2185-c76f-4d90-ad8c-9e260c73c318,Johanna South,712020:3b2c2185-c76f-4d90-ad8c-9e260c73c318,11/Mar/26 10:25 AM,21/Apr/26 8:54 AM,,Jonet,Uninsured,WLCM,,,,James Bryant,Johanna South,712020:7919ac37-40c1-4b22-a858-9d188e7777ec,712020:3b2c2185-c76f-4d90-ad8c-9e260c73c318,4,Louisville ,WLCM,,Na,40.0,Unemployed but want to find work,,Not being evicted,Man,Childcare Care Path,Food Care Path,Transportation Care Path,,Pregnant or recently postpartum,,Yes,Unhoused,0.0,I don't know,11/Mar/26 12:00 AM,No,Na,Other,,,,,,Yes,Yes,,No,,3,2,No,Call,Text,,English ,he/him,Other,0|i025br:,,,,,,An email with available resources and next steps,A phone call to further explain where you would like assistance,No,No income,,Kentucky ,,No,40210,2026-03-11 15:06:24.818,,11/Mar/26 11:06 AM;712020:7919ac37-40c1-4b22-a858-9d188e7777ec;3/11/26 JB initial contact,"12/Mar/26 8:51 AM;712020:7919ac37-40c1-4b22-a858-9d188e7777ec;Client has been sleeping in the car, recently moved to Louisville from Florida",,,,,Done,21/Apr/26 8:54 AM
P0304,Name + DOB,Person P0304,NEIG-12717,45141,New Profile,Referral Only,,Johanna South,712020:3b2c2185-c76f-4d90-ad8c-9e260c73c318,Johanna South,712020:3b2c2185-c76f-4d90-ad8c-9e260c73c318,10/Mar/26 2:17 PM,03/Apr/26 2:42 PM,,Catholic_Charities,JCPS,Launch,SNAP,,,James Bryant,Johanna South,712020:7919ac37-40c1-4b22-a858-9d188e7777ec,712020:3b2c2185-c76f-4d90-ad8c-9e260c73c318,1,Louisville,,,,38.0,Unemployed but want to find work,,Not being evicted,Woman,Financial Stability Care Path,Food Care Path,,,Refugee or Immigrant,,No,Rent - nothing past due,623.0,I don't know,10/Mar/26 12:00 AM,No,"Beechmont Townhomes, Launch",Job loss,,,,,,Yes,Yes,"Tom Dunn, Catholic Charities, 502-260-7683",Yes,,More than 5,2,No,Call,,Medicaid,Kinyarwanda,she/her,Black of African American,0|i02593:,,,,,,A phone call to further explain where you would like assistance,,No,Food benefits - TANF/SNAP,,KY,,No,40214,2026-03-11 12:34:45.052,,11/Mar/26 8:34 AM;712020:7919ac37-40c1-4b22-a858-9d188e7777ec;3/11/26 JB initial contact,17/Mar/26 10:07 AM;712020:7919ac37-40c1-4b22-a858-9d188e7777ec;Referred by CC for April’s rent,,,,,Done,03/Apr/26 2:42 PM
P0115,Name + DOB,Person P0115,NEIG-12698,45012,New Profile,Referral Only,,Johanna South,712020:3b2c2185-c76f-4d90-ad8c-9e260c73c318,Johanna South,712020:3b2c2185-c76f-4d90-ad8c-9e260c73c318,09/Mar/26 2:54 PM,20/Mar/26 8:39 AM,,Humana-Medicaid,LGBTQIA+,SLCM,SNAP,,,James Bryant,Johanna South,712020:7919ac37-40c1-4b22-a858-9d188e7777ec,712020:3b2c2185-c76f-4d90-ad8c-9e260c73c318,1,Louisville ,SLCM,,,42.0,Unemployed but want to find work,Non-payment,Unknown,Woman,,,,,LGBTQIA+,,No,Rent- past due,293.0,Humana,09/Mar/26 12:00 AM,Yes,Broadway Management Group ,Household member left,Other,,,Other,1560.0,Yes,Yes,,No,3100.0,1,1,No,Call,,Medicaid,English ,she/her,Black of African American,0|i0254v:,Avoid an eviction,Come up with a plan to pay back rent,Get rental assistance,Other,532.423,An email with available resources and next steps,A phone call to further explain where you would like assistance,No,Food benefits - TANF/SNAP,No income,Kentucky ,LG&E,Yes,40214,2026-03-10 17:51:01.592,,10/Mar/26 1:51 PM;712020:7919ac37-40c1-4b22-a858-9d188e7777ec;3/10/26 JB initial contact via Simpletext,"10/Mar/26 2:38 PM;712020:7919ac37-40c1-4b22-a858-9d188e7777ec;Client seeking $2,100 in rent assistance",,,,,Done,20/Mar/26 8:39 AM
P0099,Name + DOB,Person P0099,NEIG-12695,45007,New Profile,Referral Only,,Johanna South,712020:3b2c2185-c76f-4d90-ad8c-9e260c73c318,Johanna South,712020:3b2c2185-c76f-4d90-ad8c-9e260c73c318,09/Mar/26 2:08 PM,18/Mar/26 8:15 AM,,Aetna,SLCM,,,,,James Bryant,Janeth Zuniga,712020:7919ac37-40c1-4b22-a858-9d188e7777ec,712020:f8eb390c-3085-4236-9559-538a8b52e972,0,Louisville,SLCM,,No hay un jefe de planta ,29.0,Employed,,Not being evicted,Woman,Pregnancy/Postpartum Care Path,,,,Pregnant or recently postpartum,,No,Rent - nothing past due,2000.0,Aetna,09/Mar/26 12:00 AM,Yes,Sr Sam ,Job loss,,,,,,Yes,Yes,,No,,2,2,No,Text,,,Spanish ,she/her,,0|i02547:,,,,,,An email with available resources and next steps,A phone call to further explain where you would like assistance,No,Other,,KY,LG&E,Yes,40215,2026-03-10 17:52:20.195,,10/Mar/26 1:52 PM;712020:7919ac37-40c1-4b22-a858-9d188e7777ec;3/10/26 JB initial contact via Simpletext,11/Mar/26 9:31 AM;712020:7919ac37-40c1-4b22-a858-9d188e7777ec;3/11/26 JB second contact attempt,12/Mar/26 9:37 AM;712020:7919ac37-40c1-4b22-a858-9d188e7777ec;JB sent intake welcome message in spanish,,,,Done,18/Mar/26 8:15 AM
P0101,Name + DOB,Person P0101,NEIG-12683,44952,New Profile,Referral Only,,Johanna South,712020:3b2c2185-c76f-4d90-ad8c-9e260c73c318,Johanna South,712020:3b2c2185-c76f-4d90-ad8c-9e260c73c318,09/Mar/26 11:35 AM,07/Jul/26 11:37 AM,,Passport,Seven_Counties,SLCM,SNAP,,,James Bryant,Johanna South,712020:7919ac37-40c1-4b22-a858-9d188e7777ec,712020:3b2c2185-c76f-4d90-ad8c-9e260c73c318,1,Louisville,SLCM,,na,42.0,Unemployed but want to find work,,Not being evicted,Woman,Financial Stability Care Path,Food Care Path,,,Person with a physical or mental disability,,No,Rent - nothing past due,0.0,Passport by Molina,09/Mar/26 12:00 AM,Yes,na,Household member left,,,,,,Yes,Yes,Seven Counties Services 5898915,Yes,,1,1,No,Call,,Medicaid,English,she/her,White,0|i0251b:,,,,,,An email with available resources and next steps,A phone call to further explain where you would like assistance,No,Food benefits - TANF/SNAP,No income,Kentucky,LG&E,No,40214,2026-03-10 17:52:11.923,,10/Mar/26 1:52 PM;712020:7919ac37-40c1-4b22-a858-9d188e7777ec;3/10/26 JB initial contact via Simpletext,11/Mar/26 9:30 AM;712020:7919ac37-40c1-4b22-a858-9d188e7777ec;3/11/26 JB second contact attempt,11/Mar/26 10:21 AM;712020:7919ac37-40c1-4b22-a858-9d188e7777ec;Client seeking rent and LG&E assistance,,,,Done,03/Apr/26 2:41 PM
P0417,"Name only (no DOB, no other match)",Person P0417,NEIG-12679,44915,Other,New,,Jerry Englehart,712020:54a6e8ea-caf8-4460-817b-69ed38af698c,Jerry Englehart,712020:54a6e8ea-caf8-4460-817b-69ed38af698c,09/Mar/26 9:56 AM,09/Mar/26 10:15 AM,,HFTS,JCPS,LMHA,Passport,SLCM,SNAP,Jerry Englehart,,712020:54a6e8ea-caf8-4460-817b-69ed38af698c,,0,,,,,,,,,,,,,,,,,,,,,No,,,,,,,,No,No,,,,,,,,,,,,,0|i0250n:,,,,,,,,,,,,,No,,,,,,,40975.0,NEIG-11972,Nicole  Berger,To Do,09/Mar/26 9:56 AM
P0144,Name + DOB,Person P0144,NEIG-12661,44754,New Profile,Referral Only,,Johanna South,712020:3b2c2185-c76f-4d90-ad8c-9e260c73c318,Johanna South,712020:3b2c2185-c76f-4d90-ad8c-9e260c73c318,06/Mar/26 7:10 PM,12/Mar/26 9:42 AM,,Eviction_Court,JCPS,Passport,SNAP,WLCM,,James Bryant,Johanna South,712020:7919ac37-40c1-4b22-a858-9d188e7777ec,712020:3b2c2185-c76f-4d90-ad8c-9e260c73c318,1,Louisville ,WLCM,19/Mar/26 12:00 AM,Syndicate tax,38.0,"Employed, but need more hours and/or different work",Non-payment,Currently being evicted,Woman,Childcare Care Path,Financial Stability Care Path,Food Care Path,Intimate Partner Violence Victim Care Path,,,No,Rent- past due,1000.0,Passport by Molina,07/Mar/26 12:00 AM,No,Housing authority,Eviction,Issues with child care,Job loss,Loss of job,Lost a job/had hours cut,0.0,Yes,Yes,,No,1793.0,4,5,No,Call,Text,Medicaid,English ,she/her,,0|i024wn:,Avoid an eviction,Come up with a plan to pay back rent,Get rental assistance,Stay out of court,0.0,An email with available resources and next steps,A phone call to further explain where you would like assistance,No,Food benefits - TANF/SNAP,Part-time employment,Ky,,No,40210,2026-03-10 17:51:14.796,,10/Mar/26 1:51 PM;712020:7919ac37-40c1-4b22-a858-9d188e7777ec;3/10/26 JB initial contact via Simpletext,,,,,,Done,12/Mar/26 9:42 AM
P0231,Name + DOB,Person P0231,NEIG-12654,44647,Connected Neighbor Profile,New Neighbor,,Johanna South,712020:3b2c2185-c76f-4d90-ad8c-9e260c73c318,Johanna South,712020:3b2c2185-c76f-4d90-ad8c-9e260c73c318,06/Mar/26 9:26 AM,11/Mar/26 9:25 AM,,Aetna,Choosewell,HFTS,MUSCL,SNAP,WellCare,James Bryant,Johanna South,712020:7919ac37-40c1-4b22-a858-9d188e7777ec,712020:3b2c2185-c76f-4d90-ad8c-9e260c73c318,1,Louisville ,MUSCL,,Family Dollar,30.0,Employed,,Not being evicted,Woman,Financial Stability Care Path,,,,,,No,Rent- past due,293.0,Aetna,06/Mar/26 12:00 AM,No,Seven counties housing ,,,,,,,Yes,Yes,Brittany/Choose-Well Communities,Yes,,1,1,No,,,Medicaid,English,she/her,White,0|i024v3:,,,,,,An email with available resources and next steps,,No,Food benefits - TANF/SNAP,,Ky,,No,40217,2026-03-06 20:06:22.764,,06/Mar/26 3:06 PM;712020:7919ac37-40c1-4b22-a858-9d188e7777ec;3/6/26 JB initial contact attempt,,,,,,To Do,11/Mar/26 9:25 AM
P0108,Name + DOB,Person P0108,NEIG-12593,44376,Connected Neighbor Profile,New Neighbor,,Johanna South,712020:3b2c2185-c76f-4d90-ad8c-9e260c73c318,Johanna South,712020:3b2c2185-c76f-4d90-ad8c-9e260c73c318,05/Mar/26 10:56 AM,12/Mar/26 9:22 AM,,CLCM,HFTS,JCPS,Passport,VOA,,James Bryant,Johanna South,712020:7919ac37-40c1-4b22-a858-9d188e7777ec,712020:3b2c2185-c76f-4d90-ad8c-9e260c73c318,3,Louisville,CLCM,,Southern Glazer Wine and Spirits,30.0,Employed,,Not being evicted,Man,Financial Stability Care Path,Social Support,,,,,No,Unhoused,3500.0,Other,05/Mar/26 12:00 AM,No,Volunteers Of America Temp Shelter,Other,Unexpected expense,,,,,Yes,Yes,"Monica Ann Edmonds, Case Manager, Volunteers of America",No,,3,0,No,Call,Text,Medicaid,English,he/him,Black of African American,0|i024hj:,,,,,,An email with available resources and next steps,A phone call to further explain where you would like assistance,No,Full-time employment,,Kentucky,,No,40203,2026-03-06 14:16:25.598,,06/Mar/26 9:16 AM;712020:7919ac37-40c1-4b22-a858-9d188e7777ec;3/6/26 JB initial contact via SimpleText,06/Mar/26 9:30 AM;712020:7919ac37-40c1-4b22-a858-9d188e7777ec;Neighbor instructed to fill out the form to be enrolled in 0-5 HFTS program,,,,,To Do,12/Mar/26 9:22 AM
P0111,"Name only (matched existing person, DOB missing)",Person P0111,NEIG-12592,44343,House Navigation Care Path,External Org to Complete Goal,Done,James Bryant,712020:7919ac37-40c1-4b22-a858-9d188e7777ec,James Bryant,712020:7919ac37-40c1-4b22-a858-9d188e7777ec,05/Mar/26 9:52 AM,05/Mar/26 9:52 AM,05/Mar/26 9:52 AM,JCPS,Passport,SAM,,,,James Bryant,,712020:7919ac37-40c1-4b22-a858-9d188e7777ec,,0,,,,,,,,,,,,,,,,,,,,,No,,,,,,,,No,No,,,,,,,,,,,,,0|i024hb:,,,,,,,,,,,,,No,,,10013_*:*_1_*:*_31079_*|*_10034_*:*_1_*:*_0,05/Mar/26 9:52 AM;712020:7919ac37-40c1-4b22-a858-9d188e7777ec;JB referred to Passport for Housing Navigation,,,44337.0,NEIG-12589,Daneshia Anthony ,Done,05/Mar/26 9:52 AM
P0111,"Name only (matched existing person, DOB missing)",Person P0111,NEIG-12591,44341,Rent Assistance Care Path,Service Gap,Won't Do,James Bryant,712020:7919ac37-40c1-4b22-a858-9d188e7777ec,James Bryant,712020:7919ac37-40c1-4b22-a858-9d188e7777ec,05/Mar/26 9:52 AM,05/Mar/26 9:52 AM,05/Mar/26 9:52 AM,JCPS,Passport,SAM,,,,James Bryant,,712020:7919ac37-40c1-4b22-a858-9d188e7777ec,,0,,,,,,,,,,,,,,,,,,,,,No,,,,,,,,No,No,,,,,,,,,,,,,0|i024h3:,,,,,,,,,,,,,No,,,10013_*:*_1_*:*_22983_*|*_10028_*:*_1_*:*_0,05/Mar/26 9:52 AM;712020:7919ac37-40c1-4b22-a858-9d188e7777ec;Client owes too much to qualify for rent assistance,,,44337.0,NEIG-12589,Daneshia Anthony ,Done,05/Mar/26 9:52 AM
P0111,Name + DOB,Person P0111,NEIG-12589,44337,New Profile,Referral Only,,Johanna South,712020:3b2c2185-c76f-4d90-ad8c-9e260c73c318,Johanna South,712020:3b2c2185-c76f-4d90-ad8c-9e260c73c318,05/Mar/26 9:37 AM,05/Mar/26 9:53 AM,,JCPS,Passport,SAM,,,,James Bryant,Johanna South,712020:7919ac37-40c1-4b22-a858-9d188e7777ec,712020:3b2c2185-c76f-4d90-ad8c-9e260c73c318,1,Louisville ,SAM,,,27.0,Unemployed and not looking for work,Non-payment,Unknown,Woman,Financial Stability Care Path,,,,,,No,Rent- past due,2200.0,Passport by Molina,05/Mar/26 12:00 AM,No,Crossing at Millcreek ,Other,,,,Other,,Yes,Yes,,No,2842.0,3,0,No,Call,Text,Medicaid,English ,she/her,Black of African American,0|i024gn:,Avoid an eviction,Come up with a plan to pay back rent,,,,A phone call to further explain where you would like assistance,,No,No income,,Ky,,No,40216,2026-03-05 14:42:07.831,,05/Mar/26 9:42 AM;712020:7919ac37-40c1-4b22-a858-9d188e7777ec;3/5/26 JB initial contact attempt,05/Mar/26 9:46 AM;712020:7919ac37-40c1-4b22-a858-9d188e7777ec;Client seeking 2842 in rent assistance,05/Mar/26 9:53 AM;712020:7919ac37-40c1-4b22-a858-9d188e7777ec;JB recommended moving,,,,Done,05/Mar/26 9:53 AM
P0021,Name + DOB,Person P0021,NEIG-12577,44284,New Profile,Referral Only,,Johanna South,712020:3b2c2185-c76f-4d90-ad8c-9e260c73c318,Johanna South,712020:3b2c2185-c76f-4d90-ad8c-9e260c73c318,04/Mar/26 3:31 PM,13/Apr/26 8:40 AM,,FamilyScholarHouse,LMHA,MUSCL,SNAP,United,,James Bryant,Johanna South,712020:7919ac37-40c1-4b22-a858-9d188e7777ec,712020:3b2c2185-c76f-4d90-ad8c-9e260c73c318,3,Louisville,,,,25.0,Unemployed but want to find work,Non-payment,Unknown,Woman,Intimate Partner Violence Victim Care Path,Pregnancy/Postpartum Care Path,Transportation Care Path,,Person with a physical or mental disability,Pregnant or recently postpartum,,Rent- past due,0.0,United Healthcare,04/Mar/26 12:00 AM,Yes,Briahna Graham,Childbirth,Death in the family,Job loss,Loss of job,Lost a job/had hours cut,298.0,Yes,Yes,No,No,596.0,3,1,No,Call,Text,,English ,she/her,Black of African American,0|i024dz:,Avoid an eviction,Come up with a plan to pay back rent,Find new housing,Seal eviction records,,A phone call to further explain where you would like assistance,,Yes,Food benefits - TANF/SNAP,No income,Ky,LG&E,No,40217,2026-03-05 13:17:38.698,,05/Mar/26 8:17 AM;712020:7919ac37-40c1-4b22-a858-9d188e7777ec;3/5/26 JB initial contact,05/Mar/26 9:07 AM;712020:7919ac37-40c1-4b22-a858-9d188e7777ec;Client seeking $596 towards rent,,,,,Done,12/Mar/26 9:19 AM
P0161,Name + DOB,Person P0161,NEIG-12572,44243,New Profile,Referral Only,,Johanna South,712020:3b2c2185-c76f-4d90-ad8c-9e260c73c318,Johanna South,712020:3b2c2185-c76f-4d90-ad8c-9e260c73c318,04/Mar/26 2:16 PM,13/Mar/26 12:12 PM,,CLCM,Humana-Medicaid,JCPS,SNAP,,,James Bryant,Johanna South,712020:7919ac37-40c1-4b22-a858-9d188e7777ec,712020:3b2c2185-c76f-4d90-ad8c-9e260c73c318,1,Louisville ,CLCM,,N/a,27.0,Unemployed but want to find work,,Not being evicted,Woman,Childcare Care Path,Financial Stability Care Path,Pregnancy/Postpartum Care Path,,Pregnant or recently postpartum,,No,Staying at extended stay hotel or short-term housing,0.0,Humana,04/Mar/26 12:00 AM,No,Studio 6 hotel ,Other,,,,,,Yes,Yes,,No,,3,1,No,Text,,Medicaid,English ,she/her,Black of African American,0|i024cv:,,,,,,An email with available resources and next steps,,No,Food benefits - TANF/SNAP,,Ky ,,No,40203,2026-03-05 13:17:29.864,,05/Mar/26 8:17 AM;712020:7919ac37-40c1-4b22-a858-9d188e7777ec;3/5/26 JB initial contact,"05/Mar/26 9:10 AM;712020:7919ac37-40c1-4b22-a858-9d188e7777ec;Client is living in a hotel with her children, looking for housing. JB referred to Humana, Up For Women and Children, and Byck FRYSC",,,,,Done,13/Mar/26 12:12 PM
P0418,"Name only (no DOB, no other match)",Person P0418,NEIG-12559,44187,Other,Connected to Resource,,Jerry Englehart,712020:54a6e8ea-caf8-4460-817b-69ed38af698c,Jerry Englehart,712020:54a6e8ea-caf8-4460-817b-69ed38af698c,04/Mar/26 12:40 PM,14/May/26 8:59 AM,,JCPS,LMHA,Passport,SLCM,SNAP,SSI,Jerry Englehart,,712020:54a6e8ea-caf8-4460-817b-69ed38af698c,,0,,,,,,,,,,,,,,,,,,,,,No,,,,,,,,No,No,,,,,,,,,,,,,0|i0249z:,,,,,,,,,,,,,No,,,,13/Mar/26 12:27 PM;712020:54a6e8ea-caf8-4460-817b-69ed38af698c;JE spoke with NB’s LL; LL will send over current ledger including deposit fees and will ask the company owners if late fees can be waived. It is not guaranteed because of previous times late fess were waived. ,"23/Mar/26 12:34 PM;712020:54a6e8ea-caf8-4460-817b-69ed38af698c;NB no showed on today’s meeting. Their VM is not set up and a phone call went straight to voicemail. JE emailed asking to set up a new appointment time.

Also, NB’s landlord did not respond to a text","23/Mar/26 12:41 PM;712020:54a6e8ea-caf8-4460-817b-69ed38af698c;JE most recently spoke with NB’s LL about how we can get NB caught up and able to look for a new home. The LL verbally agreed to sign the release of landlord paperwork with section 8 as long as the deposit and rent was up to date; JE and NB worked out a plan to make sure the deposit and monthly rent was current from a combination of Neighbor Network barrier funds, money from her own funds and from the accured Home From the Start stipend. NB stated she was also getting a cat out of her house and to her friend over last weekend. Once NB can apply for new place with her $1,900 4 bedroom voucher, we will need to utilize the KTAP Relocation Assistance Program funds for a future deposit. JE and NB will have to schedule a future walk through for her current place so she can more likely secure the deposit back from the current landlord--RJ.

Jonet Wright shared a few landlords that would take her section 8 voucher for a home (NB does not want an apartment)--PMI, Shemp Realty, Broadway Management Group, and TCB.

JE is still waiting to here back from the Salvation Army about rental support for either April or May. Regardless of that support, JE stressed to NB that she needs to use her KTAP/SSI that she receives on the 3rd of each month for rent first. That is one of the main ways that she will stay safely housed through this current lease and into the next.",40975.0,NEIG-11972,Nicole  Berger,In Progress,13/Mar/26 12:25 PM
P0251,Name + DOB,Person P0251,NEIG-12539,44116,New Profile,Referral Only,,Johanna South,712020:3b2c2185-c76f-4d90-ad8c-9e260c73c318,Johanna South,712020:3b2c2185-c76f-4d90-ad8c-9e260c73c318,04/Mar/26 8:35 AM,12/Mar/26 8:18 AM,,JCPS,SLCM,,,,,James Bryant,Johanna South,712020:7919ac37-40c1-4b22-a858-9d188e7777ec,712020:3b2c2185-c76f-4d90-ad8c-9e260c73c318,2,Louisville ,SLCM,,Prologistix,34.0,Unemployed but want to find work,Non-payment,Currently being evicted,Man,Financial Stability Care Path,Food Care Path,,,,,No,Rent- past due,0.0,I don't know,04/Mar/26 12:00 AM,Yes,Black Star/ Melinda revland,Job loss,Loss of accessible transportation,Loss of job,Reduction in hours at work,Lost a job/had hours cut,1025.0,Yes,Yes,,No,2500.0,2,1,No,Text,,,English,he/him,Black of African American,0|i02467:,Avoid an eviction,Come up with a plan to pay back rent,Find public/subsidized housing,Get rental assistance,,An email with available resources and next steps,A phone call to further explain where you would like assistance,No,No income,,Kentucky,LG&E,No,40214,2026-03-05 13:18:02.382,,05/Mar/26 8:18 AM;712020:7919ac37-40c1-4b22-a858-9d188e7777ec;3/5/26 JB initial contact,05/Mar/26 8:18 AM;712020:7919ac37-40c1-4b22-a858-9d188e7777ec;3/5/26 JB initial contact,"05/Mar/26 8:53 AM;712020:7919ac37-40c1-4b22-a858-9d188e7777ec;Client seeking $2,800 in rent assistance, JB referred to Hope and Door",,,,Done,12/Mar/26 8:18 AM
P0419,"Name only (no DOB, no other match)",Person P0419,NEIG-12537,44113,Rent Assistance Care Path,External Org to Complete Goal,,James Bryant,712020:7919ac37-40c1-4b22-a858-9d188e7777ec,James Bryant,712020:7919ac37-40c1-4b22-a858-9d188e7777ec,04/Mar/26 8:28 AM,04/Mar/26 8:29 AM,,JCPS,SLCM,WellCare,,,,James Bryant,,712020:7919ac37-40c1-4b22-a858-9d188e7777ec,,0,,,,,,,,,,,,,,,,,,,,,No,,,,,,,,No,No,,,,,,,,,,,,,0|i0245r:,,,,,,,,,,,,,No,,,,04/Mar/26 8:29 AM;712020:7919ac37-40c1-4b22-a858-9d188e7777ec;JB referred to FAST Program,,,42624.0,NEIG-12213,Johntay l Burriell,Done,04/Mar/26 8:29 AM
P0245,Name + DOB,Person P0245,NEIG-12523,43991,New Profile,Unable to Contact,,Johanna South,712020:3b2c2185-c76f-4d90-ad8c-9e260c73c318,Johanna South,712020:3b2c2185-c76f-4d90-ad8c-9e260c73c318,03/Mar/26 3:38 PM,06/Mar/26 2:24 PM,,Aetna,LMHA,SLCM,SNAP,,,James Bryant,Johanna South,712020:7919ac37-40c1-4b22-a858-9d188e7777ec,712020:3b2c2185-c76f-4d90-ad8c-9e260c73c318,2,Louisville,SLCM,,,25.0,Other,,Not being evicted,Woman,Food Care Path,Pregnancy/Postpartum Care Path,Transportation Care Path,,Pregnant or recently postpartum,,No,Rent- past due,293.0,Aetna,03/Mar/26 12:00 AM,No,Jim Keller ,Other,,,,,,Yes,Yes,,No,,2,1,No,Call,Text,Medicaid,English ,she/her,Black of African American,0|i0242n:,,,,,,An email with available resources and next steps,A phone call to further explain where you would like assistance,Yes,Food benefits - TANF/SNAP,,Ky,,No,40214,2026-03-05 13:18:20.589,,05/Mar/26 8:18 AM;712020:7919ac37-40c1-4b22-a858-9d188e7777ec;3/5/26 JB initial contact,,,,,,Done,06/Mar/26 2:24 PM
P0268,"Name only (matched existing person, DOB missing)",Person P0268,NEIG-12517,43917,Utility Care Path,External Org to Complete Goal,Done,James Bryant,712020:7919ac37-40c1-4b22-a858-9d188e7777ec,James Bryant,712020:7919ac37-40c1-4b22-a858-9d188e7777ec,03/Mar/26 11:51 AM,03/Mar/26 11:52 AM,03/Mar/26 11:52 AM,Aetna,Choosewell,SNAP,SVC,,,James Bryant,,712020:7919ac37-40c1-4b22-a858-9d188e7777ec,,0,,,,,,,,,,,,,,,,,,,,,No,,,,,,,,No,No,,,,,,,,,,,,,0|i0241b:,,,,,,,,,,,,,No,,,10013_*:*_1_*:*_45749_*|*_10034_*:*_1_*:*_0,,,,43286.0,NEIG-12366,Lucretia K Simpson,Done,03/Mar/26 11:52 AM
P0090,"Name only (matched existing person, DOB missing)",Person P0090,NEIG-12516,43915,House Navigation Care Path,External Org to Complete Goal,Done,James Bryant,712020:7919ac37-40c1-4b22-a858-9d188e7777ec,James Bryant,712020:7919ac37-40c1-4b22-a858-9d188e7777ec,03/Mar/26 11:50 AM,03/Mar/26 11:50 AM,03/Mar/26 11:50 AM,Choosewell,JCPS,Out-Of-ACM-Service-Area,Passport,SNAP,,James Bryant,,712020:7919ac37-40c1-4b22-a858-9d188e7777ec,,0,,,,,,,,,,,,,,,,,,,,,No,,,,,,,,No,No,,,,,,,,,,,,,0|i02413:,,,,,,,,,,,,,No,,,10013_*:*_1_*:*_16068_*|*_10034_*:*_1_*:*_0,03/Mar/26 11:50 AM;712020:7919ac37-40c1-4b22-a858-9d188e7777ec;UP For Women and Children,,,43458.0,NEIG-12408,Chelsea Horton,Done,03/Mar/26 11:50 AM
P0030,"Name only (matched existing person, DOB missing)",Person P0030,NEIG-12515,43913,Basic Supplies,External Org to Complete Goal,,James Bryant,712020:7919ac37-40c1-4b22-a858-9d188e7777ec,James Bryant,712020:7919ac37-40c1-4b22-a858-9d188e7777ec,03/Mar/26 11:44 AM,03/Mar/26 11:44 AM,,Choosewell,Humana-Medicaid,Passport,SNAP,SVC,,James Bryant,,712020:7919ac37-40c1-4b22-a858-9d188e7777ec,,0,,,,,,,,,,,,,,,,,,,,,No,,,,,,,,No,No,,,,,,,,,,,,,0|i0240v:,,,,,,,,,,,,,No,,,,03/Mar/26 11:44 AM;712020:7919ac37-40c1-4b22-a858-9d188e7777ec;JB referred to SVC,,,43003.0,NEIG-12264,Angelic Martin ,Done,03/Mar/26 11:44 AM
P0361,"Name only (matched existing person, DOB missing)",Person P0361,NEIG-12509,43901,Rent Assistance Care Path,External Org to Complete Goal,,James Bryant,712020:7919ac37-40c1-4b22-a858-9d188e7777ec,James Bryant,712020:7919ac37-40c1-4b22-a858-9d188e7777ec,03/Mar/26 11:13 AM,03/Mar/26 11:14 AM,,Humana-Medicaid,JCPS,SLCM,,,,James Bryant,,712020:7919ac37-40c1-4b22-a858-9d188e7777ec,,0,,,,,,,,,,,,,,,,,,,,,No,,,,,,,,No,No,,,,,,,,,,,,,0|i023zj:,,,,,,,,,,,,,No,,,,"03/Mar/26 11:14 AM;712020:7919ac37-40c1-4b22-a858-9d188e7777ec;JB referred to FAST program and Salvation Army, client reports recently accessing Humana Housing Benefit",,,41905.0,NEIG-12100,Tanja Miric,Done,03/Mar/26 11:13 AM
P0031,"Name only (matched existing person, DOB missing)",Person P0031,NEIG-12507,43897,Rent Assistance Care Path,External Org to Complete Goal,,James Bryant,712020:7919ac37-40c1-4b22-a858-9d188e7777ec,James Bryant,712020:7919ac37-40c1-4b22-a858-9d188e7777ec,03/Mar/26 11:08 AM,03/Mar/26 11:08 AM,,JCPS,LMHA,Passport,SAM,,,James Bryant,,712020:7919ac37-40c1-4b22-a858-9d188e7777ec,,0,,,,,,,,,,,,,,,,,,,,,No,,,,,,,,No,No,,,,,,,,,,,,,0|i023z3:,,,,,,,,,,,,,No,,,,03/Mar/26 11:08 AM;712020:7919ac37-40c1-4b22-a858-9d188e7777ec;JB referred to Shively Area Ministries,,,41642.0,NEIG-12060,Angelique Mitchell ,Done,03/Mar/26 11:08 AM
P0056,"Name only (matched existing person, DOB missing)",Person P0056,NEIG-12506,43895,House Navigation Care Path,Identifying Resources,Done,James Bryant,712020:7919ac37-40c1-4b22-a858-9d188e7777ec,James Bryant,712020:7919ac37-40c1-4b22-a858-9d188e7777ec,03/Mar/26 10:53 AM,18/Mar/26 8:40 AM,03/Mar/26 10:54 AM,EACM,Humana-Medicaid,Passport,SNAP,SSDI,,James Bryant,,712020:7919ac37-40c1-4b22-a858-9d188e7777ec,,0,,,,,,,,,,,,,,,,,,,,,No,,,,,,,,No,No,,,,,,,,,,,,,0|i023yv:,,,,,,,,,,,,,No,,,10013_*:*_1_*:*_9060_*|*_10034_*:*_1_*:*_0,"03/Mar/26 10:54 AM;712020:7919ac37-40c1-4b22-a858-9d188e7777ec;Client looking for new housing. JB referred to Stacy Harris, Passport, and UP For Women and Children

* ",,,42281.0,NEIG-12165,Betty Mills,In Progress,18/Mar/26 8:40 AM
P0105,"Name only (matched existing person, DOB missing)",Person P0105,NEIG-12500,43852,Utility Care Path,External Org to Complete Goal,Done,James Bryant,712020:7919ac37-40c1-4b22-a858-9d188e7777ec,James Bryant,712020:7919ac37-40c1-4b22-a858-9d188e7777ec,03/Mar/26 9:13 AM,03/Mar/26 9:13 AM,03/Mar/26 9:13 AM,Anthem,Choosewell,SVC,,,,James Bryant,,712020:7919ac37-40c1-4b22-a858-9d188e7777ec,,0,,,,,,,,,,,,,,,,,,,,,No,,,,,,,,No,No,,,,,,,,,,,,,0|i023xj:,,,,,,,,,,,,,No,,,10013_*:*_1_*:*_7020_*|*_10034_*:*_1_*:*_0,,,,43308.0,NEIG-12378,Crystal Dawn Gullion,Done,03/Mar/26 9:13 AM
P0420,"Name only (no DOB, no other match)",Person P0420,NEIG-12499,43850,Utility Care Path,External Org to Complete Goal,Done,James Bryant,712020:7919ac37-40c1-4b22-a858-9d188e7777ec,James Bryant,712020:7919ac37-40c1-4b22-a858-9d188e7777ec,03/Mar/26 8:40 AM,03/Mar/26 11:45 AM,03/Mar/26 11:45 AM,Anthem,Choosewell,WLCM,Young-adult,,,James Bryant,,712020:7919ac37-40c1-4b22-a858-9d188e7777ec,,0,,,,,,,,,,,,,,,,,,,,,No,,,,,,,,No,No,,,,,,,,,,,,,0|i023xb:,,,,,,,,,,,,,No,,,10013_*:*_1_*:*_11094201_*|*_10034_*:*_1_*:*_0,,,,43082.0,NEIG-12307,Grace J (Bechtel) Nimanaj,Done,03/Mar/26 11:45 AM
P0131,Name + DOB,Person P0131,NEIG-12485,43791,New Profile,Referral Only,,Johanna South,712020:3b2c2185-c76f-4d90-ad8c-9e260c73c318,Johanna South,712020:3b2c2185-c76f-4d90-ad8c-9e260c73c318,02/Mar/26 11:38 PM,20/Mar/26 1:42 PM,,Eviction_Court,LGBTQIA+,SNAP,WellCare,,,James Bryant,Johanna South,712020:7919ac37-40c1-4b22-a858-9d188e7777ec,712020:3b2c2185-c76f-4d90-ad8c-9e260c73c318,1,Louisville,,17/Mar/26 12:00 AM,,26.0,Unemployed but want to find work,Non-payment,Currently being evicted,Woman,Behavioral Health Care Path,Financial Stability Care Path,Food Care Path,Legal Assistance Care Path,LGBTQIA+,Person with a physical or mental disability,Yes,Rent- past due,700.0,WellCare,03/Mar/26 12:00 AM,No,Kirsten Wright,Childbirth,Job loss,Loss of job,Medical emergency or other health needs,Other,925.0,Yes,Yes,Hope + Door,Yes,1895.0,1,1,No,Call,Text,Medicaid,English,she/her,Prefer not to answer,0|i023u7:,Avoid an eviction,Come up with a plan to pay back rent,Find new housing,Find public/subsidized housing,132.143,An email with available resources and next steps,,No,Food benefits - TANF/SNAP,Other,KY,,No,40219,2026-03-03 18:03:56.855,,03/Mar/26 1:03 PM;712020:7919ac37-40c1-4b22-a858-9d188e7777ec;3/3/26 JB initial contact attempt via SimpleText,20/Mar/26 1:42 PM;712020:7919ac37-40c1-4b22-a858-9d188e7777ec;Client seeking eviction guidance,,,,,Done,20/Mar/26 1:42 PM
P0118,Name + DOB,Person P0118,NEIG-12469,43698,Connected Neighbor Profile,New Neighbor,,Johanna South,712020:3b2c2185-c76f-4d90-ad8c-9e260c73c318,Johanna South,712020:3b2c2185-c76f-4d90-ad8c-9e260c73c318,02/Mar/26 4:14 PM,22/Apr/26 8:21 AM,,HFTS,SVC,,,,,Johanna South,Lasha Clark,712020:3b2c2185-c76f-4d90-ad8c-9e260c73c318,712020:48d4fd1e-d57b-46d5-a370-e0de656dd4d8,1,Louisville,,,,24.0,Unemployed but want to find work,,Not being evicted,Woman,Financial Stability Care Path,Food Care Path,Social Support,Transportation Care Path,,,No,Unhoused,298.0,Humana,02/Mar/26 12:00 AM,No,,,,,,,,Yes,Yes,Lasha Clark Play Cousins Collective,Yes,,1,1,No,Call,Text,Medicaid,english,she/her,Black of African American,0|i023qn:,,,,,,An email with available resources and next steps,A phone call to further explain where you would like assistance,No,Food benefits - TANF/SNAP,Other,Ky,,No,40211,2026-03-05 15:31:33.329,,"05/Mar/26 10:31 AM;712020:48d4fd1e-d57b-46d5-a370-e0de656dd4d8;Completed intake forms for HFTS and created care plan. Caregiver will apply to IYA position, bring back two jobs and apply to two apartments.",,,,,,To Do,02/Mar/26 4:14 PM
P0375,"Name only (matched existing person, DOB missing)",Person P0375,NEIG-12466,43661,Rent Assistance Care Path,Goal Attained,Done,James Bryant,712020:7919ac37-40c1-4b22-a858-9d188e7777ec,James Bryant,712020:7919ac37-40c1-4b22-a858-9d188e7777ec,02/Mar/26 1:46 PM,02/Mar/26 1:46 PM,02/Mar/26 1:46 PM,Choosewell,JCPS,Passport,SLCM,SNAP,SSDI,James Bryant,,712020:7919ac37-40c1-4b22-a858-9d188e7777ec,,0,,,,,,,,,,,,,,,,,,,,,No,,,,,,,,No,No,,,,,,,,,,,,,0|i023pz:,,,,,,,,,,,,,No,,,10013_*:*_1_*:*_5183_*|*_10027_*:*_1_*:*_0,02/Mar/26 1:46 PM;712020:7919ac37-40c1-4b22-a858-9d188e7777ec;SLCM was able to pay client’s rent,,,40907.0,NEIG-11936,Tierra Martin,Done,02/Mar/26 1:46 PM
P0421,"Name only (no DOB, no other match)",Person P0421,NEIG-12465,43659,Rent Assistance Care Path,Goal Attained,Done,James Bryant,712020:7919ac37-40c1-4b22-a858-9d188e7777ec,James Bryant,712020:7919ac37-40c1-4b22-a858-9d188e7777ec,02/Mar/26 1:45 PM,02/Mar/26 1:45 PM,02/Mar/26 1:45 PM,Catholic_Charities,JCPS,Launch,SLCM,,,James Bryant,,712020:7919ac37-40c1-4b22-a858-9d188e7777ec,,0,,,,,,,,,,,,,,,,,,,,,No,,,,,,,,No,No,,,,,,,,,,,,,0|i023pr:,,,,,,,,,,,,,No,,,10013_*:*_1_*:*_10058_*|*_10027_*:*_1_*:*_0,02/Mar/26 1:45 PM;712020:7919ac37-40c1-4b22-a858-9d188e7777ec;SLCM was able to pay client’s rent,,,39638.0,NEIG-11740,Zuhura Mbaya,Done,02/Mar/26 1:45 PM
P0128,"Name only (matched existing person, DOB missing)",Person P0128,NEIG-12464,43657,House Navigation Care Path,External Org to Complete Goal,Done,James Bryant,712020:7919ac37-40c1-4b22-a858-9d188e7777ec,James Bryant,712020:7919ac37-40c1-4b22-a858-9d188e7777ec,02/Mar/26 1:35 PM,02/Mar/26 1:35 PM,02/Mar/26 1:35 PM,Humana-Medicaid,Pregnancy/Postpartum,SLCM,,,,James Bryant,,712020:7919ac37-40c1-4b22-a858-9d188e7777ec,,0,,,,,,,,,,,,,,,,,,,,,No,,,,,,,,No,No,,,,,,,,,,,,,0|i023pj:,,,,,,,,,,,,,No,,,10013_*:*_1_*:*_19466_*|*_10034_*:*_1_*:*_0,"02/Mar/26 1:35 PM;712020:7919ac37-40c1-4b22-a858-9d188e7777ec;UP For Women and Children, Passport, AffordableHousing.com",,,38942.0,NEIG-11638,Destiney L Newell,Done,02/Mar/26 1:35 PM
P0422,"Name only (no DOB, no other match)",Person P0422,NEIG-12463,43655,Rent Assistance Care Path,Goal Attained,Done,James Bryant,712020:7919ac37-40c1-4b22-a858-9d188e7777ec,James Bryant,712020:7919ac37-40c1-4b22-a858-9d188e7777ec,02/Mar/26 1:34 PM,02/Mar/26 1:34 PM,02/Mar/26 1:34 PM,SLCM,United,,,,,James Bryant,,712020:7919ac37-40c1-4b22-a858-9d188e7777ec,,0,,,,,,,,,,,,,,,,,,,,,No,,,,,,,,No,No,,,,,,,,,,,,,0|i023pb:,,,,,,,,,,,,,No,,,10013_*:*_1_*:*_10093_*|*_10027_*:*_1_*:*_0,02/Mar/26 1:34 PM;712020:7919ac37-40c1-4b22-a858-9d188e7777ec;SLCM was able to provide rent assistance,,,38792.0,NEIG-11608,Russell T Layman,Done,02/Mar/26 1:34 PM
P0240,"Name only (matched existing person, DOB missing)",Person P0240,NEIG-12446,43622,Rent Assistance Care Path,External Org to Complete Goal,,James Bryant,712020:7919ac37-40c1-4b22-a858-9d188e7777ec,James Bryant,712020:7919ac37-40c1-4b22-a858-9d188e7777ec,02/Mar/26 11:58 AM,02/Mar/26 11:58 AM,,Aetna,JCPS,Pregnancy/Postpartum,SLCM,SNAP,WellCare,James Bryant,,712020:7919ac37-40c1-4b22-a858-9d188e7777ec,,0,,,,,,,,,,,,,,,,,,,,,No,,,,,,,,No,No,,,,,,,,,,,,,0|i023lj:,,,,,,,,,,,,,No,,,,02/Mar/26 11:58 AM;712020:7919ac37-40c1-4b22-a858-9d188e7777ec;JB referred to Hope and Door,,,43249.0,NEIG-12346,Keisha Burriell ,Done,02/Mar/26 11:58 AM
P0090,Name + DOB,Person P0090,NEIG-12408,43458,Connected Neighbor Profile,New Neighbor,,Johanna South,712020:3b2c2185-c76f-4d90-ad8c-9e260c73c318,Johanna South,712020:3b2c2185-c76f-4d90-ad8c-9e260c73c318,27/Feb/26 3:44 PM,22/Apr/26 8:31 AM,,Choosewell,HFTS,JCPS,Passport,SNAP,,James Bryant,Johanna South,712020:7919ac37-40c1-4b22-a858-9d188e7777ec,712020:3b2c2185-c76f-4d90-ad8c-9e260c73c318,4,Louisville,,,Choosewell communities ,33.0,"Employed, but need more hours and/or different work",,Not being evicted,Woman,Financial Stability Care Path,,,,LGBTQIA+,Pregnant or recently postpartum,No,Unhoused,2000.0,Passport by Molina,27/Feb/26 12:00 AM,No,NA ,Loss of accessible transportation,Reduction in hours at work,,,,,Yes,Yes,Choosewell communities ,Yes,,3,2,No,Call,Text,Medicaid,English ,she/her,White,0|i023d3:,,,,,,An email with available resources and next steps,A phone call to further explain where you would like assistance,No,Food benefits - TANF/SNAP,Part-time employment,KY,,No,40203,2026-03-02 16:38:53.96,,02/Mar/26 11:38 AM;712020:7919ac37-40c1-4b22-a858-9d188e7777ec;3/2/26 JB initial contact via SimpleText,"03/Mar/26 11:49 AM;712020:7919ac37-40c1-4b22-a858-9d188e7777ec;Client is homeless and seeking assistance, JB referred to UP For Women and Children, Common Assessment, and Coordinated Shelter Access",22/Apr/26 8:31 AM;712020:7919ac37-40c1-4b22-a858-9d188e7777ec;Client now reports that they are living in VoA Unity House Shelter off Breckenridge St. Client’s Choosewell internship is about to end. Client inquired about work opportunities at SLCM,,,,To Do,03/Mar/26 11:50 AM
P0029,Name + DOB,Person P0029,NEIG-12402,43447,New Profile,Referral Only,,Johanna South,712020:3b2c2185-c76f-4d90-ad8c-9e260c73c318,Johanna South,712020:3b2c2185-c76f-4d90-ad8c-9e260c73c318,27/Feb/26 3:05 PM,11/Mar/26 4:12 PM,,JCPS,KRM,United,WLCM,,,James Bryant,Johanna South,712020:7919ac37-40c1-4b22-a858-9d188e7777ec,712020:3b2c2185-c76f-4d90-ad8c-9e260c73c318,8,Louisville,WLCM,,Gil Packaging,46.0,"Employed, but need more hours and/or different work",,Not being evicted,Woman,Financial Stability Care Path,Food Care Path,Transportation Care Path,,Refugee or Immigrant,,Yes,Rent - nothing past due,800.0,United Healthcare,27/Feb/26 12:00 AM,Yes,Esther Hatungimana,Household member left,Reduction in or loss of benefits,Unexpected expense,,,,Yes,Yes,"Kentucky Refugee Ministries, (502)479-9180",Yes,,More than 5,More than 5,No,Call,Text,Medicaid,Swahili ,she/her,Black of African American,0|i023br:,,,,,,An email with available resources and next steps,,No,Part-time employment,,KY,LG&E,Yes,40210,2026-03-02 16:38:36.77,,02/Mar/26 11:38 AM;712020:7919ac37-40c1-4b22-a858-9d188e7777ec;3/2/26 JB initial contact via SimpleText,05/Mar/26 8:23 AM;712020:7919ac37-40c1-4b22-a858-9d188e7777ec;3/5/26 JB second contact attempt,05/Mar/26 8:47 AM;712020:7919ac37-40c1-4b22-a858-9d188e7777ec;Client seeking rent and utility assistance,,,,Done,11/Mar/26 4:12 PM
P0016,Name + DOB,Person P0016,NEIG-12390,43425,Connected Neighbor Profile,New Neighbor,,Johanna South,712020:3b2c2185-c76f-4d90-ad8c-9e260c73c318,Johanna South,712020:3b2c2185-c76f-4d90-ad8c-9e260c73c318,27/Feb/26 2:06 PM,20/Mar/26 1:39 PM,,Choosewell,HFTS,JCPS,LMHA,Passport,SAM,James Bryant,Johanna South,712020:7919ac37-40c1-4b22-a858-9d188e7777ec,712020:3b2c2185-c76f-4d90-ad8c-9e260c73c318,1,Louisville,SAM,,,37.0,"Employed, but need more hours and/or different work",,Not being evicted,Woman,Financial Stability Care Path,Legal Assistance Care Path,,,Person with a physical or mental disability,,No,Rent - nothing past due,0.0,Passport by Molina,27/Feb/26 12:00 AM,No,,Loss of accessible transportation,Other,Unexpected expense,,,,Yes,Yes,,No,,3,1,No,Call,Text,Medicaid,English,she/her,White,0|i02393:,,,,,,,,Yes,Food benefits - TANF/SNAP,,Ky,LG&E,No,40216,2026-03-02 16:38:19.185,,02/Mar/26 11:38 AM;712020:7919ac37-40c1-4b22-a858-9d188e7777ec;3/2/26 JB initial contact via SimpleText,"05/Mar/26 10:19 AM;712020:7919ac37-40c1-4b22-a858-9d188e7777ec;Client seeking assistance with car insurance costs as well as LG&E bills, and furniture",,,,,To Do,20/Mar/26 1:39 PM
P0077,Name + DOB,Person P0077,NEIG-12381,43345,Connected Neighbor Profile,New Neighbor,,Johanna South,712020:3b2c2185-c76f-4d90-ad8c-9e260c73c318,Johanna South,712020:3b2c2185-c76f-4d90-ad8c-9e260c73c318,27/Feb/26 9:29 AM,06/Mar/26 10:23 AM,,Choosewell,HFTS,JAM,Passport,,,James Bryant,Johanna South,712020:7919ac37-40c1-4b22-a858-9d188e7777ec,712020:3b2c2185-c76f-4d90-ad8c-9e260c73c318,2,Louisville ,JAM,,1st Step Recovery ,28.0,Employed,,Not being evicted,Woman,,,,,,,No,Rent - nothing past due,29000.0,Passport by Molina,27/Feb/26 12:00 AM,No,Elizabeth ,,,,,,,Yes,Yes,,No,,2,3,No,Text,,Medicaid,English,she/her,Black of African American,0|i02373:,,,,,,An email with available resources and next steps,,No,Full-time employment,,Ky,,No,40220,2026-02-27 15:15:51.375,,27/Feb/26 10:15 AM;712020:7919ac37-40c1-4b22-a858-9d188e7777ec;2/27/26 JB initial contact via SimpleText,,,,,,To Do,03/Mar/26 11:47 AM
P0105,Name + DOB,Person P0105,NEIG-12378,43308,Connected Neighbor Profile,New Neighbor,,Johanna South,712020:3b2c2185-c76f-4d90-ad8c-9e260c73c318,Johanna South,712020:3b2c2185-c76f-4d90-ad8c-9e260c73c318,26/Feb/26 8:52 PM,06/Mar/26 10:23 AM,,Anthem,Choosewell,HFTS,SVC,,,James Bryant,Johanna South,712020:7919ac37-40c1-4b22-a858-9d188e7777ec,712020:3b2c2185-c76f-4d90-ad8c-9e260c73c318,1,Louisville ,SVC,,Seven counties services ,33.0,Employed,,Not being evicted,Woman,Financial Stability Care Path,Food Care Path,,,,,Yes,Rent - nothing past due,1800.0,Anthem,27/Feb/26 12:00 AM,No,,Reduction in or loss of benefits,Unexpected expense,,,,,Yes,Yes,Choosewell communitys,Yes,,1,0,No,Text,,Employee-coverage,English,she/her,White,0|i0236f:,,,,,,An email with available resources and next steps,,No,Full-time employment,,Ky,,No,40211,2026-02-27 14:13:58.817,,27/Feb/26 9:13 AM;712020:7919ac37-40c1-4b22-a858-9d188e7777ec;2/27/26 JB initial contact via Simpletext,,,,,,To Do,03/Mar/26 11:45 AM
P0061,Name + DOB,Person P0061,NEIG-12370,43293,Connected Neighbor Profile,New Neighbor,,Johanna South,712020:3b2c2185-c76f-4d90-ad8c-9e260c73c318,Johanna South,712020:3b2c2185-c76f-4d90-ad8c-9e260c73c318,26/Feb/26 8:28 PM,24/Mar/26 9:21 AM,,Choosewell,HFTS,Passport,SVC,,,James Bryant,Johanna South,712020:7919ac37-40c1-4b22-a858-9d188e7777ec,712020:3b2c2185-c76f-4d90-ad8c-9e260c73c318,1,Louisville ,SVC,,Accutec,42.0,Employed,,Not being evicted,Man,Behavioral Health Care Path,Financial Stability Care Path,Food Care Path,Healthcare Care Path,,,No,Rent - nothing past due,1200.0,Passport by Molina,27/Feb/26 12:00 AM,Yes,Martha,,,,,,,Yes,Yes,,No,,1,2,No,Call,Text,,English ,he/him,White,0|i0234n:,,,,,,An email with available resources and next steps,A phone call to further explain where you would like assistance,No,Full-time employment,,Kentucky ,LG&E,No,40211,2026-02-27 14:14:16.533,,27/Feb/26 9:14 AM;712020:7919ac37-40c1-4b22-a858-9d188e7777ec;2/27/26 JB initial contact via Simpletext,02/Mar/26 11:59 AM;712020:7919ac37-40c1-4b22-a858-9d188e7777ec;3/2/26 JB second contact attempt,05/Mar/26 8:20 AM;712020:7919ac37-40c1-4b22-a858-9d188e7777ec;3/5/26 JB third contact attempt via phone call,,,,To Do,06/Mar/26 2:17 PM
P0268,Name + DOB,Person P0268,NEIG-12366,43286,Connected Neighbor Profile,New Neighbor,,Johanna South,712020:3b2c2185-c76f-4d90-ad8c-9e260c73c318,Johanna South,712020:3b2c2185-c76f-4d90-ad8c-9e260c73c318,26/Feb/26 8:16 PM,06/Mar/26 10:22 AM,,Aetna,Choosewell,HFTS,SNAP,SVC,,James Bryant,Johanna South,712020:7919ac37-40c1-4b22-a858-9d188e7777ec,712020:3b2c2185-c76f-4d90-ad8c-9e260c73c318,1,Louisville ,SVC,,In Season,31.0,"Employed, but need more hours and/or different work",,Not being evicted,Woman,Financial Stability Care Path,Transportation Care Path,,,,,No,Rent - nothing past due,1000.0,Aetna,27/Feb/26 12:00 AM,No,Martha ,Reduction in hours at work,Reduction in or loss of benefits,Unexpected expense,,,,Yes,Yes,Brittany Burton/ChooseWell Communities/5024433998,Yes,,1,1,No,Text,,Medicaid,English,she/her,,0|i0233r:,,,,,,An email with available resources and next steps,A phone call to further explain where you would like assistance,No,Food benefits - TANF/SNAP,Part-time employment,Kentucky,,No,40211,2026-02-27 14:13:19.31,,27/Feb/26 9:13 AM;712020:7919ac37-40c1-4b22-a858-9d188e7777ec;2/27/26 JB initial contact via Simpletext,"03/Mar/26 10:43 AM;712020:7919ac37-40c1-4b22-a858-9d188e7777ec;Client seeking TARC passes and is interested in LG&E assistance, due to only paying the minimum to prevent disconnection each month",,,,,To Do,03/Mar/26 11:52 AM
P0269,Name + DOB,Person P0269,NEIG-12351,43258,Connected Neighbor Profile,New Neighbor,,Johanna South,712020:3b2c2185-c76f-4d90-ad8c-9e260c73c318,Johanna South,712020:3b2c2185-c76f-4d90-ad8c-9e260c73c318,26/Feb/26 8:03 PM,24/Mar/26 10:02 AM,,Choosewell,HFTS,MUSCL,Seven_Counties,WellCare,,James Bryant,Johanna South,712020:7919ac37-40c1-4b22-a858-9d188e7777ec,712020:3b2c2185-c76f-4d90-ad8c-9e260c73c318,2,Louisville,MUSCL,,,31.0,Unemployed but want to find work,,Not being evicted,Woman,Childcare Care Path,Financial Stability Care Path,Food Care Path,Pregnancy/Postpartum Care Path,Pregnant or recently postpartum,,No,Rent- past due,0.0,WellCare,27/Feb/26 12:00 AM,No,Seven counties housing,Childbirth,Loss of job,Medical emergency or other health needs,,,,Yes,Yes,Choosewell,Yes,,2,1,No,Text,,Medicaid,English,she/her,White,0|i0230f:,,,,,,,,No,No income,,KY,,No,40213,2026-02-27 14:13:09.499,,27/Feb/26 9:13 AM;712020:7919ac37-40c1-4b22-a858-9d188e7777ec;2/27/26 JB initial contact via Simpletext,,,,,,To Do,03/Mar/26 11:46 AM
P0240,Name + DOB,Person P0240,NEIG-12346,43249,New Profile,Referral Only,,Johanna South,712020:3b2c2185-c76f-4d90-ad8c-9e260c73c318,Johanna South,712020:3b2c2185-c76f-4d90-ad8c-9e260c73c318,26/Feb/26 7:50 PM,02/Mar/26 11:58 AM,,Aetna,JCPS,Pregnancy/Postpartum,SLCM,SNAP,WellCare,James Bryant,Johanna South,712020:7919ac37-40c1-4b22-a858-9d188e7777ec,712020:3b2c2185-c76f-4d90-ad8c-9e260c73c318,3,Louisville,SLCM,,N/a,41.0,Unemployed but want to find work,Non-payment,Unknown,Woman,Financial Stability Care Path,Pregnancy/Postpartum Care Path,,,Person with chronic health condition,Pregnant or recently postpartum,Yes,Rent- past due,0.0,Aetna,27/Feb/26 12:00 AM,Yes,Steve/michelle Halbauer,Household member left,Loss of job,,,Lost a job/had hours cut,1100.0,Yes,Yes,,No,3360.0,2,2,No,Text,,Medicaid,English,she/her,Black of African American,0|i022zb:,Come up with a plan to pay back rent,Find new housing,Find public/subsidized housing,Get rental assistance,,An email with available resources and next steps,,No,Food benefits - TANF/SNAP,,Kentucky,LG&E,Yes,40208,2026-02-27 14:12:58.982,,27/Feb/26 9:12 AM;712020:7919ac37-40c1-4b22-a858-9d188e7777ec;2/27/26 JB initial contact via Simpletext,"02/Mar/26 11:58 AM;712020:7919ac37-40c1-4b22-a858-9d188e7777ec;Client seeking rent assistance, JB referred to Hope and Door",,,,,Done,02/Mar/26 11:58 AM
P0275,Name + DOB,Person P0275,NEIG-12323,43174,Connected Neighbor Profile,Unable to Contact,,Johanna South,712020:3b2c2185-c76f-4d90-ad8c-9e260c73c318,Johanna South,712020:3b2c2185-c76f-4d90-ad8c-9e260c73c318,26/Feb/26 3:35 PM,11/Mar/26 9:10 AM,,JCPS,Passport,Seven_Counties,SLCM,,,James Bryant,Jerry Englehart,712020:7919ac37-40c1-4b22-a858-9d188e7777ec,712020:54a6e8ea-caf8-4460-817b-69ed38af698c,3,Louisville,SLCM,,,46.0,Unemployed but want to find work,,Not being evicted,Woman,Behavioral Health Care Path,Financial Stability Care Path,Food Care Path,Social Support,,,No,Staying with friends/family,0.0,Passport by Molina,26/Feb/26 12:00 AM,No,,Job loss,Loss of job,,,,,Yes,Yes,Seven Counties Services,Yes,,3,1,No,Call,,Medicaid,English,she/her,,0|i022u7:,,,,,,A phone call to further explain where you would like assistance,,No,No income,,KY,,No,40214,2026-02-27 14:12:19.281,,27/Feb/26 9:12 AM;712020:7919ac37-40c1-4b22-a858-9d188e7777ec;2/27/26 JB initial contact via Simpletext,02/Mar/26 11:55 AM;712020:7919ac37-40c1-4b22-a858-9d188e7777ec;3/2/26 JB second contact attempt,"02/Mar/26 12:02 PM;712020:7919ac37-40c1-4b22-a858-9d188e7777ec;Client reports needing help with “just about everything,” noting that specifically “a place to stay”",,,,Done,11/Mar/26 9:10 AM
P0311,Name + DOB,Person P0311,NEIG-12319,43135,New Profile,Referral Only,,Johanna South,712020:3b2c2185-c76f-4d90-ad8c-9e260c73c318,Johanna South,712020:3b2c2185-c76f-4d90-ad8c-9e260c73c318,26/Feb/26 1:34 PM,11/Mar/26 4:08 PM,,LMHA,WLCM,,,,,James Bryant,Johanna South,712020:7919ac37-40c1-4b22-a858-9d188e7777ec,712020:3b2c2185-c76f-4d90-ad8c-9e260c73c318,2,Louisville ,WLCM,,None ,26.0,Unemployed but want to find work,Non-payment,Currently being evicted,Man,Financial Stability Care Path,,,,Person with a physical or mental disability,Was/is in the foster care system,No,Rent- past due,0.0,I don't know,26/Feb/26 12:00 AM,No,Shaquoia Gibson,Eviction,Job loss,,,Have to pay other debt,290.0,Yes,Yes,,No,5000.0,1,1,No,Call,Text,,English ,he/him,Black of African American,0|i022tb:,Avoid an eviction,Come up with a plan to pay back rent,Find new housing,Get more time to move out,,A phone call to further explain where you would like assistance,,Yes,No income,,Ky ,,No,40210,2026-02-27 14:12:01.811,,27/Feb/26 9:12 AM;712020:7919ac37-40c1-4b22-a858-9d188e7777ec;2/27/26 JB initial contact via Simpletext,02/Mar/26 11:55 AM;712020:7919ac37-40c1-4b22-a858-9d188e7777ec;3/2/26 JB second contact attempt,03/Mar/26 11:54 AM;712020:7919ac37-40c1-4b22-a858-9d188e7777ec;Client responded and is currently attending drug classes,,,,Done,11/Mar/26 4:08 PM
P0211,Name + DOB,Person P0211,NEIG-12316,43130,Connected Neighbor Profile,New Neighbor,,Johanna South,712020:3b2c2185-c76f-4d90-ad8c-9e260c73c318,Johanna South,712020:3b2c2185-c76f-4d90-ad8c-9e260c73c318,26/Feb/26 1:23 PM,06/Mar/26 10:21 AM,,Choosewell,HFTS,MUSCL,Seven_Counties,SNAP,,James Bryant,Johanna South,712020:7919ac37-40c1-4b22-a858-9d188e7777ec,712020:3b2c2185-c76f-4d90-ad8c-9e260c73c318,1,Louisville ,MUSCL,,Metz Culinary Management ,29.0,Employed,,Not being evicted,Woman,Financial Stability Care Path,Legal Assistance Care Path,,,Was/is in the foster care system,,No,Rent- past due,2144.0,Other,26/Feb/26 12:00 AM,No,Seven Counties housing ,Unexpected expense,,,,,,Yes,Yes,,No,,1,1,No,Call,Text,Employee-coverage,English ,she/her,White,0|i022sn:,,,,,,,,No,Food benefits - TANF/SNAP,Full-time employment,KY,,No,40217,2026-02-27 14:11:50.153,,27/Feb/26 9:11 AM;712020:7919ac37-40c1-4b22-a858-9d188e7777ec;2/27/26 JB initial contact via Simpletext,"27/Feb/26 10:02 AM;712020:7919ac37-40c1-4b22-a858-9d188e7777ec;Client seeking help with $450 in arrears, client reports being able to pay next month",,,,,To Do,04/Mar/26 9:31 AM
P0151,Name + DOB,Person P0151,NEIG-12307,43082,Connected Neighbor Profile,New Neighbor,,Johanna South,712020:3b2c2185-c76f-4d90-ad8c-9e260c73c318,Johanna South,712020:3b2c2185-c76f-4d90-ad8c-9e260c73c318,26/Feb/26 11:29 AM,30/Jul/26 8:51 AM,,Anthem,Choosewell,HFTS,WLCM,Young-adult,,James Bryant,Johanna South,712020:7919ac37-40c1-4b22-a858-9d188e7777ec,712020:3b2c2185-c76f-4d90-ad8c-9e260c73c318,3,Louisville ,WLCM,,Boombozz ,23.0,Employed,,Not being evicted,Woman,Transportation Care Path,,,,,,No,Rent - nothing past due,75000.0,Anthem,26/Feb/26 12:00 AM,No,Ian ,Loss of accessible transportation,Loss of job,Reduction in hours at work,,,,Yes,Yes,Choosewell Communities ,Yes,,3,2,No,Text,,Employee-coverage,English,she/her,White,0|i022qn:,,,,,,An email with available resources and next steps,,No,Full-time employment,,Kentucky ,,No,40211,2026-02-27 14:11:11.294,,27/Feb/26 9:11 AM;712020:7919ac37-40c1-4b22-a858-9d188e7777ec;2/27/26 JB initial contact via Simpletext,,,,,,To Do,03/Mar/26 11:46 AM
P0423,"Name only (no DOB, no other match)",Person P0423,NEIG-12295,43062,Other,External Org to Complete Goal,,James Bryant,712020:7919ac37-40c1-4b22-a858-9d188e7777ec,James Bryant,712020:7919ac37-40c1-4b22-a858-9d188e7777ec,26/Feb/26 10:40 AM,26/Feb/26 10:41 AM,,Cancer,CLCM,Passport,SNAP,,,James Bryant,,712020:7919ac37-40c1-4b22-a858-9d188e7777ec,,0,,,,,,,,,,,,,,,,,,,,,No,,,,,,,,No,No,,,,,,,,,,,,,0|i022nz:,,,,,,,,,,,,,No,,,,26/Feb/26 10:41 AM;712020:7919ac37-40c1-4b22-a858-9d188e7777ec;JB referred to UP for Women and Children for client to obtain daughter’s birth certificate,,,41313.0,NEIG-12019,Tannie D Woodson,Done,26/Feb/26 10:41 AM
P0030,Name + DOB,Person P0030,NEIG-12264,43003,Connected Neighbor Profile,New Neighbor,,Johanna South,712020:3b2c2185-c76f-4d90-ad8c-9e260c73c318,Johanna South,712020:3b2c2185-c76f-4d90-ad8c-9e260c73c318,26/Feb/26 8:25 AM,24/Mar/26 9:21 AM,,Choosewell,HFTS,Humana-Medicaid,Passport,SNAP,SVC,James Bryant,Johanna South,712020:7919ac37-40c1-4b22-a858-9d188e7777ec,712020:3b2c2185-c76f-4d90-ad8c-9e260c73c318,1,Louisville ,SVC,,,33.0,Unemployed but want to find work,,Not being evicted,Woman,Financial Stability Care Path,Healthcare Care Path,Legal Assistance Care Path,,,,Yes,Rent - nothing past due,800.0,Humana,26/Feb/26 12:00 AM,Yes,Martha,Childbirth,,,,,,Yes,Yes,Choose well,Yes,,1,2,No,Call,Text,Medicaid,English ,she/her,White,0|i022h3:,,,,,,A phone call to further explain where you would like assistance,,No,Food benefits - TANF/SNAP,Full-time employment,Kentucky ,LG&E,No,40211,2026-02-26 14:37:45.345,,26/Feb/26 9:37 AM;712020:7919ac37-40c1-4b22-a858-9d188e7777ec;2/26/26 JB initial contact via SimpleText,"27/Feb/26 8:52 AM;712020:7919ac37-40c1-4b22-a858-9d188e7777ec;Client is seeking clothing for self and child, as well as LG&E assistance",,,,,To Do,03/Mar/26 11:44 AM
P0042,Name + DOB,Person P0042,NEIG-12259,42931,Connected Neighbor Profile,New Neighbor,,Johanna South,712020:3b2c2185-c76f-4d90-ad8c-9e260c73c318,Johanna South,712020:3b2c2185-c76f-4d90-ad8c-9e260c73c318,25/Feb/26 5:30 PM,06/Mar/26 10:22 AM,,Choosewell,HFTS,Seven_Counties,SNAP,,,James Bryant,Johanna South,712020:7919ac37-40c1-4b22-a858-9d188e7777ec,712020:3b2c2185-c76f-4d90-ad8c-9e260c73c318,1,Louisville KY ,,,Wayne Madison ,37.0,Other,,Not being evicted,Woman,Financial Stability Care Path,,,,,,No,Rent - nothing past due,291.0,Humana,25/Feb/26 12:00 AM,No,Seven counties ,Other,,,,,,Yes,Yes,N/a,No,,1,1,No,Text,,Medicaid,English ,she/her,White,0|i022fz:,,,,,,An email with available resources and next steps,,No,Food benefits - TANF/SNAP,Part-time employment,Ky,,No,40217,2026-02-26 14:37:30.908,,26/Feb/26 9:37 AM;712020:7919ac37-40c1-4b22-a858-9d188e7777ec;2/26/26 JB initial contact via SimpleText,27/Feb/26 3:29 PM;712020:7919ac37-40c1-4b22-a858-9d188e7777ec;2/27/26 JB second contact attempt,"04/Mar/26 8:46 AM;712020:7919ac37-40c1-4b22-a858-9d188e7777ec;Client was just looking for information about NN, was instructed to fill out the intake by Choosewell",,,,To Do,04/Mar/26 8:47 AM
P0324,Name + DOB,Person P0324,NEIG-12252,42886,New Profile,Referral Only,,Johanna South,712020:3b2c2185-c76f-4d90-ad8c-9e260c73c318,Johanna South,712020:3b2c2185-c76f-4d90-ad8c-9e260c73c318,25/Feb/26 2:26 PM,04/Mar/26 8:35 AM,,Passport,SLCM,SNAP,,,,James Bryant,Johanna South,712020:7919ac37-40c1-4b22-a858-9d188e7777ec,712020:3b2c2185-c76f-4d90-ad8c-9e260c73c318,1,Louisville ,SLCM,,Dollar general ,53.0,Unemployed but want to find work,,Not being evicted,Woman,Financial Stability Care Path,Food Care Path,Legal Assistance Care Path,Transportation Care Path,Person with a physical or mental disability,Person with chronic health condition,Yes,Rent- past due,0.0,Passport by Molina,25/Feb/26 12:00 AM,Yes,Barbra cox,Death in the family,Incarceration,Job loss,Loss of accessible transportation,,,Yes,Yes,Mike wells,Yes,,1,3,No,Call,Text,Medicaid,English ,she/her,White,0|i022ef:,,,,,,An email with available resources and next steps,A phone call to further explain where you would like assistance,No,Food benefits - TANF/SNAP,,Ky,LG&E,Yes,40215,2026-02-26 14:37:22.932,,26/Feb/26 9:37 AM;712020:7919ac37-40c1-4b22-a858-9d188e7777ec;2/26/26 JB initial contact via SimpleText,"27/Feb/26 3:28 PM;712020:7919ac37-40c1-4b22-a858-9d188e7777ec;Client was seeking LG&E assistance ,as well as food ",,,,,Done,04/Mar/26 8:35 AM
P0155,Name + DOB,Person P0155,NEIG-12231,42721,Connected Neighbor Profile,New Neighbor,,Johanna South,712020:3b2c2185-c76f-4d90-ad8c-9e260c73c318,Johanna South,712020:3b2c2185-c76f-4d90-ad8c-9e260c73c318,24/Feb/26 5:12 PM,06/Mar/26 10:20 AM,,Choosewell,HFTS,MUSCL,Seven_Counties,,,James Bryant,Johanna South,712020:7919ac37-40c1-4b22-a858-9d188e7777ec,712020:3b2c2185-c76f-4d90-ad8c-9e260c73c318,3,Louisville ,MUSCL,,Family Dollar,33.0,Employed,,Not being evicted,Woman,Financial Stability Care Path,Food Care Path,Social Support,Transportation Care Path,,,No,Rent - nothing past due,600.0,Other,24/Feb/26 12:00 AM,No,Seven Counties Housing ,Reduction in hours at work,,,,,,Yes,Yes,,No,,3,2,No,Text,,Medicaid,English ,she/her,White,0|i0229r:,,,,,,An email with available resources and next steps,,No,Full-time employment,,Kentucky ,,No,40213,2026-02-25 13:59:56.621,,25/Feb/26 8:59 AM;712020:7919ac37-40c1-4b22-a858-9d188e7777ec;2/25/26 JB initial contact attempt via Simpletext,26/Feb/26 3:52 PM;712020:7919ac37-40c1-4b22-a858-9d188e7777ec;2/26/26 JB second contact attempt,,,,,To Do,03/Mar/26 11:42 AM
P0207,Name + DOB,Person P0207,NEIG-12213,42624,New Profile,Referral Only,,Johanna South,712020:3b2c2185-c76f-4d90-ad8c-9e260c73c318,Johanna South,712020:3b2c2185-c76f-4d90-ad8c-9e260c73c318,24/Feb/26 1:28 PM,04/Mar/26 8:29 AM,,JCPS,SLCM,WellCare,,,,James Bryant,Johanna South,712020:7919ac37-40c1-4b22-a858-9d188e7777ec,712020:3b2c2185-c76f-4d90-ad8c-9e260c73c318,1,Louisville,SLCM,,,34.0,Unemployed but want to find work,,Unknown,Man,Financial Stability Care Path,,,,,,No,Rent- past due,2100.0,WellCare,24/Feb/26 12:00 AM,Yes,Stephen & Michelle ,Childbirth,Death in the family,Incarceration,Job loss,Lost a job/had hours cut,1150.0,Yes,Yes,,No,3350.0,3,1,No,Call,Text,Medicaid,English,he/him,,0|i0225z:,Avoid an eviction,Come up with a plan to pay back rent,Get rental assistance,,54.762,An email with available resources and next steps,A phone call to further explain where you would like assistance,No,No income,,KY,LG&E,No,40208,2026-02-25 14:00:41.651,,25/Feb/26 9:00 AM;712020:7919ac37-40c1-4b22-a858-9d188e7777ec;2/25/26 JB initial contact attempt via Simpletext,"25/Feb/26 11:12 AM;712020:7919ac37-40c1-4b22-a858-9d188e7777ec;Client seeking rent assistance, owe $3,300 over 3 months with March’s rent coming soon",,,,,Done,04/Mar/26 8:29 AM
P0056,Name + DOB,Person P0056,NEIG-12165,42281,Connected Neighbor Profile,New Neighbor,,Johanna South,712020:3b2c2185-c76f-4d90-ad8c-9e260c73c318,Johanna South,712020:3b2c2185-c76f-4d90-ad8c-9e260c73c318,21/Feb/26 11:47 AM,30/Apr/26 11:44 AM,,EACM,Humana-Medicaid,Passport,SNAP,SSDI,,James Bryant,Johanna South,712020:7919ac37-40c1-4b22-a858-9d188e7777ec,712020:3b2c2185-c76f-4d90-ad8c-9e260c73c318,3,Louisville,,,,49.0,Unemployed and not looking for work,Other,Currently being evicted,Woman,Childcare Care Path,,,,Person with a physical or mental disability,Person with chronic health condition,No,Rent- past due,1201.0,Humana,21/Feb/26 12:00 AM,No,Robert Meeds / Locust Woods,Issues with child care,Loss of job,Reduction in or loss of benefits,,Unexpected expense,1150.0,Yes,Yes,No,No,1860.0,2,4,No,Call,,Medicaid,English ,she/her,Black of African American,0|i021vj:,Find new housing,Find public/subsidized housing,Get more time to move out,Get rental assistance,,A phone call to further explain where you would like assistance,,No,Food benefits - TANF/SNAP,Social Security - SSI/SSDI,KY,,No,40245,2026-02-23 14:31:25.128,,23/Feb/26 9:31 AM;712020:7919ac37-40c1-4b22-a858-9d188e7777ec;2/23/26 JB initial contact attempt,25/Feb/26 8:35 AM;712020:7919ac37-40c1-4b22-a858-9d188e7777ec;2/25/26 JB second contact attempt,27/Feb/26 4:00 PM;712020:7919ac37-40c1-4b22-a858-9d188e7777ec;2/27/26 JB third contact attempt via phone call. Client’s voicemail is not set up. Sending NN Intake Welcome Email and marking UTC unless client responds,,,,To Do,03/Apr/26 11:45 AM
P0053,Name + DOB,Person P0053,NEIG-12163,42246,New Profile,Referral Only,,Johanna South,712020:3b2c2185-c76f-4d90-ad8c-9e260c73c318,Johanna South,712020:3b2c2185-c76f-4d90-ad8c-9e260c73c318,20/Feb/26 5:05 PM,17/Apr/26 12:54 PM,,Passport,SLCM,SNAP,,,,James Bryant,Johanna South,712020:7919ac37-40c1-4b22-a858-9d188e7777ec,712020:3b2c2185-c76f-4d90-ad8c-9e260c73c318,2,Louisville,SLCM,,Amazon,23.0,Employed,,Currently being evicted,Woman,,,,,,,No,Staying with friends/family,1689.0,Passport by Molina,20/Feb/26 12:00 AM,No,,Other,,,,Lost a job/had hours cut,899.0,Yes,Yes,,Yes,,1,1,No,Call,Text,Medicaid,English ,she/her,Black of African American,0|i021v3:,Avoid an eviction,Get my security deposit back,Get rental assistance,Other,53.227,An email with available resources and next steps,A phone call to further explain where you would like assistance,No,Food benefits - TANF/SNAP,Part-time employment,Kentucky,,No,40214,2026-02-23 14:31:05.667,,23/Feb/26 9:31 AM;712020:7919ac37-40c1-4b22-a858-9d188e7777ec;2/23/26 JB initial contact attempt,"25/Feb/26 8:34 AM;712020:7919ac37-40c1-4b22-a858-9d188e7777ec;Client seeking rent assistance. JB sent survey and invited to clinic, however client did not show up","25/Feb/26 12:35 PM;712020:7919ac37-40c1-4b22-a858-9d188e7777ec;Client was invited to rent assistance clinic, did not attend",,,,Done,17/Apr/26 12:54 PM
P0424,"Name only (no DOB, no other match)",Person P0424,NEIG-12140,42076,Healthcare Navigation Path,External Org to Complete Goal,Done,James Bryant,712020:7919ac37-40c1-4b22-a858-9d188e7777ec,James Bryant,712020:7919ac37-40c1-4b22-a858-9d188e7777ec,20/Feb/26 10:28 AM,20/Feb/26 10:28 AM,20/Feb/26 10:28 AM,JCPS,LMHA,SLCM,SNAP,Uninsured,Veteran,James Bryant,,712020:7919ac37-40c1-4b22-a858-9d188e7777ec,,0,,,,,,,,,,,,,,,,,,,,,No,,,,,,,,No,No,,,,,,,,,,,,,0|i021q7:,,,,,,,,,,,,,No,,,10013_*:*_1_*:*_9089_*|*_10034_*:*_1_*:*_0,"20/Feb/26 10:28 AM;712020:7919ac37-40c1-4b22-a858-9d188e7777ec;JB referred to KYNECT
",,,41230.0,NEIG-12008,Jessica A Drake,Done,20/Feb/26 10:28 AM
P0425,"Name only (no DOB, no other match)",Person P0425,NEIG-12139,42074,House Navigation Care Path,External Org to Complete Goal,Done,James Bryant,712020:7919ac37-40c1-4b22-a858-9d188e7777ec,James Bryant,712020:7919ac37-40c1-4b22-a858-9d188e7777ec,20/Feb/26 10:26 AM,20/Feb/26 10:27 AM,20/Feb/26 10:27 AM,Aetna,Former-foster-care-individual,SVC,Young-adult,,,James Bryant,,712020:7919ac37-40c1-4b22-a858-9d188e7777ec,,0,,,,,,,,,,,,,,,,,,,,,No,,,,,,,,No,No,,,,,,,,,,,,,0|i021pz:,,,,,,,,,,,,,No,,,10013_*:*_1_*:*_18826_*|*_10034_*:*_1_*:*_0,20/Feb/26 10:27 AM;712020:7919ac37-40c1-4b22-a858-9d188e7777ec;UP for women and children,,,41059.0,NEIG-11984,Sally Jar Carter ,Done,20/Feb/26 10:27 AM
P0426,"Name only (no DOB, no other match)",Person P0426,NEIG-12134,42064,Rent Assistance Care Path,External Org to Complete Goal,,James Bryant,712020:7919ac37-40c1-4b22-a858-9d188e7777ec,James Bryant,712020:7919ac37-40c1-4b22-a858-9d188e7777ec,20/Feb/26 9:39 AM,20/Feb/26 9:39 AM,,Humana-Medicaid,SAM,SNAP,,,,James Bryant,,712020:7919ac37-40c1-4b22-a858-9d188e7777ec,,0,,,,,,,,,,,,,,,,,,,,,No,,,,,,,,No,No,,,,,,,,,,,,,0|i021ov:,,,,,,,,,,,,,No,,,,20/Feb/26 9:39 AM;712020:7919ac37-40c1-4b22-a858-9d188e7777ec;JB referred to SAM,,,39734.0,NEIG-11757,Brilliant U Ramsey ,Done,20/Feb/26 9:39 AM
P0210,"Name only (matched existing person, DOB missing)",Person P0210,NEIG-12133,42062,Rent Assistance Care Path,Goal Attained,Done,James Bryant,712020:7919ac37-40c1-4b22-a858-9d188e7777ec,James Bryant,712020:7919ac37-40c1-4b22-a858-9d188e7777ec,20/Feb/26 9:38 AM,20/Feb/26 9:38 AM,20/Feb/26 9:38 AM,Beacon,Catholic_Charities,JCPS,SLCM,,,James Bryant,,712020:7919ac37-40c1-4b22-a858-9d188e7777ec,,0,,,,,,,,,,,,,,,,,,,,,No,,,,,,,,No,No,,,,,,,,,,,,,0|i021on:,,,,,,,,,,,,,No,,,10013_*:*_1_*:*_3463_*|*_10027_*:*_1_*:*_0,"20/Feb/26 9:38 AM;712020:7919ac37-40c1-4b22-a858-9d188e7777ec;Client was approved for SLCM rent assistance, check mailed 2/19/26",,,39598.0,NEIG-11735,Josephine Ebuela,Done,20/Feb/26 9:38 AM
P0169,Name + DOB,Person P0169,NEIG-12127,42050,New Profile,Referral Only,,Johanna South,712020:3b2c2185-c76f-4d90-ad8c-9e260c73c318,Johanna South,712020:3b2c2185-c76f-4d90-ad8c-9e260c73c318,20/Feb/26 9:19 AM,03/Mar/26 11:19 AM,,Eviction_Court,JCPS,SNAP,SVC,,,James Bryant,Johanna South,712020:7919ac37-40c1-4b22-a858-9d188e7777ec,712020:3b2c2185-c76f-4d90-ad8c-9e260c73c318,2,Louisville,,02/Mar/26 12:00 AM,Shawnee Christian Healthcare ,27.0,Unemployed but want to find work,Non-payment,Currently being evicted,Woman,Financial Stability Care Path,,,,Person with a physical or mental disability,Person with chronic health condition,No,Rent- past due,0.0,Passport by Molina,20/Feb/26 12:00 AM,No,The housing partnership ,Job loss,Loss of job,,,Lost a job/had hours cut,1125.0,Yes,Yes,The housing partnership ,Yes,4125.0,2,1,No,Call,Text,Medicaid,English ,she/her,Black of African American,0|i021nb:,Avoid an eviction,Come up with a plan to pay back rent,Get rental assistance,Stay out of court,,An email with available resources and next steps,A phone call to further explain where you would like assistance,No,Food benefits - TANF/SNAP,No income,KY,LG&E,No,40211,2026-02-23 14:26:53.166,,23/Feb/26 9:26 AM;712020:7919ac37-40c1-4b22-a858-9d188e7777ec;2/23/26 JB initial contact,"26/Feb/26 3:48 PM;712020:7919ac37-40c1-4b22-a858-9d188e7777ec;JB referred to Hope and Door, as well as Legal Aid. Client presently owes too much to prevent eviction ,or to qualify for Hope and Door. However, JB recommended paying the balance down to where just 2 months are owed, in order to qualify for Hope and Door",,,,,Done,03/Mar/26 11:19 AM
P0383,Name + DOB,Person P0383,NEIG-12113,41993,New Profile,Referral Only,,Johanna South,712020:3b2c2185-c76f-4d90-ad8c-9e260c73c318,Johanna South,712020:3b2c2185-c76f-4d90-ad8c-9e260c73c318,20/Feb/26 5:28 AM,03/Mar/26 11:17 AM,,CLCM,JCPS,Passport,SNAP,,,James Bryant,Johanna South,712020:7919ac37-40c1-4b22-a858-9d188e7777ec,712020:3b2c2185-c76f-4d90-ad8c-9e260c73c318,3,louisville,CLCM,,Jennifer Frizter,26.0,Employed,Non-payment,Currently being evicted,Woman,,,,,,,No,Rent- past due,2600.0,Passport by Molina,20/Feb/26 12:00 AM,No,Liberty Green,Childbirth,Death in the family,Job loss,Loss of job,Unexpected expense,576.0,Yes,Yes,,No,7000.0,3,1,No,Call,Text,Medicaid,english,she/her,Black of African American,0|i021k7:,Avoid an eviction,Come up with a plan to pay back rent,Get more time to move out,Get rental assistance,22.154,An email with available resources and next steps,A phone call to further explain where you would like assistance,No,Food benefits - TANF/SNAP,Full-time employment,kentucky,LG&E,No,40202,2026-02-23 14:24:29.224,,23/Feb/26 9:24 AM;712020:7919ac37-40c1-4b22-a858-9d188e7777ec;2/23/26 JB initial contact attempt,25/Feb/26 8:31 AM;712020:7919ac37-40c1-4b22-a858-9d188e7777ec;2/25/26 JB second contact attempt,02/Mar/26 11:48 AM;712020:7919ac37-40c1-4b22-a858-9d188e7777ec;3/2/26 JB third contact attempt via phone call. Client is looking for help preventing eviction which has not yet been filed. Client has not paid rent in about a year. JB said moving out before at most the second court date is best option,,,,Done,03/Mar/26 11:17 AM
P0361,Name + DOB,Person P0361,NEIG-12100,41905,Flourishing Neighbor Profile,Unable to Contact,,Johanna South,712020:3b2c2185-c76f-4d90-ad8c-9e260c73c318,Johanna South,712020:3b2c2185-c76f-4d90-ad8c-9e260c73c318,19/Feb/26 4:20 PM,10/Jul/26 10:47 AM,,HFTS,Humana-Medicaid,JCPS,LUL,SLCM,,James Bryant,Jerry Englehart,712020:7919ac37-40c1-4b22-a858-9d188e7777ec,712020:54a6e8ea-caf8-4460-817b-69ed38af698c,4,Louisville,SLCM,,It was Uber (hit by uninsured motorist) loss of car/job,32.0,Unemployed but want to find work,Non-payment,Not being evicted,Woman,Transportation Care Path,,,,Pregnant or recently postpartum,,No,Rent- past due,0.0,Humana,19/Feb/26 12:00 AM,No,"Amanpreet Brar, 14621 Anderson Woods Trail, Louisville, KY 40245",Loss of accessible transportation,Loss of job,Other,Unexpected expense,Lost a job/had hours cut,1000.0,Yes,Yes,"Highview Baptist Church, Tracy Roberts, Church volunteer",Yes,3000.0,3,1,No,Call,Text,Medicaid,English,she/her,Other,0|i021hb:,Avoid an eviction,Come up with a plan to pay back rent,Get rental assistance,Other,,An email with available resources and next steps,A phone call to further explain where you would like assistance,No,No income,,KY,Water,No,40215,2026-02-23 14:21:41.88,,23/Feb/26 9:21 AM;712020:7919ac37-40c1-4b22-a858-9d188e7777ec;2/23/26 JB initial contact attempt,"24/Feb/26 9:09 AM;712020:7919ac37-40c1-4b22-a858-9d188e7777ec;Client owes too much to receive SLCM rent assistance, client received Humana rent assistance and is going to apply for Salvation Army on Monday","20/Mar/26 11:16 AM;712020:54a6e8ea-caf8-4460-817b-69ed38af698c;TM messaged back that they were at the grocery store and we were able to talk for 30 minutes.

TM no showed on second HFTS meeting today. JE could not leave a VM because their inbox was not set up. JE sent an email asking for a text or email back to reschedule the meeting.",,,,Done,10/Jul/26 10:47 AM
P0038,Name + DOB,Person P0038,NEIG-12079,41740,Connected Neighbor Profile,New Neighbor,,Johanna South,712020:3b2c2185-c76f-4d90-ad8c-9e260c73c318,Johanna South,712020:3b2c2185-c76f-4d90-ad8c-9e260c73c318,19/Feb/26 9:32 AM,03/Apr/26 11:58 AM,,Beacon,Catholic_Charities,HFTS,Immigrant,SLCM,Young-adult,James Bryant,Johanna South,712020:7919ac37-40c1-4b22-a858-9d188e7777ec,712020:3b2c2185-c76f-4d90-ad8c-9e260c73c318,3,Louisville,SLCM,,,22.0,Unemployed but want to find work,,Not being evicted,Woman,Financial Stability Care Path,Food Care Path,,,Refugee or Immigrant,,No,Rent- past due,0.0,I don't know,19/Feb/26 12:00 AM,No,"Partridge Pointe Apartments, Beacon Property Management",Other,,,,,,Yes,Yes,"Tom Dunn, Catholic Charities of Louisville, 502-260-7683",Yes,,3,1,No,Call,,Medicaid,Swahili,she/her,Black of African American,0|i021cv:,,,,,,A phone call to further explain where you would like assistance,,No,No income,,KY,,No,40215,2026-02-23 14:19:23.563,,23/Feb/26 9:19 AM;712020:7919ac37-40c1-4b22-a858-9d188e7777ec;2/23/26 JB initial contact,"25/Feb/26 8:25 AM;712020:7919ac37-40c1-4b22-a858-9d188e7777ec;Client attended rent assistance clinic. Client is recently postpartum, and has not been working. Client initially expressed wanting to take 6 months off of work as maternity leave, and did not seem interested in working. JB expressed that that disqualifies her for rent assistance. Client reported that she would try to find work if we were able to help with her rent. JB to send workforce resources",11/Mar/26 11:24 AM;712020:7919ac37-40c1-4b22-a858-9d188e7777ec;Client does not actually owe any rent. Her lease ends at the end of the month ,,,,To Do,03/Apr/26 11:58 AM
P0382,Name + DOB,Person P0382,NEIG-12063,41679,New Profile,Duplicate,,Johanna South,712020:3b2c2185-c76f-4d90-ad8c-9e260c73c318,Johanna South,712020:3b2c2185-c76f-4d90-ad8c-9e260c73c318,19/Feb/26 4:18 AM,03/Mar/26 11:09 AM,,CLCM,JCPS,SNAP,,,,James Bryant,Johanna South,712020:7919ac37-40c1-4b22-a858-9d188e7777ec,712020:3b2c2185-c76f-4d90-ad8c-9e260c73c318,3,louisville,CLCM,,Jennifer Fitzner ,26.0,Employed,Non-payment,Currently being evicted,Woman,Financial Stability Care Path,,,,,,Yes,Rent- past due,2600.0,Passport by Molina,19/Feb/26 12:00 AM,Yes,Liberty Green,Childbirth,Death in the family,Eviction,Job loss,Other,576.0,Yes,Yes,,Yes,7000.0,3,1,No,Call,Text,Medicaid,english,she/her,Black of African American,0|i0219b:,Avoid an eviction,Come up with a plan to pay back rent,Find public/subsidized housing,Get rental assistance,22.154,An email with available resources and next steps,A phone call to further explain where you would like assistance,No,Food benefits - TANF/SNAP,Full-time employment,kentucky,LG&E,No,40202,2026-02-23 14:14:53.381,,23/Feb/26 9:14 AM;712020:7919ac37-40c1-4b22-a858-9d188e7777ec;2/23/26 JB initial contact attempt,24/Feb/26 8:24 AM;712020:7919ac37-40c1-4b22-a858-9d188e7777ec;Client seeking rent assistance,,,,,Done,03/Mar/26 11:09 AM
P0031,Name + DOB,Person P0031,NEIG-12060,41642,New Profile,Referral Only,,Johanna South,712020:3b2c2185-c76f-4d90-ad8c-9e260c73c318,Johanna South,712020:3b2c2185-c76f-4d90-ad8c-9e260c73c318,18/Feb/26 3:57 PM,03/Mar/26 11:09 AM,,JCPS,LMHA,Passport,SAM,,,James Bryant,Johanna South,712020:7919ac37-40c1-4b22-a858-9d188e7777ec,712020:3b2c2185-c76f-4d90-ad8c-9e260c73c318,1,louisville,SAM,,Walmart ,38.0,Employed,,Not being evicted,Woman,Financial Stability Care Path,,,,,,No,Rent- past due,1200.0,Passport by Molina,18/Feb/26 12:00 AM,Yes,Walnut grove apartment ,,,,,,,Yes,Yes,,No,,2,3,No,Call,Text,Medicaid,English ,she/her,American Indian/Alaskan Native,0|i0218n:,,,,,,An email with available resources and next steps,A phone call to further explain where you would like assistance,Yes,Part-time employment,,KY,LG&E,No,40216,2026-02-23 14:14:33.194,,23/Feb/26 9:14 AM;712020:7919ac37-40c1-4b22-a858-9d188e7777ec;2/23/26 JB initial contact attempt,24/Feb/26 8:21 AM;712020:7919ac37-40c1-4b22-a858-9d188e7777ec;Client seeking rent and utility assistance,,,,,Done,03/Mar/26 11:09 AM
P0174,Name + DOB,Person P0174,NEIG-12026,41358,New Profile,Referral Only,,Johanna South,712020:3b2c2185-c76f-4d90-ad8c-9e260c73c318,Johanna South,712020:3b2c2185-c76f-4d90-ad8c-9e260c73c318,17/Feb/26 7:05 PM,20/Feb/26 10:07 AM,,EACM,Eviction_Court,,,,,James Bryant,Johanna South,712020:7919ac37-40c1-4b22-a858-9d188e7777ec,712020:3b2c2185-c76f-4d90-ad8c-9e260c73c318,0,Louisville,EACM,31/Mar/26 12:00 AM,"Not currently working, my previous employer was Norton",28.0,Unemployed but want to find work,Non-payment,Currently being evicted,Woman,,,,,Pregnant or recently postpartum,,No,Rent- past due,200.0,Other,18/Feb/26 12:00 AM,No,Joseph Girouard ,Household member left,Job loss,Loss of job,Medical emergency or other health needs,Lost a job/had hours cut,1362.5,Yes,Yes,,No,5033.28,0,1,No,Call,Text,,English,she/her,Black of African American,0|i02113:,Avoid an eviction,Come up with a plan to pay back rent,Find new housing,Get rental assistance,681.25,An email with available resources and next steps,A phone call to further explain where you would like assistance,No,No income,,Kentucky,,No,40222,2026-02-18 14:10:26.008,,18/Feb/26 9:10 AM;712020:7919ac37-40c1-4b22-a858-9d188e7777ec;2/18/26 JB initial contact via Simpletext,"18/Feb/26 9:20 AM;712020:7919ac37-40c1-4b22-a858-9d188e7777ec;Client is being evicted, owe $5,033.28 from three months past due rent",,,,,Done,20/Feb/26 10:07 AM
P0362,Name + DOB,Person P0362,NEIG-12019,41313,New Profile,Referral Only,,Johanna South,712020:3b2c2185-c76f-4d90-ad8c-9e260c73c318,Johanna South,712020:3b2c2185-c76f-4d90-ad8c-9e260c73c318,17/Feb/26 4:30 PM,01/Jul/26 2:19 PM,,Cancer,CLCM,Passport,SNAP,,,James Bryant,Johanna South,712020:7919ac37-40c1-4b22-a858-9d188e7777ec,712020:3b2c2185-c76f-4d90-ad8c-9e260c73c318,3,Louisville ,,,Unemployed ,30.0,Unemployed but want to find work,,Not being evicted,Woman,Children's Education,Financial Stability Care Path,Healthcare Care Path,Legal Assistance Care Path,Person with cancer,Pregnant or recently postpartum,No,Rent - nothing past due,0.0,Passport by Molina,17/Feb/26 12:00 AM,No,Deona ,Job loss,Loss of accessible transportation,,,,,Yes,Yes,Stacey Milligan informed me to fill form out,Yes,,2,2,No,Text,,Medicaid,English ,she/her,Black of African American,0|i020zj:,,,,,,An email with available resources and next steps,,No,Food benefits - TANF/SNAP,,KY,,No,40210,2026-02-20 20:22:18.87,,"20/Feb/26 3:22 PM;712020:7919ac37-40c1-4b22-a858-9d188e7777ec;Client looking for birth certificate and second-chance employers, JB sent resources",,,,,,Done,26/Feb/26 10:41 AM
P0182,Name + DOB,Person P0182,NEIG-12012,41269,New Profile,Unable to Contact,,Johanna South,712020:3b2c2185-c76f-4d90-ad8c-9e260c73c318,Johanna South,712020:3b2c2185-c76f-4d90-ad8c-9e260c73c318,17/Feb/26 2:20 PM,26/Feb/26 10:39 AM,,CLCM,JCPS,Passport,,,,James Bryant,Johanna South,712020:7919ac37-40c1-4b22-a858-9d188e7777ec,712020:3b2c2185-c76f-4d90-ad8c-9e260c73c318,1,Louisville,CLCM,,Uofl,33.0,Unemployed but want to find work,,Not being evicted,Woman,Financial Stability Care Path,,,,Pregnant or recently postpartum,,Yes,Rent- past due,0.0,Passport by Molina,17/Feb/26 12:00 AM,No,Premium property,Eviction,Loss of job,,,,,Yes,Yes,,No,,3,4,No,Call,,Medicaid,English,she/her,Native Hawaiian or Other Pacific Islander,0|i020xz:,,,,,,A phone call to further explain where you would like assistance,,No,No income,,Ky,,No,40202,2026-02-18 14:02:17.534,,18/Feb/26 9:02 AM;712020:7919ac37-40c1-4b22-a858-9d188e7777ec;2/18/26 JB initial contact attempt via SimpleText,20/Feb/26 3:25 PM;712020:7919ac37-40c1-4b22-a858-9d188e7777ec;2/20/26 JB second contact attempt ,25/Feb/26 8:16 AM;712020:7919ac37-40c1-4b22-a858-9d188e7777ec;2/25/26 JB third contact attempt via phone call. JB left voicemail,,,,Done,26/Feb/26 10:39 AM
P0198,Name + DOB,Person P0198,NEIG-12008,41230,New Profile,Referral Only,,Johanna South,712020:3b2c2185-c76f-4d90-ad8c-9e260c73c318,Johanna South,712020:3b2c2185-c76f-4d90-ad8c-9e260c73c318,17/Feb/26 1:21 PM,20/Feb/26 10:27 AM,,JCPS,LMHA,SLCM,SNAP,Uninsured,Veteran,James Bryant,Johanna South,712020:7919ac37-40c1-4b22-a858-9d188e7777ec,712020:3b2c2185-c76f-4d90-ad8c-9e260c73c318,2,Louisville ,SLCM,,Kela Adams,47.0,"Employed, but need more hours and/or different work",,Not being evicted,Woman,Financial Stability Care Path,Transportation Care Path,,,Veteren,,No,Rent - nothing past due,940.0,I don't know,17/Feb/26 12:00 AM,No,Sadie Cole,Loss of accessible transportation,Unexpected expense,,,,,Yes,Yes,,No,,2,1,No,Call,Text,Other,English ,she/her,Black of African American,0|i020x3:,,,,,,A phone call to further explain where you would like assistance,,Yes,Food benefits - TANF/SNAP,Part-time employment,Kentucky,,No,40214,2026-02-18 14:00:31.77,,18/Feb/26 9:00 AM;712020:7919ac37-40c1-4b22-a858-9d188e7777ec;2/18/26 JB initial contact attempt via Simpletext,"18/Feb/26 9:17 AM;712020:7919ac37-40c1-4b22-a858-9d188e7777ec;Client seeking assistance with brakes, JB referred to USA Cares",,,,,Done,20/Feb/26 10:27 AM
P0322,Name + DOB,Person P0322,NEIG-11984,41059,New Profile,Referral Only,,Johanna South,712020:3b2c2185-c76f-4d90-ad8c-9e260c73c318,Johanna South,712020:3b2c2185-c76f-4d90-ad8c-9e260c73c318,16/Feb/26 5:03 PM,20/Feb/26 10:27 AM,,Aetna,Former-foster-care-individual,SVC,Young-adult,,,James Bryant,Johanna South,712020:7919ac37-40c1-4b22-a858-9d188e7777ec,712020:3b2c2185-c76f-4d90-ad8c-9e260c73c318,2,Louisville ,SVC,,,18.0,Unemployed but want to find work,,Not being evicted,Woman,Behavioral Health Care Path,Childcare Care Path,Financial Stability Care Path,Food Care Path,Pregnant or recently postpartum,Was/is in the foster care system,No,Staying with friends/family,0.0,Aetna,16/Feb/26 12:00 AM,No,,Job loss,,,,,,Yes,Yes,,No,,0,2,No,Call,Text,Medicaid,English ,she/her,Black of African American,0|i020rr:,,,,,,A phone call to further explain where you would like assistance,,No,Other,,Ky,I don't know,No,40203,2026-02-17 13:54:34.244,,17/Feb/26 8:54 AM;712020:7919ac37-40c1-4b22-a858-9d188e7777ec;2/17/26 JB initial contact via SimpleText,,,,,,Done,20/Feb/26 10:27 AM
P0246,Name + DOB,Person P0246,NEIG-11974,41010,New Profile,Referral Only,,Johanna South,712020:3b2c2185-c76f-4d90-ad8c-9e260c73c318,Johanna South,712020:3b2c2185-c76f-4d90-ad8c-9e260c73c318,16/Feb/26 2:31 PM,26/Feb/26 10:34 AM,,Aetna,LMHA,SLCM,,,,James Bryant,Johanna South,712020:7919ac37-40c1-4b22-a858-9d188e7777ec,712020:3b2c2185-c76f-4d90-ad8c-9e260c73c318,2,Louisville,,,,25.0,Unemployed but want to find work,,Not being evicted,Woman,,,,,Pregnant or recently postpartum,,No,Staying with friends/family,293.0,Aetna,16/Feb/26 12:00 AM,Yes,,Other,,,,,,Yes,Yes,,No,,2,1,No,Call,Text,Medicaid,English ,she/her,Black of African American,0|i020pj:,,,,,,An email with available resources and next steps,A phone call to further explain where you would like assistance,Yes,No income,,KY,LG&E,No,40214,2026-02-16 21:03:04.269,,16/Feb/26 4:03 PM;712020:7919ac37-40c1-4b22-a858-9d188e7777ec;2/16/26 JB initial contact via simpletext,"16/Feb/26 4:14 PM;712020:7919ac37-40c1-4b22-a858-9d188e7777ec;Neighbor is looking for assistance with old LG&E bill in order to start service at new place, client says SWCM is unable to help currently",,,,,Done,26/Feb/26 10:34 AM
P0297,Name + DOB,Person P0297,NEIG-11972,40975,Flourishing Neighbor Profile,Goals in Progress,,Johanna South,712020:3b2c2185-c76f-4d90-ad8c-9e260c73c318,Johanna South,712020:3b2c2185-c76f-4d90-ad8c-9e260c73c318,16/Feb/26 1:07 PM,13/Jul/26 1:57 PM,,HFTS,JCPS,LMHA,Passport,SLCM,SNAP,James Bryant,Johanna South,712020:7919ac37-40c1-4b22-a858-9d188e7777ec,712020:3b2c2185-c76f-4d90-ad8c-9e260c73c318,4,Louisville,SLCM,,,40.0,Other,I don't know,Received 7 day notice,Woman,Case Management Care Path,Children's Education,Eviction Prevention Care Path,Financial Stability Care Path,Person with a physical or mental disability,Person with chronic health condition,Yes,Rent - nothing past due,450.0,Passport by Molina,16/Feb/26 12:00 AM,Yes,RJ Sherman (property manager),Eviction,Onset of disability,Other,,Rent increase,300.0,Yes,Yes,,No,0.0,4,1,No,Call,Text,Medicaid,English,she/her,Black of African American,0|i020p3:,Avoid an eviction,Get rental assistance,Stay out of court,,,An email with available resources and next steps,,Yes,Food benefits - TANF/SNAP,Social Security - SSI/SSDI,Kentucky,,Yes,40215,2026-02-16 21:03:39.565,,16/Feb/26 4:03 PM;712020:7919ac37-40c1-4b22-a858-9d188e7777ec;2/16/26 JB initial contact via Simpletext,"02/Mar/26 4:17 PM;712020:7919ac37-40c1-4b22-a858-9d188e7777ec;Client came through ACM-MUW-JCPS pilot program. Abigail identified that client owed $491.50 more than pilot could help with, so client had Rent EAF meeting for the remainder. LL had sent ledger that did not show full balance owed, and told JB that he purposely sent a false ledger in order to guarantee rent assistance. Before LL committed to prevent eviction for 30 days, he was looking for clarification on whether or not eviction could still happen due to lease violations instead of non-payment. JB has looked at the lease, and it has predatory elements (i.e. tenant responsible for all appliances, pest control).

NB’s unit recently failed Section 8 inspection, due to missing knobs on the stove, and issues with mice. Navigator must try to coordinate between RJ (LL) and NB how to make the unit pass inspection. Other goals NB has are signing up for SSDI, and getting Section 8 to readjust her portion, so that it accurately reflects how much income she has coming in. NB wants to move, but RJ is unwilling to end lease prematurely. Rent is $358 each month, so it may not be difficult to find NB rent assistance funding once SSDI application is underway. ",,,,,In Progress,18/Mar/26 1:04 PM
P0018,Name + DOB,Person P0018,NEIG-11961,40955,New Profile,Unable to Contact,,Johanna South,712020:3b2c2185-c76f-4d90-ad8c-9e260c73c318,Johanna South,712020:3b2c2185-c76f-4d90-ad8c-9e260c73c318,16/Feb/26 10:58 AM,02/Mar/26 12:19 PM,,Anthem,SLCM,,,,,James Bryant,Johanna South,712020:7919ac37-40c1-4b22-a858-9d188e7777ec,712020:3b2c2185-c76f-4d90-ad8c-9e260c73c318,1,Louisville,SLCM,,Kroger,34.0,Employed,,Not being evicted,Woman,Financial Stability Care Path,Intimate Partner Violence Victim Care Path,,,,,No,Own home - mortgage past due,3000.0,Anthem,16/Feb/26 12:00 AM,No,Kentucky housing,Other,,,,,,Yes,Yes,,No,,1,1,No,Call,Text,Employee-coverage,English,she/her,White,0|i020mn:,,,,,,An email with available resources and next steps,,No,Full-time employment,,Ky,LG&E,No,40215,2026-02-16 16:36:50.381,,16/Feb/26 11:36 AM;712020:7919ac37-40c1-4b22-a858-9d188e7777ec;2/16/26 JB initial contact via SimpleText,"20/Feb/26 3:21 PM;712020:7919ac37-40c1-4b22-a858-9d188e7777ec;Client seeking rent assistance. JB sent survey, client seems like a good fit, but was unable to attend clinic. JB sent Calendly to reschedule",,,,,Done,02/Mar/26 12:19 PM
P0216,Name + DOB,Person P0216,NEIG-11949,40932,New Profile,Referral Only,,Johanna South,712020:3b2c2185-c76f-4d90-ad8c-9e260c73c318,Johanna South,712020:3b2c2185-c76f-4d90-ad8c-9e260c73c318,16/Feb/26 9:37 AM,02/Mar/26 1:55 PM,,Eviction_Court,JCPS,SNAP,SVC,United,,James Bryant,Johanna South,712020:7919ac37-40c1-4b22-a858-9d188e7777ec,712020:3b2c2185-c76f-4d90-ad8c-9e260c73c318,1,Louisville,SVC,25/Feb/26 12:00 AM,Done &Done CLEANING services,29.0,Other,Non-payment,Currently being evicted,Woman,Childcare Care Path,Financial Stability Care Path,Pregnancy/Postpartum Care Path,,Pregnant or recently postpartum,,No,Rent- past due,1500.0,United Healthcare,16/Feb/26 12:00 AM,Yes,Brenee young ,Eviction,Job loss,Loss of job,Medical emergency or other health needs,Other,1400.0,Yes,Yes,,No,2800.0,3,1,No,Call,Text,Medicaid,English ,she/her,Black of African American,0|i020k7:,Avoid an eviction,Come up with a plan to pay back rent,Get rental assistance,Stay out of court,93.333,A phone call to further explain where you would like assistance,,No,Food benefits - TANF/SNAP,Other,KY,LG&E,Yes,40211,2026-02-16 16:36:59.866,,16/Feb/26 11:36 AM;712020:7919ac37-40c1-4b22-a858-9d188e7777ec;2/16/26 JB initial contact via SimpleText,"20/Feb/26 3:19 PM;712020:7919ac37-40c1-4b22-a858-9d188e7777ec;Client seeking rent assistance, JB referred to WLCM. JB sent survey and then gave Aaron Flowers' phone number",,,,,Done,02/Mar/26 1:55 PM
P0427,"Name only (no DOB, no other match)",Person P0427,NEIG-11948,40931,Rent Assistance Care Path,External Org to Complete Goal,,James Bryant,712020:7919ac37-40c1-4b22-a858-9d188e7777ec,James Bryant,712020:7919ac37-40c1-4b22-a858-9d188e7777ec,16/Feb/26 9:29 AM,16/Feb/26 9:30 AM,,JCPS,Passport,SLCM,,,,James Bryant,,712020:7919ac37-40c1-4b22-a858-9d188e7777ec,,0,,,,,,,,,,,,,,,,,,,,,No,,,,,,,,No,No,,,,,,,,,,,,,0|i020jz:,,,,,,,,,,,,,No,,,,16/Feb/26 9:30 AM;712020:7919ac37-40c1-4b22-a858-9d188e7777ec;Client received rent assistance through EAF Housing as well as JCPS-MUW-ACM pilot,,,38621.0,NEIG-11584,Mycole D Harrison,Done,16/Feb/26 9:30 AM
P0375,Name + DOB,Person P0375,NEIG-11936,40907,Connected Neighbor Profile,New Neighbor,,Johanna South,712020:3b2c2185-c76f-4d90-ad8c-9e260c73c318,Johanna South,712020:3b2c2185-c76f-4d90-ad8c-9e260c73c318,16/Feb/26 9:19 AM,06/Mar/26 10:37 AM,,Choosewell,HFTS,JCPS,Passport,SLCM,SNAP,James Bryant,Johanna South,712020:7919ac37-40c1-4b22-a858-9d188e7777ec,712020:3b2c2185-c76f-4d90-ad8c-9e260c73c318,4,Louisville,SLCM,,,30.0,Unemployed but want to find work,,Unknown,Woman,Behavioral Health Care Path,Childcare Care Path,Financial Stability Care Path,Food Care Path,Pregnant or recently postpartum,,No,Rent- past due,534.0,Passport by Molina,16/Feb/26 12:00 AM,Yes,Masire Care (Sean) - Transitional Living,Death in the family,Household member left,Issues with child care,Onset of disability,Other,950.0,Yes,Yes,Leigh Ann Yost,Yes,975.0,4,1,No,Text,,Medicaid,english,she/her,Black of African American,0|i020hb:,Avoid an eviction,Come up with a plan to pay back rent,Find new housing,Get rental assistance,177.903,An email with available resources and next steps,,No,Food benefits - TANF/SNAP,Other,KY,LG&E,No,40215,2026-02-16 16:37:06.682,,16/Feb/26 11:37 AM;712020:7919ac37-40c1-4b22-a858-9d188e7777ec;2/16/26 JB initial contact via SimpleText,"19/Feb/26 2:43 PM;712020:7919ac37-40c1-4b22-a858-9d188e7777ec;JB met with TM, TM was approved for rent assistance",,,,,To Do,04/Mar/26 8:41 AM
P0099,"Name only (matched existing person, DOB missing)",Person P0099,NEIG-11932,40900,Rent Assistance Care Path,External Org to Complete Goal,,James Bryant,712020:7919ac37-40c1-4b22-a858-9d188e7777ec,James Bryant,712020:7919ac37-40c1-4b22-a858-9d188e7777ec,16/Feb/26 9:10 AM,16/Feb/26 9:10 AM,,Immigrant,JCPS,SLCM,SNAP,Uninsured,,James Bryant,,712020:7919ac37-40c1-4b22-a858-9d188e7777ec,,0,,,,,,,,,,,,,,,,,,,,,No,,,,,,,,No,No,,,,,,,,,,,,,0|i020gf:,,,,,,,,,,,,,No,,,,16/Feb/26 9:10 AM;712020:7919ac37-40c1-4b22-a858-9d188e7777ec;JB referred to Hope and Door,,,37130.0,NEIG-11293,Claudia Yamileth Almendarez,Done,16/Feb/26 9:10 AM
P0163,Name + DOB,Person P0163,NEIG-11920,40814,New Profile,Referral Only,,Johanna South,712020:3b2c2185-c76f-4d90-ad8c-9e260c73c318,Johanna South,712020:3b2c2185-c76f-4d90-ad8c-9e260c73c318,14/Feb/26 2:42 AM,21/Apr/26 4:25 PM,,Aetna,Eviction_Court,Fairdale,JCPS,SLCM,,James Bryant,Johanna South,712020:7919ac37-40c1-4b22-a858-9d188e7777ec,712020:3b2c2185-c76f-4d90-ad8c-9e260c73c318,3,Fairdale,,24/Feb/26 12:00 AM,Centerwell Home Health,31.0,Employed,Non-payment,Currently being evicted,Woman,,,,,,,No,Rent- past due,3700.0,Aetna,14/Feb/26 12:00 AM,No,Austin Park Apartments,Eviction,Medical emergency or other health needs,,,Lost a job/had hours cut,1349.0,Yes,Yes,,No,4047.0,3,1,No,Call,Text,Medicaid,English,she/her,Black of African American,0|i020dr:,Avoid an eviction,Come up with a plan to pay back rent,Stay out of court,,36.459,An email with available resources and next steps,A phone call to further explain where you would like assistance,No,Full-time employment,,Kentucky ,,No,40118,2026-02-16 13:54:00.121,,16/Feb/26 8:54 AM;712020:7919ac37-40c1-4b22-a858-9d188e7777ec;2/16/26 JB initial contact via Simpletext,"20/Feb/26 3:18 PM;712020:7919ac37-40c1-4b22-a858-9d188e7777ec;Client is being evicted, but reports they will have the entire balance owed by the time the second court date comes up. JB referred to Legal Aid and instructed them to pay once they have the funds.",,,,,Done,20/Feb/26 3:18 PM
P0428,"Name only (no DOB, no other match)",Person P0428,NEIG-11916,40744,House Navigation Care Path,External Org to Complete Goal,Done,James Bryant,712020:7919ac37-40c1-4b22-a858-9d188e7777ec,James Bryant,712020:7919ac37-40c1-4b22-a858-9d188e7777ec,13/Feb/26 11:04 AM,13/Feb/26 11:04 AM,13/Feb/26 11:04 AM,Passport,Pregnancy/Postpartum,SLCM,SNAP,,,James Bryant,,712020:7919ac37-40c1-4b22-a858-9d188e7777ec,,0,,,,,,,,,,,,,,,,,,,,,No,,,,,,,,No,No,,,,,,,,,,,,,0|i020cv:,,,,,,,,,,,,,No,,,10013_*:*_1_*:*_15803_*|*_10034_*:*_1_*:*_0,13/Feb/26 11:04 AM;712020:7919ac37-40c1-4b22-a858-9d188e7777ec;Stacy Harris,,,27510.0,NEIG-7889,Lamya Burns,Done,13/Feb/26 11:04 AM
P0429,"Name only (no DOB, no other match)",Person P0429,NEIG-11915,40742,Eviction Prevention Care Path,Goal No Longer Needed,Won't Do,James Bryant,712020:7919ac37-40c1-4b22-a858-9d188e7777ec,James Bryant,712020:7919ac37-40c1-4b22-a858-9d188e7777ec,13/Feb/26 11:04 AM,13/Aug/26 3:52 PM,13/Aug/26 3:52 PM,Passport,Pregnancy/Postpartum,SLCM,SNAP,,,James Bryant,,712020:7919ac37-40c1-4b22-a858-9d188e7777ec,,0,,,,,,,,,,,,,,,,,,,,,No,,,,,,,,No,No,,,,,,,,,,,,,0|i020cn:,,,,,,,,,,,,,No,,,10013_*:*_1_*:*_15652070350_*|*_10025_*:*_1_*:*_0,,,,27510.0,NEIG-7889,Lamya Burns,Done,13/Aug/26 3:52 PM
P0344,Name + DOB,Person P0344,NEIG-11908,40696,Connected Neighbor Profile,New Neighbor,,Johanna South,712020:3b2c2185-c76f-4d90-ad8c-9e260c73c318,Johanna South,712020:3b2c2185-c76f-4d90-ad8c-9e260c73c318,13/Feb/26 10:15 AM,06/Mar/26 10:37 AM,,Choosewell,CLCM,HFTS,JCPS,SNAP,SSDI,James Bryant,Johanna South,712020:7919ac37-40c1-4b22-a858-9d188e7777ec,712020:3b2c2185-c76f-4d90-ad8c-9e260c73c318,1,Louisville,CLCM,,disabled,32.0,Unemployed and not looking for work,,Not being evicted,Woman,Behavioral Health Care Path,Financial Stability Care Path,Food Care Path,Pregnancy/Postpartum Care Path,Person with a physical or mental disability,Pregnant or recently postpartum,No,Rent - nothing past due,1403.0,United Healthcare,13/Feb/26 12:00 AM,No,Sharon Realties,Medical emergency or other health needs,Other,,,,,Yes,Yes,"Leigh Ann Yost, ChooseWell Communities",Yes,,2,2,No,Text,,Medicaid,english,she/her,,0|i020b3:,,,,,,A phone call to further explain where you would like assistance,,No,Food benefits - TANF/SNAP,Social Security - SSI/SSDI,KY,,No,40203,2026-02-16 13:54:09.983,,16/Feb/26 8:54 AM;712020:7919ac37-40c1-4b22-a858-9d188e7777ec;2/16/26 JB initial contact via Simpletext,,,,,,To Do,20/Feb/26 3:15 PM
P0347,Name + DOB,Person P0347,NEIG-11901,40683,Connected Neighbor Profile,New Neighbor,,Johanna South,712020:3b2c2185-c76f-4d90-ad8c-9e260c73c318,Johanna South,712020:3b2c2185-c76f-4d90-ad8c-9e260c73c318,13/Feb/26 9:36 AM,06/Mar/26 10:37 AM,,Choosewell,HFTS,JCPS,LGBTQIA+,Passport,SWCM,James Bryant,Johanna South,712020:7919ac37-40c1-4b22-a858-9d188e7777ec,712020:3b2c2185-c76f-4d90-ad8c-9e260c73c318,7,Louisville,SWCM,17/Mar/26 12:00 AM,"ChooseWell Communities (intern) , DoorDash",31.0,"Employed, but need more hours and/or different work",Non-payment,Currently being evicted,Woman,Financial Stability Care Path,Social Support,Substance Use Services,,LGBTQIA+,Person with a physical or mental disability,No,Rent- past due,1200.0,Passport by Molina,13/Feb/26 12:00 AM,Yes,Newberry Parc Apartments,Job loss,Loss of job,Other,,Lost a job/had hours cut,1200.0,Yes,Yes,"Leigh Ann Yost, ChooseWell Communities",Yes,2376.0,0,1,No,,,Medicaid,english,she/her,American Indian/Alaskan Native,0|i0209j:,Avoid an eviction,Come up with a plan to pay back rent,Get more time to move out,Get rental assistance,100.0,,,No,Other,Part-time employment,KY,LG&E,No,40272,2026-02-16 13:54:25.975,,16/Feb/26 8:54 AM;712020:7919ac37-40c1-4b22-a858-9d188e7777ec;2/13/26 JB initial contact via SimpleText,"19/Feb/26 11:12 AM;712020:7919ac37-40c1-4b22-a858-9d188e7777ec;JB in contact with client, working on attempting to prevent eviction, client might move if Eviction is not able to be prevented",,,,,To Do,04/Mar/26 8:40 AM
P0386,Name + DOB,Person P0386,NEIG-11842,40303,New Profile,Unable to Contact,,Johanna South,712020:3b2c2185-c76f-4d90-ad8c-9e260c73c318,Johanna South,712020:3b2c2185-c76f-4d90-ad8c-9e260c73c318,11/Feb/26 12:52 PM,26/Feb/26 10:27 AM,,JCPS,Passport,SMAM,,,,James Bryant,Johanna South,712020:7919ac37-40c1-4b22-a858-9d188e7777ec,712020:3b2c2185-c76f-4d90-ad8c-9e260c73c318,2,Louisville,SMCM,18/Feb/26 12:00 AM,Gale Healthcare,27.0,Employed,Non-payment,Currently being evicted,Woman,,,,,Pregnant or recently postpartum,,No,Rent- past due,3000.0,Passport by Molina,11/Feb/26 12:00 AM,No,The Taylor @ 502 ,Issues with child care,Loss of job,Medical emergency or other health needs,,Lost a job/had hours cut,1399.0,Yes,Yes,,No,4000.0,2,0,No,Call,Text,Medicaid,,she/her,Black of African American,0|i01zwf:,Avoid an eviction,Come up with a plan to pay back rent,Get rental assistance,,46.633,An email with available resources and next steps,A phone call to further explain where you would like assistance,No,Full-time employment,,KY,,No,40220,2026-02-13 15:47:31.339,,13/Feb/26 10:47 AM;712020:7919ac37-40c1-4b22-a858-9d188e7777ec;2/13/26 JB initial contact,"16/Feb/26 9:05 AM;712020:7919ac37-40c1-4b22-a858-9d188e7777ec;Client is being evicted, seeking $4,200 in past due rent",,,,,Done,26/Feb/26 10:27 AM
P0274,Name + DOB,Person P0274,NEIG-11828,40161,Connected Neighbor Profile,New Neighbor,,Johanna South,712020:3b2c2185-c76f-4d90-ad8c-9e260c73c318,Johanna South,712020:3b2c2185-c76f-4d90-ad8c-9e260c73c318,10/Feb/26 4:59 PM,24/Feb/26 12:39 PM,,JCPS,,,,,,Clare Rutz Wallace,James Bryant,70121:72600a3a-ce8b-4753-8d99-02264a40d180,712020:7919ac37-40c1-4b22-a858-9d188e7777ec,1,Louisville,,07/Jan/26 12:00 AM,KnipperX now Caretria,46.0,Employed,Other,Currently being evicted,Woman,Transportation Care Path,,,,,,No,Staying at extended stay hotel or short-term housing,3120.0,Passport by Molina,10/Feb/26 12:00 AM,No,,Eviction,,,,Change to public benefits,0.0,Yes,Yes,Ray Blair,Yes,2169.3,4,1,No,Text,,Employee-coverage,English,she/her,Black of African American,0|i01ztb:,Find new housing,Get rental assistance,Seal eviction records,,0.0,An email with available resources and next steps,A phone call to further explain where you would like assistance,No,Full-time employment,,KY,,No,40228,2026-02-11 14:42:10.215,,11/Feb/26 9:42 AM;712020:7919ac37-40c1-4b22-a858-9d188e7777ec;2/11/26 JB reached out to see if client was interested in an in-person meeting,11/Feb/26 4:05 PM;712020:7919ac37-40c1-4b22-a858-9d188e7777ec;[~accountid:70121:72600a3a-ce8b-4753-8d99-02264a40d180] is set to meet with MW tomorrow morning,"24/Feb/26 12:38 PM;70121:72600a3a-ce8b-4753-8d99-02264a40d180;Connected with See Stacy Sunday and HPI, but still needs housing. 3000 income, needs 3 bedroom, wants to stay near kids' schools Asking [~accountid:712020:b45b5172-67c2-45ac-81f5-e5089b0bea5a] to help!",,,,To Do,10/Feb/26 4:59 PM
P0430,"Name only (no DOB, no other match)",Person P0430,NEIG-11827,40128,Play Cousins Care Path,New,,James Bryant,712020:7919ac37-40c1-4b22-a858-9d188e7777ec,James Bryant,712020:7919ac37-40c1-4b22-a858-9d188e7777ec,10/Feb/26 1:36 PM,10/Feb/26 1:36 PM,,CLCM,Humana-Medicaid,KYNship,,,,James Bryant,,712020:7919ac37-40c1-4b22-a858-9d188e7777ec,,0,,,,,,,,,,,,,,,,,,,,,No,,,,,,,,No,No,,,,,,,,,,,,,0|i01zt3:,,,,,,,,,,,,,No,,,,10/Feb/26 1:36 PM;712020:7919ac37-40c1-4b22-a858-9d188e7777ec;[~accountid:712020:48d4fd1e-d57b-46d5-a370-e0de656dd4d8] [~accountid:712020:ca990332-ded3-4c92-b49d-b8c8edfbed32] Client is interested in learning more about PCC services,,,24367.0,NEIG-6161,Jonathan h blair ,To Do,10/Feb/26 1:36 PM
P0132,Name + DOB,Person P0132,NEIG-11770,39789,New Profile,Referral Only,,Johanna South,712020:3b2c2185-c76f-4d90-ad8c-9e260c73c318,Johanna South,712020:3b2c2185-c76f-4d90-ad8c-9e260c73c318,07/Feb/26 6:34 PM,03/Mar/26 1:03 PM,,Eviction_Court,LGBTQIA+,MUSCL,SNAP,WellCare,,James Bryant,Johanna South,712020:7919ac37-40c1-4b22-a858-9d188e7777ec,712020:3b2c2185-c76f-4d90-ad8c-9e260c73c318,1,Louisville,MUSCL,17/Mar/26 12:00 AM,,26.0,Unemployed but want to find work,Other,Currently being evicted,Woman,Behavioral Health Care Path,Childcare Care Path,Financial Stability Care Path,Food Care Path,LGBTQIA+,Pregnant or recently postpartum,Yes,Rent- past due,750.0,WellCare,07/Feb/26 12:00 AM,Yes,Kirsten Wright,Childbirth,Loss of accessible transportation,Loss of job,Reduction in or loss of benefits,Other,942.0,Yes,Yes,,No,2859.85,1,1,No,Text,,Medicaid,English,she/her,Black of African American,0|i01zh3:,Avoid an eviction,Come up with a plan to pay back rent,Find new housing,Find public/subsidized housing,125.6,An email with available resources and next steps,A phone call to further explain where you would like assistance,No,Food benefits - TANF/SNAP,Other,Kentucky,LG&E,No,40219,2026-02-10 13:25:33.499,,10/Feb/26 8:25 AM;712020:7919ac37-40c1-4b22-a858-9d188e7777ec;2/10/26 JB initial contact,"10/Feb/26 9:00 AM;712020:7919ac37-40c1-4b22-a858-9d188e7777ec;Client seeking rent assistance to prevent eviction, client owes $3,000 over 3 months. Client was having Home of the Innocents pay her rent, but their rent assistance ran out of funding ",,,,,Done,02/Mar/26 1:53 PM
P0074,Name + DOB,Person P0074,NEIG-11757,39734,New Profile,Referral Only,,Johanna South,712020:3b2c2185-c76f-4d90-ad8c-9e260c73c318,Johanna South,712020:3b2c2185-c76f-4d90-ad8c-9e260c73c318,06/Feb/26 9:05 PM,20/Feb/26 9:40 AM,,Humana-Medicaid,SAM,SNAP,,,,James Bryant,Johanna South,712020:7919ac37-40c1-4b22-a858-9d188e7777ec,712020:3b2c2185-c76f-4d90-ad8c-9e260c73c318,1,Louisville ,SAM,,,23.0,Unemployed but want to find work,,Not being evicted,Woman,,,,,,,No,Rent- past due,0.0,Humana,07/Feb/26 12:00 AM,Yes,Kendy ; metro realty ,Issues with child care,Job loss,Loss of job,Reduction in hours at work,,,Yes,Yes,,No,,1,1,No,Call,Text,Medicaid,English ,she/her,Black of African American,0|i01ze7:,,,,,,An email with available resources and next steps,A phone call to further explain where you would like assistance,No,Food benefits - TANF/SNAP,No income,Ky ,LG&E,No,40216,2026-02-10 13:25:04.972,,10/Feb/26 8:25 AM;712020:7919ac37-40c1-4b22-a858-9d188e7777ec;2/10/26 JB initial contact,"13/Feb/26 1:51 PM;712020:7919ac37-40c1-4b22-a858-9d188e7777ec;Client seeking rent assistance, JB sent rent assistance form",,,,,Done,20/Feb/26 9:40 AM
P0396,Name + DOB,Person P0396,NEIG-11740,39638,New Profile,Referral Only,,Johanna South,712020:3b2c2185-c76f-4d90-ad8c-9e260c73c318,Johanna South,712020:3b2c2185-c76f-4d90-ad8c-9e260c73c318,06/Feb/26 1:33 PM,02/Mar/26 1:45 PM,,Catholic_Charities,JCPS,Launch,SLCM,,,James Bryant,Johanna South,712020:7919ac37-40c1-4b22-a858-9d188e7777ec,712020:3b2c2185-c76f-4d90-ad8c-9e260c73c318,1,Louisville,SLCM,,,31.0,Unemployed but want to find work,,Not being evicted,Woman,Financial Stability Care Path,Food Care Path,,,Refugee or Immigrant,,No,Rent- past due,0.0,I don't know,06/Feb/26 12:00 AM,No,"Beechmont Townhomes, Launch Property Management",Job loss,,,,,,Yes,Yes,"Tom Dunn, Catholic Charities of Louisville, 502-260-7683",Yes,,5,1,No,Call,,Medicaid,Swahili,she/her,Black of African American,0|i01zaf:,,,,,,A phone call to further explain where you would like assistance,,No,No income,,KY,,No,40214,2026-02-10 13:24:35.169,,10/Feb/26 8:24 AM;712020:7919ac37-40c1-4b22-a858-9d188e7777ec;2/10/26 JB initial contact,10/Feb/26 8:59 AM;712020:7919ac37-40c1-4b22-a858-9d188e7777ec;Tom Dunn submitted rent assistance request on behalf of client,,,,,Done,02/Mar/26 1:45 PM
P0210,Name + DOB,Person P0210,NEIG-11735,39598,New Profile,Unable to Contact,,Johanna South,712020:3b2c2185-c76f-4d90-ad8c-9e260c73c318,Johanna South,712020:3b2c2185-c76f-4d90-ad8c-9e260c73c318,06/Feb/26 11:05 AM,20/Feb/26 9:37 AM,,Beacon,Catholic_Charities,JCPS,SLCM,,,James Bryant,Johanna South,712020:7919ac37-40c1-4b22-a858-9d188e7777ec,712020:3b2c2185-c76f-4d90-ad8c-9e260c73c318,1,Louisville,,,,28.0,Unemployed but want to find work,,Not being evicted,Woman,Financial Stability Care Path,Food Care Path,,,Refugee or Immigrant,,No,Rent- past due,0.0,I don't know,06/Feb/26 12:00 AM,No,"Partridge Pointe Apartments, Beacon Property Management",Job loss,,,,,,Yes,Yes,"Tom Dunn, Catholic Charities, 502-260-7683",Yes,,4,1,No,Call,,Medicaid,Swahili,she/her,Black of African American,0|i01z9b:,,,,,,A phone call to further explain where you would like assistance,,No,No income,,KY,,No,40215,2026-02-10 13:24:17.791,,10/Feb/26 8:24 AM;712020:7919ac37-40c1-4b22-a858-9d188e7777ec;2/10/26 JB initial contact,10/Feb/26 8:59 AM;712020:7919ac37-40c1-4b22-a858-9d188e7777ec;Tom Dunn submitted rent assistance request for client,20/Feb/26 9:37 AM;712020:7919ac37-40c1-4b22-a858-9d188e7777ec;Client was granted rent assistance 2/19/26,,,,Done,20/Feb/26 9:37 AM
P0243,Name + DOB,Person P0243,NEIG-11727,39520,New Profile,Referral Only,,Johanna South,712020:3b2c2185-c76f-4d90-ad8c-9e260c73c318,Johanna South,712020:3b2c2185-c76f-4d90-ad8c-9e260c73c318,05/Feb/26 4:51 PM,20/Feb/26 9:37 AM,,JCPS,LMHA,Passport,SAM,,,James Bryant,Johanna South,712020:7919ac37-40c1-4b22-a858-9d188e7777ec,712020:3b2c2185-c76f-4d90-ad8c-9e260c73c318,8,Louisville ,SAM,08/Feb/26 12:00 AM,,30.0,Unemployed but want to find work,Non-payment,Currently being evicted,Woman,Children's Welfare (CPS),,,,Person with a physical or mental disability,,No,Rent- past due,0.0,Passport by Molina,05/Feb/26 12:00 AM,No,Meredith Cheng ,Eviction,,,,Lost a job/had hours cut,1225.0,Yes,Yes,"Samantha Graves, Therapist ",Yes,1125.0,More than 5,More than 5,No,Call,Text,Medicaid,English ,she/her,Black of African American,0|i01z7j:,Avoid an eviction,Get rental assistance,,,,A phone call to further explain where you would like assistance,,Yes,No income,,KY,,No,40216,2026-02-10 13:58:59.209,,"10/Feb/26 8:58 AM;712020:7919ac37-40c1-4b22-a858-9d188e7777ec;2/6/26 JB initial contact attempt
2/10/26 JB second contact attempt","13/Feb/26 1:52 PM;712020:7919ac37-40c1-4b22-a858-9d188e7777ec;Client seeking rent assistance, JB sent ACM Housing Form, client has not yet heard back from Shively",,,,,Done,20/Feb/26 9:37 AM
P0431,"Name only (no DOB, no other match)",Person P0431,NEIG-11726,39487,Utility Care Path,External Org to Complete Goal,Done,James Bryant,712020:7919ac37-40c1-4b22-a858-9d188e7777ec,James Bryant,712020:7919ac37-40c1-4b22-a858-9d188e7777ec,05/Feb/26 3:47 PM,05/Feb/26 3:48 PM,05/Feb/26 3:48 PM,Humana-Medicare,SAM,Senior,Seven_Counties,SSDI,,James Bryant,,712020:7919ac37-40c1-4b22-a858-9d188e7777ec,,0,,,,,,,,,,,,,,,,,,,,,No,,,,,,,,No,No,,,,,,,,,,,,,0|i01z7b:,,,,,,,,,,,,,No,,,10013_*:*_1_*:*_77864_*|*_10034_*:*_1_*:*_0,,,,35720.0,NEIG-10816,Ruth A. Arnett,Done,05/Feb/26 3:48 PM
P0315,Name + DOB,Person P0315,NEIG-11713,39399,New Profile,Unable to Contact,,Johanna South,712020:3b2c2185-c76f-4d90-ad8c-9e260c73c318,Johanna South,712020:3b2c2185-c76f-4d90-ad8c-9e260c73c318,05/Feb/26 8:20 AM,02/Mar/26 1:51 PM,,JCPS,LGBTQIA+,LMHA,Passport,WLCM,,James Bryant,Johanna South,712020:7919ac37-40c1-4b22-a858-9d188e7777ec,712020:3b2c2185-c76f-4d90-ad8c-9e260c73c318,3,LOUISVILLE,WLCM,,,36.0,Unemployed but want to find work,,Not being evicted,Woman,Behavioral Health Care Path,Financial Stability Care Path,Food Care Path,Transportation Care Path,LGBTQIA+,Person with a physical or mental disability,Yes,Rent - nothing past due,0.0,Passport by Molina,05/Feb/26 12:00 AM,No,Housing authority ,Job loss,Loss of accessible transportation,Loss of job,Onset of disability,,,Yes,Yes,Omni fit ,No,,3,1,No,Text,,Medicaid,"Engli, sh ",she/her,Black of African American,0|i01z4f:,,,,,,An email with available resources and next steps,A phone call to further explain where you would like assistance,No,No income,,Kentucky ,,No,40210,2026-02-06 15:12:00.604,,06/Feb/26 10:12 AM;712020:7919ac37-40c1-4b22-a858-9d188e7777ec;Client was referred by Jessica Guthrie from Passport,20/Feb/26 9:36 AM;712020:7919ac37-40c1-4b22-a858-9d188e7777ec;JB sent Calendly to schedule time to discuss HFTS program,,,,,Done,02/Mar/26 1:51 PM
P0203,Name + DOB,Person P0203,NEIG-11697,39307,New Profile,Referral Only,,Johanna South,712020:3b2c2185-c76f-4d90-ad8c-9e260c73c318,Johanna South,712020:3b2c2185-c76f-4d90-ad8c-9e260c73c318,04/Feb/26 6:05 PM,13/Feb/26 1:49 PM,,JCPS,Passport,Pregnancy/Postpartum,SAM,,,James Bryant,Johanna South,712020:7919ac37-40c1-4b22-a858-9d188e7777ec,712020:3b2c2185-c76f-4d90-ad8c-9e260c73c318,1,Louisville ,SAM,,Derby city gaming,35.0,Employed,,Not being evicted,Woman,Childcare Care Path,,,,Pregnant or recently postpartum,,No,Staying with friends/family,1200.0,Passport by Molina,04/Feb/26 12:00 AM,No,,Childbirth,,,,,,Yes,Yes,,No,,2,2,No,Text,,Medicare,English ,she/her,White,0|i01z0v:,,,,,,A phone call to further explain where you would like assistance,,No,Part-time employment,,Kentucky ,I don't know,No,40216,2026-02-10 13:52:42.74,,"10/Feb/26 8:52 AM;712020:7919ac37-40c1-4b22-a858-9d188e7777ec;2/6/26 JB initial contact attempt
2/10/26 JB second contact attempt","13/Feb/26 1:48 PM;712020:7919ac37-40c1-4b22-a858-9d188e7777ec;2/13/26 JB third contact attempt via phone call, client had been looking for a car seat. Client reports having found it elsewhere and not in need of any assistance at this time.",,,,,Done,13/Feb/26 1:48 PM
P0057,Name + DOB,Person P0057,NEIG-11658,39075,New Profile,Referral Only,,Johanna South,712020:3b2c2185-c76f-4d90-ad8c-9e260c73c318,Johanna South,712020:3b2c2185-c76f-4d90-ad8c-9e260c73c318,04/Feb/26 9:22 AM,02/Mar/26 1:37 PM,,JCPS,JCPS-Employee,SAM,SSDI,,,James Bryant,Johanna South,712020:7919ac37-40c1-4b22-a858-9d188e7777ec,712020:3b2c2185-c76f-4d90-ad8c-9e260c73c318,4,Louisville ,SAM,02/Mar/26 12:00 AM,JCPS (SNTA),34.0,Other,Non-payment,Currently being evicted,Woman,,,,,Person with chronic health condition,Pregnant or recently postpartum,No,Rent- past due,997.0,Humana,04/Feb/26 12:00 AM,Yes,Miss Sheila,Eviction,Loss of accessible transportation,Loss of job,Medical emergency or other health needs,Lost a job/had hours cut,1397.0,Yes,Yes,Salvation Army is giving $300 (5026714900),No,4229.0,4,1,No,Call,Text,Medicaid,English ,she/her,Black of African American,0|i01ysn:,Avoid an eviction,Come up with a plan to pay back rent,Get rental assistance,,140.12,An email with available resources and next steps,A phone call to further explain where you would like assistance,No,Social Security - SSI/SSDI,,Ky,LG&E,No,40216,2026-02-04 14:59:41.876,,"04/Feb/26 9:59 AM;712020:7919ac37-40c1-4b22-a858-9d188e7777ec;JB has been in contact with this client. Client’s family have been experiencing many health issues. Client recently started at JCPS, and will receive $1,000 from employment on 2/27. Client will also receive $997 from daughter’s SSDI, and has $300 pledged from Salvation Army",,,,,,Done,02/Mar/26 1:37 PM
P0128,Name + DOB,Person P0128,NEIG-11638,38942,New Profile,Referral Only,,Johanna South,712020:3b2c2185-c76f-4d90-ad8c-9e260c73c318,Johanna South,712020:3b2c2185-c76f-4d90-ad8c-9e260c73c318,04/Feb/26 5:13 AM,02/Mar/26 1:36 PM,,Humana-Medicaid,Pregnancy/Postpartum,SLCM,,,,James Bryant,Johanna South,712020:7919ac37-40c1-4b22-a858-9d188e7777ec,712020:3b2c2185-c76f-4d90-ad8c-9e260c73c318,0,,SLCM,,,24.0,Unemployed but want to find work,,Not being evicted,Woman,Childcare Care Path,Financial Stability Care Path,Food Care Path,Pregnancy/Postpartum Care Path,Pregnant or recently postpartum,,No,Staying with friends/family,2000.0,Humana,04/Feb/26 12:00 AM,No,,Childbirth,Household member left,Job loss,Loss of job,,,Yes,Yes,,No,,0,1,No,Call,Text,Medicaid,English ,she/her,Black of African American,0|i01yo7:,,,,,,An email with available resources and next steps,A phone call to further explain where you would like assistance,No,Other,,,,No,40214,2026-02-04 13:38:34.792,,04/Feb/26 8:38 AM;712020:7919ac37-40c1-4b22-a858-9d188e7777ec;2/4/26 JB initial contact,"04/Feb/26 9:46 AM;712020:7919ac37-40c1-4b22-a858-9d188e7777ec;Client recently discovered she is pregnant and is trying to get into her own apartment. JB inquired about where she is staying (zipcode), source of 2000/month income, and whether client is staying with friends or family, and whether or not she has her own room.","23/Feb/26 4:28 PM;712020:7919ac37-40c1-4b22-a858-9d188e7777ec;JB reached out about if client is interested in in-person meeting, client did not respond",,,,Done,02/Mar/26 1:36 PM
P0109,Name + DOB,Person P0109,NEIG-11622,38817,Flourishing Neighbor Profile,Goals in Progress,,Johanna South,712020:3b2c2185-c76f-4d90-ad8c-9e260c73c318,Johanna South,712020:3b2c2185-c76f-4d90-ad8c-9e260c73c318,03/Feb/26 3:48 PM,29/Jun/26 9:31 AM,,HFTS,Passport,SLCM,WellCare,,,Jerry Englehart,Johanna South,712020:54a6e8ea-caf8-4460-817b-69ed38af698c,712020:3b2c2185-c76f-4d90-ad8c-9e260c73c318,5,Louisville,SLCM,,,24.0,Unemployed but want to find work,,Not being evicted,Woman,Childcare Care Path,Children's Welfare (CPS),Financial Stability Care Path,Food Care Path,Pregnant or recently postpartum,Was/is in the foster care system,Yes,Rent - nothing past due,600.0,Passport by Molina,03/Feb/26 12:00 AM,Yes,Joni Blake,Childbirth,Household member left,Incarceration,Issues with child care,,0.0,Yes,Yes,,Yes,0.0,5,1,No,Call,E-mail,Medicaid,English,she/her,White,0|i01ykn:,Find new housing,Find public/subsidized housing,Seal eviction records,,0.0,An email with available resources and next steps,,Yes,Food benefits - TANF/SNAP,,Kentucky ,LG&E,Yes,40215,2026-02-05 15:37:02.83,,05/Feb/26 10:37 AM;712020:54a6e8ea-caf8-4460-817b-69ed38af698c;JE and DG are trying to set up a first HFTS meeting for the week of 02/09.,20/Feb/26 9:47 AM;712020:54a6e8ea-caf8-4460-817b-69ed38af698c;JE left a VM after waiting for DG to send PDFs of their T-Mobile bill.,"11/Mar/26 8:45 AM;712020:54a6e8ea-caf8-4460-817b-69ed38af698c;JE tried to call/text DG today and the phone is either off or as the message stated, they have calling restrictions set up. JE left a VM at the other number DG has asking for a call/text back.",,,,In Progress,16/Feb/26 8:32 AM
P0265,Name + DOB,Person P0265,NEIG-11615,38804,Flourishing Neighbor Profile,Nav No Longer Wanted,Won't Do,Johanna South,712020:3b2c2185-c76f-4d90-ad8c-9e260c73c318,Johanna South,712020:3b2c2185-c76f-4d90-ad8c-9e260c73c318,03/Feb/26 3:15 PM,02/Mar/26 2:20 PM,02/Mar/26 12:45 PM,Passport,SLCM,SNAP,Young-adult,,,James Bryant,Jerry Englehart,712020:7919ac37-40c1-4b22-a858-9d188e7777ec,712020:54a6e8ea-caf8-4460-817b-69ed38af698c,1,louisville,SLCM,,four pegs ,22.0,Unemployed but want to find work,Non-payment,Unknown,Woman,Childcare Care Path,Financial Stability Care Path,Pregnancy/Postpartum Care Path,Transportation Care Path,Pregnant or recently postpartum,,No,Rent- past due,0.0,Passport by Molina,03/Feb/26 12:00 AM,Yes,steven ,Childbirth,Loss of accessible transportation,Loss of job,,Lost a job/had hours cut,900.0,Yes,Yes,,No,500.0,1,1,No,Call,Text,Medicaid,english ,she/her,White,0|i01yj3:,Avoid an eviction,Get rental assistance,Stay out of court,,,An email with available resources and next steps,A phone call to further explain where you would like assistance,No,Food benefits - TANF/SNAP,No income,kentucky,LG&E,No,40209,2026-02-04 13:38:46.289,10009_*:*_2_*:*_62652301_*|*_10035_*:*_1_*:*_1177452_*|*_10036_*:*_1_*:*_785218712,04/Feb/26 8:38 AM;712020:7919ac37-40c1-4b22-a858-9d188e7777ec;2/4/26 JB initial contact,"04/Feb/26 8:59 AM;712020:7919ac37-40c1-4b22-a858-9d188e7777ec;Client seeking rent assistance after layoff. Client working with Goodwill to get GED, and is trying to get into Family Scholar House after that. Client is pregnant with her first child.","13/Feb/26 11:06 AM;712020:7919ac37-40c1-4b22-a858-9d188e7777ec;Client was denied for SLCM rent assistance, due to owing too much. JB referred to Hope and Door",,,,Done,02/Mar/26 12:45 PM
P0001,Name + DOB,Person P0001,NEIG-11612,38799,Connected Neighbor Profile,New Neighbor,,Johanna South,712020:3b2c2185-c76f-4d90-ad8c-9e260c73c318,Johanna South,712020:3b2c2185-c76f-4d90-ad8c-9e260c73c318,03/Feb/26 2:53 PM,06/Mar/26 10:34 AM,,Choosewell,HFTS,Humana-Medicaid,LMHA,Passport,SVC,James Bryant,Johanna South,712020:7919ac37-40c1-4b22-a858-9d188e7777ec,712020:3b2c2185-c76f-4d90-ad8c-9e260c73c318,2,Louisville ,SVC,,,33.0,Unemployed and not looking for work,,Not being evicted,Woman,Intimate Partner Violence Victim Care Path,Substance Use Services,,,Person with a physical or mental disability,,Yes,Rent - nothing past due,0.0,Humana,03/Feb/26 12:00 AM,No,,Loss of job,,,,,,Yes,Yes,Choosewell community ,Yes,,1,1,No,Text,,Medicaid,English ,she/her,White,0|i01yif:,,,,,,An email with available resources and next steps,,Yes,No income,,KY ,,No,40211,2026-02-04 13:38:54.23,,04/Feb/26 8:38 AM;712020:7919ac37-40c1-4b22-a858-9d188e7777ec;2/4/26 JB initial contact,,,,,,To Do,20/Feb/26 2:56 PM
P0319,Name + DOB,Person P0319,NEIG-11608,38792,New Profile,Referral Only,,Johanna South,712020:3b2c2185-c76f-4d90-ad8c-9e260c73c318,Johanna South,712020:3b2c2185-c76f-4d90-ad8c-9e260c73c318,03/Feb/26 2:13 PM,02/Mar/26 1:34 PM,,SLCM,United,,,,,James Bryant,Johanna South,712020:7919ac37-40c1-4b22-a858-9d188e7777ec,712020:3b2c2185-c76f-4d90-ad8c-9e260c73c318,1,Louisville,SLCM,,Omega Business Aquisitions ,21.0,"Employed, but need more hours and/or different work",,Unknown,Man,Financial Stability Care Path,Transportation Care Path,,,,,No,Rent- past due,2000.0,United Healthcare,03/Feb/26 12:00 AM,No,5 West / Heritage Green,Household member left,Job loss,Loss of accessible transportation,Loss of job,Lost a job/had hours cut,850.0,Yes,Yes,James Bryant | Neighbor Network,Yes,900.0,1,1,No,Call,Text,Medicaid,,he/him,Prefer not to answer,0|i01yhj:,Avoid an eviction,Come up with a plan to pay back rent,Get rental assistance,,42.5,An email with available resources and next steps,,No,Full-time employment,,KY,,No,40214,2026-02-04 13:39:00.524,,04/Feb/26 8:39 AM;712020:7919ac37-40c1-4b22-a858-9d188e7777ec;2/4/26 JB initial contact,10/Feb/26 8:49 AM;712020:7919ac37-40c1-4b22-a858-9d188e7777ec;Client filled out rent assistance form and was invited to clinic,,,,,Done,02/Mar/26 1:34 PM
P0291,Name + DOB,Person P0291,NEIG-11584,38621,New Profile,Referral Only,,Johanna South,712020:3b2c2185-c76f-4d90-ad8c-9e260c73c318,Johanna South,712020:3b2c2185-c76f-4d90-ad8c-9e260c73c318,02/Feb/26 4:02 PM,16/Feb/26 9:30 AM,,JCPS,Passport,SLCM,,,,James Bryant,Jerry Englehart,712020:7919ac37-40c1-4b22-a858-9d188e7777ec,712020:54a6e8ea-caf8-4460-817b-69ed38af698c,3,Louisville,SLCM,02/Feb/26 12:00 AM,Amergis,28.0,Employed,Non-payment,Unknown,Woman,Behavioral Health Care Path,Financial Stability Care Path,Food Care Path,Transportation Care Path,,,No,Rent- past due,2600.0,Passport by Molina,02/Feb/26 12:00 AM,Yes,Eric Alengier,Death in the family,Loss of accessible transportation,Reduction in hours at work,,Lost a job/had hours cut,1400.0,Yes,Yes,Hazelwood elementary FRC,Yes,1400.0,3,1,No,Call,Text,Medicaid,English,she/her,,0|i01yc7:,Avoid an eviction,Get rental assistance,Stay out of court,,53.846,A phone call to further explain where you would like assistance,,No,Full-time employment,,KY,LG&E,Yes,40215,2026-02-03 13:37:58.835,,03/Feb/26 8:37 AM;712020:7919ac37-40c1-4b22-a858-9d188e7777ec;2/3/26 - JB initial contact. Client is also listed on the MUW ACM FRYSC JotForm,"04/Feb/26 8:47 AM;712020:7919ac37-40c1-4b22-a858-9d188e7777ec;-Client seeking rent and utility assistance, referred by the FRYSC
 [~accountid:712020:5f321c74-fbc7-4091-a3ba-6ff1d3e046aa] [~accountid:712020:54a6e8ea-caf8-4460-817b-69ed38af698c] 

-Client has completed ACM Rent Assistance Form",04/Feb/26 1:12 PM;712020:54a6e8ea-caf8-4460-817b-69ed38af698c;[~accountid:712020:7919ac37-40c1-4b22-a858-9d188e7777ec] [~accountid:712020:5f321c74-fbc7-4091-a3ba-6ff1d3e046aa] their household could be considered for the Home From the Start pilot if they need additional support and we have capacity. I am just noting this down so it is on the radar.,,,,Done,16/Feb/26 9:30 AM
P0110,"Name only (matched existing person, DOB missing)",Person P0110,NEIG-11580,38614,Healthcare Navigation Path,External Org to Complete Goal,Done,James Bryant,712020:7919ac37-40c1-4b22-a858-9d188e7777ec,James Bryant,712020:7919ac37-40c1-4b22-a858-9d188e7777ec,02/Feb/26 3:13 PM,02/Feb/26 3:13 PM,02/Feb/26 3:13 PM,Humana-Medicaid,JCPS,SLCM,SNAP,,,James Bryant,,712020:7919ac37-40c1-4b22-a858-9d188e7777ec,,0,,,,,,,,,,,,,,,,,,,,,No,,,,,,,,No,No,,,,,,,,,,,,,0|i01ybb:,,,,,,,,,,,,,No,,,10013_*:*_1_*:*_9832_*|*_10034_*:*_1_*:*_0,02/Feb/26 3:13 PM;712020:7919ac37-40c1-4b22-a858-9d188e7777ec;JB referred to KYNECT,,,37915.0,NEIG-11460,Damaaria T Stephens,Done,02/Feb/26 3:13 PM
P0110,"Name only (matched existing person, DOB missing)",Person P0110,NEIG-11579,38612,Rent Assistance Care Path,External Org to Complete Goal,,James Bryant,712020:7919ac37-40c1-4b22-a858-9d188e7777ec,James Bryant,712020:7919ac37-40c1-4b22-a858-9d188e7777ec,02/Feb/26 3:11 PM,02/Feb/26 3:12 PM,,Humana-Medicaid,JCPS,SLCM,SNAP,,,James Bryant,,712020:7919ac37-40c1-4b22-a858-9d188e7777ec,,0,,,,,,,,,,,,,,,,,,,,,No,,,,,,,,No,No,,,,,,,,,,,,,0|i01yb3:,,,,,,,,,,,,,No,,,,"02/Feb/26 3:12 PM;712020:7919ac37-40c1-4b22-a858-9d188e7777ec;JB referred to Class Act Federal Credit Union, for neighbor to take out a loan towards their rental deposit",,,37915.0,NEIG-11460,Damaaria T Stephens,Done,02/Feb/26 3:12 PM
P0148,Name + DOB,Person P0148,NEIG-11564,38550,New Profile,Unable to Contact,,Johanna South,712020:3b2c2185-c76f-4d90-ad8c-9e260c73c318,Johanna South,712020:3b2c2185-c76f-4d90-ad8c-9e260c73c318,02/Feb/26 1:10 PM,02/Mar/26 1:33 PM,,Catholic_Charities,JCPS,SLCM,,,,James Bryant,Johanna South,712020:7919ac37-40c1-4b22-a858-9d188e7777ec,712020:3b2c2185-c76f-4d90-ad8c-9e260c73c318,1,Louisville,SLCM,,,27.0,Other,,Not being evicted,Man,Financial Stability Care Path,Food Care Path,,,Refugee or Immigrant,,No,Rent- past due,0.0,I don't know,02/Feb/26 12:00 AM,No,"Partridge Pointe Apartments, Beacon Property Management",Job loss,Medical emergency or other health needs,,,,,Yes,Yes,"Tom Dunn, Catholic Charities of Louisville, 502-260-7683",Yes,,1,2,No,Call,,Medicaid,Urdu,he/him,Asian,0|i01y7r:,,,,,,A phone call to further explain where you would like assistance,,No,No income,,KY,,No,40215,2026-02-04 13:39:30.632,,04/Feb/26 8:39 AM;712020:7919ac37-40c1-4b22-a858-9d188e7777ec;2/4/26 JB initial contact,"05/Feb/26 9:48 AM;712020:7919ac37-40c1-4b22-a858-9d188e7777ec;JB sent rent assistance form, with message translated to Urdu",,,,,Done,02/Mar/26 1:33 PM
P0432,"Name only (no DOB, no other match)",Person P0432,NEIG-11486,38092,House Navigation Care Path,External Org to Complete Goal,Done,James Bryant,712020:7919ac37-40c1-4b22-a858-9d188e7777ec,James Bryant,712020:7919ac37-40c1-4b22-a858-9d188e7777ec,28/Jan/26 1:00 PM,28/Jan/26 1:00 PM,28/Jan/26 1:00 PM,Aetna,JCPS,Passport,SWCM,,,James Bryant,,712020:7919ac37-40c1-4b22-a858-9d188e7777ec,,0,,,,,,,,,,,,,,,,,,,,,No,,,,,,,,No,No,,,,,,,,,,,,,0|i01xqf:,,,,,,,,,,,,,No,,,10013_*:*_1_*:*_7225_*|*_10034_*:*_1_*:*_0,,,,31196.0,NEIG-9412,Tiffany Cole,Done,28/Jan/26 1:00 PM
P0433,"Name only (no DOB, no other match)",Person P0433,NEIG-11484,38056,Rent Assistance Care Path,External Org to Complete Goal,,James Bryant,712020:7919ac37-40c1-4b22-a858-9d188e7777ec,James Bryant,712020:7919ac37-40c1-4b22-a858-9d188e7777ec,28/Jan/26 11:50 AM,28/Jan/26 11:51 AM,,JCPS,LMHA,Passport,Patriot_Derby,SNAP,SSDI,James Bryant,,712020:7919ac37-40c1-4b22-a858-9d188e7777ec,,0,,,,,,,,,,,,,,,,,,,,,No,,,,,,,,No,No,,,,,,,,,,,,,0|i01xpz:,,,,,,,,,,,,,No,,,,28/Jan/26 11:51 AM;712020:7919ac37-40c1-4b22-a858-9d188e7777ec;JB referred to Salvation Army,,,37722.0,NEIG-11424,Leandra denise anderson,Done,28/Jan/26 11:51 AM
P0110,Name + DOB,Person P0110,NEIG-11460,37915,New Profile,Referral Only,,Johanna South,712020:3b2c2185-c76f-4d90-ad8c-9e260c73c318,Johanna South,712020:3b2c2185-c76f-4d90-ad8c-9e260c73c318,27/Jan/26 12:00 PM,23/Feb/26 4:33 PM,,Humana-Medicaid,JCPS,SLCM,SNAP,,,James Bryant,Johanna South,712020:7919ac37-40c1-4b22-a858-9d188e7777ec,712020:3b2c2185-c76f-4d90-ad8c-9e260c73c318,1,Louisville ,SLCM,,,27.0,Unemployed but want to find work,,Not being evicted,Woman,Behavioral Health Care Path,Childcare Care Path,Financial Stability Care Path,Food Care Path,,,No,Rent- past due,0.0,Humana,27/Jan/26 12:00 AM,Yes,Debbie champion ,Job loss,Loss of accessible transportation,Loss of job,Reduction in or loss of benefits,,,Yes,Yes,211 ,No,,2,1,No,Text,,Medicaid,English,she/her,Black of African American,0|i01xkn:,,,,,,An email with available resources and next steps,,Yes,Food benefits - TANF/SNAP,No income,Kentucky ,LG&E,No,40214,2026-01-28 14:37:06.489,,28/Jan/26 9:37 AM;712020:7919ac37-40c1-4b22-a858-9d188e7777ec;1/28/26 JB initial contact,"02/Feb/26 3:14 PM;712020:7919ac37-40c1-4b22-a858-9d188e7777ec;Client seeking $1,000 towards deposit. Client has already accessed Salvation Army in the past two years. JB recommended taking out a loan from the credit union to cover deposit.",23/Feb/26 4:33 PM;712020:7919ac37-40c1-4b22-a858-9d188e7777ec;JB reached out to see if client is interested in 0-5 program,,,,Done,02/Feb/26 3:13 PM
P0434,"Name only (no DOB, no other match)",Person P0434,NEIG-11452,37901,Other,Connected to Resource,,Jerry Englehart,712020:54a6e8ea-caf8-4460-817b-69ed38af698c,Jerry Englehart,712020:54a6e8ea-caf8-4460-817b-69ed38af698c,27/Jan/26 11:10 AM,10/Jul/26 3:29 PM,,Aetna,Housed,JCPS,LMHA,Neighborhood_Place,SLCM,Jerry Englehart,,712020:54a6e8ea-caf8-4460-817b-69ed38af698c,,0,,,,,,,,,,,,,,,,,,,,,No,,,,,,,,No,No,,,,,,,,,,,,,0|i01xiv:,,,,,,,,,,,,,No,,,,27/Jan/26 11:11 AM;712020:54a6e8ea-caf8-4460-817b-69ed38af698c;Set up meeting for 01/28/26 at 2:30pm,30/Jan/26 3:05 PM;712020:54a6e8ea-caf8-4460-817b-69ed38af698c;Set up second meeting for 01/30/26 @ 1pm,"30/Jan/26 3:24 PM;712020:54a6e8ea-caf8-4460-817b-69ed38af698c;Last two meetings with MK were successful. We talked through many different topics as we made it through the Basic Needs Assessment. So far there will be $50 compensation for the two hours. These are the big possible themes/care plan ideas

* Diaper delivery through Aetna; is it possible?
* Can WIC be started back up?
* Youngest is in ECE/ECH? at Hazelwood Elem; another kid is at Iroquois HS--can we get them connected with MUW/JCPS funds for phone/internet bill, et cetera
* jobs for oldest kids in the household and for MK; can ValuMarket work with SLCM to employ families with specific hours during JCPS class times/what other jobs are there on the busline and walking distance
* MK may want her two youngest to transfer schools
* Disability lawyer for three of her kids with asthma; set up a first consultation?
* MK would like to visit her family in the Ivory Coast one day
* MK wants to pass her permit test
* starting an in-home daycare? how?
* budgeting
* what bills are in collections? anything medical?
* MUW/H2H 2.0 Kroger GC",17921.0,NEIG-859,Marilyn Katan,In Progress,30/Jan/26 3:04 PM
P0435,"Name only (no DOB, no other match)",Person P0435,NEIG-11451,37899,Other,Unable to Contact/Stopped Communication,Won't Do,Jerry Englehart,712020:54a6e8ea-caf8-4460-817b-69ed38af698c,Jerry Englehart,712020:54a6e8ea-caf8-4460-817b-69ed38af698c,27/Jan/26 11:09 AM,25/Feb/26 10:50 AM,25/Feb/26 10:49 AM,Patriot_Derby,,,,,,Jerry Englehart,,712020:54a6e8ea-caf8-4460-817b-69ed38af698c,,0,,,,,,,,,,,,,,,,,,,,,No,,,,,,,,No,No,,,,,,,,,,,,,0|i01xin:,,,,,,,,,,,,,No,,,10019_*:*_1_*:*_93339643_*|*_10020_*:*_1_*:*_0_*|*_10013_*:*_1_*:*_9518,27/Jan/26 11:09 AM;712020:54a6e8ea-caf8-4460-817b-69ed38af698c;JE set up a meeting for 01/28/26 at 10:30am,"28/Jan/26 1:06 PM;712020:54a6e8ea-caf8-4460-817b-69ed38af698c;First meeting with BC was successful. We discussed the 0-5 pilot program and went over the Basic Needs Assessment for this meeting, which was one hour long ($25 compensation).

Quick notes from the meeting:

* only the kids are on Aetna Medicaid; BC has health insurance through the VA
* wants to still work at least PT even though she gets VA disability pay
* both kids are on the Head Start waiting list; she is meeting next week with HS to fill out paperwork, but doesn’t know if this means her kids will get placed
* had tried for CCAP previously, but didn’t get it
* her son needs to be officially tested for Autism
* all known disabilities for BC are documented through the VA
* VOA is supposed to pay 50% of BC’s rent as long as she does not have a job; cannot really work until her kids are in Head Start/daycare
* VOA hasn’t paid their half of the rent for Dec, Jan, and possibly Feb 2026--BC states she cannot pay her half because Patriot Derby only take full payments from tenants in the portal once it is in past due status (is it possible for BC to pay with a cashier's check or agency check in-person for her portions for the three months); JE asked if PD will waive any late fees because of the VOA; 
* BC is attending ATA College for an associate's degree in medical assisting; it is a 17-month program (JE is unsure of when she started the program/semester, but the current semester is 10 weeks)
* getting a job in the near to middle term timeframe is the goal so she can pay her full rent and have enough for extra necessities
* can always use infant care supplies as they are available
* isn’t currently behind in any utilities; water is included in the rent; LG&E averages $130/month
* BC is making monthly payments on her car of roughly $658/month and owes roughly $24,000 in total on the vehicle; it currently needs an oil change--does the VA support car payment/loan?
* has a monthly phone plan with AT&T--is there a veterans discount already?",06/Feb/26 11:20 AM;712020:54a6e8ea-caf8-4460-817b-69ed38af698c;Second meeting set up for 02/06/26 @ 1:30pm--this may be the best time/day for set weekly meetings going forward,24423.0,NEIG-6192,Brianna M. Collier,Done,25/Feb/26 10:49 AM
P0263,Name + DOB,Person P0263,NEIG-11424,37722,New Profile,Referral Only,,Johanna South,712020:3b2c2185-c76f-4d90-ad8c-9e260c73c318,Johanna South,712020:3b2c2185-c76f-4d90-ad8c-9e260c73c318,24/Jan/26 2:50 PM,28/Jan/26 11:51 AM,,JCPS,LMHA,Passport,Patriot_Derby,SNAP,SSDI,James Bryant,Johanna South,712020:7919ac37-40c1-4b22-a858-9d188e7777ec,712020:3b2c2185-c76f-4d90-ad8c-9e260c73c318,1,Louisville ,SLCM,,N/a,31.0,Unemployed but want to find work,Non-payment,Unknown,Woman,Financial Stability Care Path,Legal Assistance Care Path,Pregnancy/Postpartum Care Path,,Pregnant or recently postpartum,,Yes,Rent- past due,994.0,Passport by Molina,24/Jan/26 12:00 AM,No,Victor,,,,,Change to public benefits,1200.0,Yes,Yes,,No,257.0,5,1,No,Text,,Medicaid,English ,she/her,Black of African American,0|i01xcn:,Avoid an eviction,Get my security deposit back,Stay out of court,,120.724,An email with available resources and next steps,,Yes,Food benefits - TANF/SNAP,No income,Kentucky ,I don't know,No,40215,2026-01-26 14:28:50.851,,26/Jan/26 9:28 AM;712020:7919ac37-40c1-4b22-a858-9d188e7777ec;1/26/26 JB initial contact via SimpleText,"28/Jan/26 11:47 AM;712020:7919ac37-40c1-4b22-a858-9d188e7777ec;Client owes $230 on rent, JB referred to Salvation Army",,,,,Done,28/Jan/26 11:51 AM
P0283,"Name only (matched existing person, DOB missing)",Person P0283,NEIG-11387,37495,Rent Assistance Care Path,External Org to Complete Goal,,James Bryant,712020:7919ac37-40c1-4b22-a858-9d188e7777ec,James Bryant,712020:7919ac37-40c1-4b22-a858-9d188e7777ec,22/Jan/26 1:53 PM,22/Jan/26 1:53 PM,,Anthem,JCPS,LMHA,SAM,SNAP,,James Bryant,,712020:7919ac37-40c1-4b22-a858-9d188e7777ec,,0,,,,,,,,,,,,,,,,,,,,,No,,,,,,,,No,No,,,,,,,,,,,,,0|i01x4f:,,,,,,,,,,,,,No,,,,22/Jan/26 1:53 PM;712020:7919ac37-40c1-4b22-a858-9d188e7777ec;JB referred to SAM,,,36671.0,NEIG-11181,Mikail Fawbush,Done,22/Jan/26 1:53 PM
P0092,"Name only (matched existing person, DOB missing)",Person P0092,NEIG-11366,37423,Rent Assistance Care Path,External Org to Complete Goal,,James Bryant,712020:7919ac37-40c1-4b22-a858-9d188e7777ec,James Bryant,712020:7919ac37-40c1-4b22-a858-9d188e7777ec,22/Jan/26 10:52 AM,22/Jan/26 10:53 AM,,Eviction_Court,JCPS,SLCM,SNAP,WellCare,,James Bryant,,712020:7919ac37-40c1-4b22-a858-9d188e7777ec,,0,,,,,,,,,,,,,,,,,,,,,No,,,,,,,,No,No,,,,,,,,,,,,,0|i01wzr:,,,,,,,,,,,,,No,,,,"22/Jan/26 10:53 AM;712020:7919ac37-40c1-4b22-a858-9d188e7777ec;Client owes too much to be covered by rent assistance. JB suggested KTAP and personal loan. Client said they did not want to be on KTAP, JB asked why and client stopped responding",,,36210.0,NEIG-10995,chelsey rae jones,Done,22/Jan/26 10:53 AM
P0084,"Name only (matched existing person, DOB missing)",Person P0084,NEIG-11354,37401,Transportation Care Path,External Org to Complete Goal,,James Bryant,712020:7919ac37-40c1-4b22-a858-9d188e7777ec,James Bryant,712020:7919ac37-40c1-4b22-a858-9d188e7777ec,22/Jan/26 10:37 AM,22/Jan/26 10:38 AM,,JCPS,LMHA,Passport,SAM,SSDI,,James Bryant,,712020:7919ac37-40c1-4b22-a858-9d188e7777ec,,0,,,,,,,,,,,,,,,,,,,,,No,,,,,,,,No,No,,,,,,,,,,,,,0|i01wx3:,,,,,,,,,,,,,No,,,,"22/Jan/26 10:38 AM;712020:7919ac37-40c1-4b22-a858-9d188e7777ec;JB referred to Goodwill (Cars to Work, bus passes) and KTAP",,,35947.0,NEIG-10903,Caizmere L. Davis,Done,22/Jan/26 10:37 AM
P0097,Name + DOB,Person P0097,NEIG-11347,37387,Connected Neighbor Profile,Unable to Contact,,Johanna South,712020:3b2c2185-c76f-4d90-ad8c-9e260c73c318,Johanna South,712020:3b2c2185-c76f-4d90-ad8c-9e260c73c318,22/Jan/26 10:28 AM,06/Mar/26 10:26 AM,,HFTS,JCPS,SLCM,,,,Jerry Englehart,Johanna South,712020:54a6e8ea-caf8-4460-817b-69ed38af698c,712020:3b2c2185-c76f-4d90-ad8c-9e260c73c318,3,Louisville,SLCM,,Signature Healthcare of Summerfield,29.0,Employed,,Not being evicted,Woman,Childcare Care Path,Financial Stability Care Path,Transportation Care Path,,,,No,Rent - nothing past due,2500.0,I don't know,22/Jan/26 12:00 AM,Yes,Wayne Gallavin,Issues with child care,Loss of accessible transportation,,,,,Yes,Yes,,No,,2,1,No,Text,,Employee-coverage,English,she/her,Black of African American,0|i01wvj:,,,,,,An email with available resources and next steps,,No,Full-time employment,,Kentucky,LG&E,Yes,40215,2026-01-23 19:26:57.039,,23/Jan/26 2:26 PM;712020:54a6e8ea-caf8-4460-817b-69ed38af698c;JE texted CW to see what her availability is next week to meet at the office to talk about the 0-5 pilot program and maybe do the first steps.,29/Jan/26 3:37 PM;712020:54a6e8ea-caf8-4460-817b-69ed38af698c;JE finalized a meeting date of 02/04/26 at 11am with CW. CW still needs to indicate if she needs a Lyft voucher or will take TARC to our offices.,05/Feb/26 10:36 AM;712020:54a6e8ea-caf8-4460-817b-69ed38af698c;Updated the meeting for 02/05/26 @ 9am. CW did not show and did not call/text to let JE know what happened. JE left a VM and text asking if we could reschedule.,,,,Done,18/Feb/26 3:26 PM
P0183,"Name only (matched existing person, DOB missing)",Person P0183,NEIG-11346,37386,Rent Assistance Care Path,External Org to Complete Goal,,James Bryant,712020:7919ac37-40c1-4b22-a858-9d188e7777ec,James Bryant,712020:7919ac37-40c1-4b22-a858-9d188e7777ec,22/Jan/26 10:20 AM,22/Jan/26 10:21 AM,,CLCM,Passport,,,,,James Bryant,,712020:7919ac37-40c1-4b22-a858-9d188e7777ec,,0,,,,,,,,,,,,,,,,,,,,,No,,,,,,,,No,No,,,,,,,,,,,,,0|i01wvb:,,,,,,,,,,,,,No,,,,22/Jan/26 10:21 AM;712020:7919ac37-40c1-4b22-a858-9d188e7777ec;JB referred to Hope and Door and CLCM,,,35548.0,NEIG-10757,Jamilatul Muqarrabin,Done,22/Jan/26 10:20 AM
P0178,Name + DOB,Person P0178,NEIG-11340,37310,New Profile,Unable to Contact,,Johanna South,712020:3b2c2185-c76f-4d90-ad8c-9e260c73c318,Johanna South,712020:3b2c2185-c76f-4d90-ad8c-9e260c73c318,21/Jan/26 8:48 PM,22/Jan/26 9:04 AM,,EACM,Eviction_Court,United,,,,James Bryant,Johanna South,712020:7919ac37-40c1-4b22-a858-9d188e7777ec,712020:3b2c2185-c76f-4d90-ad8c-9e260c73c318,1,Prospect ,EACM,10/Feb/26 12:00 AM,Flextrades ,54.0,Employed,Non-payment,Currently being evicted,Man,,,,,Person with a physical or mental disability,,No,Rent- past due,900.0,United Healthcare,22/Jan/26 12:00 AM,No,Mary Loudry,Eviction,Medical emergency or other health needs,,,Lost a job/had hours cut,1650.0,Yes,Yes,,No,16000.0,1,3,No,Call,Text,Medicaid,English ,Other,American Indian/Alaskan Native,0|i01wtz:,Avoid an eviction,Come up with a plan to pay back rent,Get rental assistance,Stay out of court,183.333,An email with available resources and next steps,A phone call to further explain where you would like assistance,No,Full-time employment,,Kentucky ,,No,40059,2026-01-22 14:02:16.509,,22/Jan/26 9:02 AM;712020:7919ac37-40c1-4b22-a858-9d188e7777ec;1/22/26 JB initial contact,22/Jan/26 9:04 AM;712020:7919ac37-40c1-4b22-a858-9d188e7777ec;Client replied “Stop” to outreach attempt. Marking unable to contact.,,,,,Done,22/Jan/26 9:04 AM
P0256,"Name only (matched existing person, DOB missing)",Person P0256,NEIG-11320,37211,Rent Assistance Care Path,Goal No Longer Wanted,Won't Do,James Bryant,712020:7919ac37-40c1-4b22-a858-9d188e7777ec,James Bryant,712020:7919ac37-40c1-4b22-a858-9d188e7777ec,21/Jan/26 10:32 AM,02/Feb/26 2:47 PM,02/Feb/26 2:47 PM,Anthem,JCPS,Passport,SLCM,,,James Bryant,,712020:7919ac37-40c1-4b22-a858-9d188e7777ec,,0,,,,,,,,,,,,,,,,,,,,,No,,,,,,,,No,No,,,,,,,,,,,,,0|i01wpj:,,,,,,,,,,,,,No,,,10013_*:*_1_*:*_1052102369_*|*_10026_*:*_1_*:*_0,02/Feb/26 2:47 PM;712020:7919ac37-40c1-4b22-a858-9d188e7777ec;Client paid rent by borrowing money.,,,37148.0,NEIG-11303,Lamanda Huff ,Done,02/Feb/26 2:47 PM
P0256,Name + DOB,Person P0256,NEIG-11303,37148,New Profile,Referral Only,,Johanna South,712020:3b2c2185-c76f-4d90-ad8c-9e260c73c318,Johanna South,712020:3b2c2185-c76f-4d90-ad8c-9e260c73c318,20/Jan/26 2:31 PM,02/Feb/26 2:48 PM,,Anthem,JCPS,Passport,SLCM,,,James Bryant,Johanna South,712020:7919ac37-40c1-4b22-a858-9d188e7777ec,712020:3b2c2185-c76f-4d90-ad8c-9e260c73c318,4,Louisville,SLCM,,UofL at Jewish Hospital ,43.0,Employed,,Not being evicted,Woman,,,,,,,No,Rent- past due,2954.88,Anthem,20/Jan/26 12:00 AM,Yes,Lonnie Williams ,Reduction in hours at work,,,,,,Yes,Yes,South Christian Minstries ,Yes,,4,1,No,Call,Text,Employee-coverage,English,she/her,Black of African American,0|i01wlr:,,,,,,An email with available resources and next steps,A phone call to further explain where you would like assistance,No,Part-time employment,,KY,LG&E,No,40215,2026-01-21 15:24:25.791,,21/Jan/26 10:24 AM;712020:7919ac37-40c1-4b22-a858-9d188e7777ec;1/21/26 JB initial contact via simpletext,21/Jan/26 10:32 AM;712020:7919ac37-40c1-4b22-a858-9d188e7777ec;Client seeking LG&E assistance as well as rent,,,,,Done,02/Feb/26 2:48 PM
P0099,Name + DOB,Person P0099,NEIG-11293,37130,New Profile,Referral Only,,Johanna South,712020:3b2c2185-c76f-4d90-ad8c-9e260c73c318,Johanna South,712020:3b2c2185-c76f-4d90-ad8c-9e260c73c318,20/Jan/26 12:20 PM,17/Mar/26 9:57 AM,,Immigrant,JCPS,SLCM,SNAP,Uninsured,,James Bryant,Johanna South,712020:7919ac37-40c1-4b22-a858-9d188e7777ec,712020:3b2c2185-c76f-4d90-ad8c-9e260c73c318,0,Louisville,SLCM,,,29.0,Other,,Not being evicted,Woman,Financial Stability Care Path,,,,Pregnant or recently postpartum,Refugee or Immigrant,No,Rent- past due,0.0,I don't know,20/Jan/26 12:00 AM,No,,Job loss,Reduction in hours at work,,,,,Yes,Yes,,No,,2,4,No,Text,,,Español ,she/her,,0|i01wjj:,,,,,,An email with available resources and next steps,,No,Food benefits - TANF/SNAP,,Kentucky,Water,Yes,40215,2026-01-21 15:24:33.787,,21/Jan/26 10:24 AM;712020:7919ac37-40c1-4b22-a858-9d188e7777ec;1/21/26 JB initial contact via simpletext,28/Jan/26 11:38 AM;712020:7919ac37-40c1-4b22-a858-9d188e7777ec;1/28/26 JB second contact attempt via Simpletext,10/Feb/26 9:07 AM;712020:7919ac37-40c1-4b22-a858-9d188e7777ec;Client reports 10 days behind on rent,,,,Done,16/Feb/26 9:10 AM
P0017,Name + DOB,Person P0017,NEIG-11274,37064,Connected Neighbor Profile,Nav No Longer Wanted,Won't Do,Johanna South,712020:3b2c2185-c76f-4d90-ad8c-9e260c73c318,Johanna South,712020:3b2c2185-c76f-4d90-ad8c-9e260c73c318,19/Jan/26 8:10 PM,04/May/26 12:35 PM,04/May/26 12:35 PM,Aetna,HFTS,Jonet,MUSCL,Passport,Young-adult,James Bryant,Johanna South,712020:7919ac37-40c1-4b22-a858-9d188e7777ec,712020:3b2c2185-c76f-4d90-ad8c-9e260c73c318,4,Louisville,MUSCL,,Long John slivers,23.0,Employed,Non-payment,Currently being evicted,Woman,Childcare Care Path,Financial Stability Care Path,Food Care Path,Pregnancy/Postpartum Care Path,Pregnant or recently postpartum,Was/is in the foster care system,Yes,Rent- past due,2350.0,Aetna,20/Jan/26 12:00 AM,Yes,The Stratton ,Eviction,Issues with child care,Job loss,Loss of job,Lost a job/had hours cut,1250.0,Yes,Yes,,No,3000.0,3,2,No,Text,,Medicare,English ,she/her,White,0|i01wfb:,Avoid an eviction,Come up with a plan to pay back rent,Find new housing,Find public/subsidized housing,53.191,An email with available resources and next steps,A phone call to further explain where you would like assistance,No,Full-time employment,,Ky,LG&E,No,40229,2026-05-04 16:35:41.276,10009_*:*_2_*:*_48930741_*|*_10035_*:*_1_*:*_168807919_*|*_10036_*:*_1_*:*_972218985,04/May/26 12:35 PM;712020:7919ac37-40c1-4b22-a858-9d188e7777ec;JW reports that Navigation is no longer wanted,,,,,,Done,04/May/26 12:35 PM
P0283,Name + DOB,Person P0283,NEIG-11181,36671,New Profile,Referral Only,,Johanna South,712020:3b2c2185-c76f-4d90-ad8c-9e260c73c318,Johanna South,712020:3b2c2185-c76f-4d90-ad8c-9e260c73c318,15/Jan/26 4:37 PM,22/Jan/26 1:53 PM,,Anthem,JCPS,LMHA,SAM,SNAP,,James Bryant,Johanna South,712020:7919ac37-40c1-4b22-a858-9d188e7777ec,712020:3b2c2185-c76f-4d90-ad8c-9e260c73c318,4,Louisville,SAM,,,33.0,Unemployed but want to find work,,Not being evicted,Woman,Financial Stability Care Path,Food Care Path,,,,,No,Staying with friends/family,150.0,Anthem,15/Jan/26 12:00 AM,No,,Job loss,Loss of job,Reduction in or loss of benefits,,,,Yes,Yes,,No,,4,1,No,Call,Text,Medicaid,english,she/her,,0|i01vun:,,,,,,An email with available resources and next steps,A phone call to further explain where you would like assistance,Yes,Food benefits - TANF/SNAP,Other,Kentucky,,No,40216,2026-01-16 21:07:58.131,,16/Jan/26 4:07 PM;712020:7919ac37-40c1-4b22-a858-9d188e7777ec;1/16/26 JB first contact attempt,"21/Jan/26 8:36 AM;712020:7919ac37-40c1-4b22-a858-9d188e7777ec;Client seeking $762 move-in fee, JB referred to SAM",,,,,Done,22/Jan/26 1:52 PM
P0095,Name + DOB,Person P0095,NEIG-11156,36624,Connected Neighbor Profile,New Neighbor,,Johanna South,712020:3b2c2185-c76f-4d90-ad8c-9e260c73c318,Johanna South,712020:3b2c2185-c76f-4d90-ad8c-9e260c73c318,15/Jan/26 12:38 PM,06/Mar/26 10:31 AM,,HFTS,,,,,,Johanna South,,712020:3b2c2185-c76f-4d90-ad8c-9e260c73c318,,3,Louisville,,,,31.0,Unemployed but want to find work,,Not being evicted,Man,Behavioral Health Care Path,Childcare Care Path,Children's Welfare (CPS),Financial Stability Care Path,Person with chronic health condition,Was/is in the foster care system,No,Staying with friends/family,0.0,Passport by Molina,15/Jan/26 12:00 AM,No,,Job loss,Loss of job,,,,,Yes,Yes,lasha Clark - play cousins collective,Yes,,2,2,No,Call,Text,Medicaid,English,he/him,Black of African American,0|i01vp3:,,,,,,An email with available resources and next steps,A phone call to further explain where you would like assistance,No,No income,,KY,,No,40216,,,,,,,,,To Do,15/Jan/26 12:38 PM
P0224,Name + DOB,Person P0224,NEIG-11138,36591,New Profile,Unable to Contact,,Johanna South,712020:3b2c2185-c76f-4d90-ad8c-9e260c73c318,Johanna South,712020:3b2c2185-c76f-4d90-ad8c-9e260c73c318,15/Jan/26 10:28 AM,03/Apr/26 9:33 AM,,Anthem,Eviction_Court,Passport,SLCM,,,James Bryant,Johanna South,712020:7919ac37-40c1-4b22-a858-9d188e7777ec,712020:3b2c2185-c76f-4d90-ad8c-9e260c73c318,2,louisville ,SLCM,15/Jan/26 12:00 AM,Norton,25.0,Employed,Other,Unknown,Woman,Childcare Care Path,Financial Stability Care Path,Food Care Path,Legal Assistance Care Path,Pregnant or recently postpartum,,No,Staying with friends/family,2100.0,Anthem,15/Jan/26 12:00 AM,No,Heather,Eviction,Medical emergency or other health needs,Unexpected expense,,Other,1500.0,Yes,Yes,,Yes,1875.0,2,1,No,Text,,Employee-coverage,english ,she/her,White,0|i01vl3:,Come up with a plan to pay back rent,Find public/subsidized housing,Get my security deposit back,Get rental assistance,71.429,An email with available resources and next steps,A phone call to further explain where you would like assistance,No,Full-time employment,,Ky,I don't know,No,40216,2026-01-16 21:07:42.143,,16/Jan/26 4:07 PM;712020:7919ac37-40c1-4b22-a858-9d188e7777ec;1/16/26 JB first contact attempt,22/Jan/26 8:38 AM;712020:7919ac37-40c1-4b22-a858-9d188e7777ec;1/22/26 JB second contact attempt via Simpletext,28/Jan/26 11:34 AM;712020:7919ac37-40c1-4b22-a858-9d188e7777ec;1/28/26 - JB third contact attempt via phone call. Client’s voicemail is not yet setup.,,,,Done,18/Mar/26 8:48 AM
P0194,Name + DOB,Person P0194,NEIG-11062,36362,New Profile,Unable to Contact,,Johanna South,712020:3b2c2185-c76f-4d90-ad8c-9e260c73c318,Johanna South,712020:3b2c2185-c76f-4d90-ad8c-9e260c73c318,13/Jan/26 4:34 PM,21/Apr/26 4:25 PM,,Fairdale,Passport,SNAP,SSDI,Young-adult,,James Bryant,Johanna South,712020:7919ac37-40c1-4b22-a858-9d188e7777ec,712020:3b2c2185-c76f-4d90-ad8c-9e260c73c318,1,Fairdale,,,,22.0,Unemployed but want to find work,Non-payment,Currently being evicted,Woman,Childcare Care Path,Financial Stability Care Path,Food Care Path,Transportation Care Path,,,No,Rent- past due,830.0,Passport by Molina,13/Jan/26 12:00 AM,No,Radius West,Eviction,Issues with child care,Job loss,Loss of accessible transportation,Lost a job/had hours cut,1079.0,Yes,Yes,,No,2416.79,1,1,No,Text,,Medicaid,English,she/her,White,0|i01v47:,Avoid an eviction,Come up with a plan to pay back rent,Get rental assistance,,130.0,An email with available resources and next steps,A phone call to further explain where you would like assistance,No,Food benefits - TANF/SNAP,No income,Ky,,No,40118,2026-01-16 21:06:24.841,,16/Jan/26 4:06 PM;712020:7919ac37-40c1-4b22-a858-9d188e7777ec;1/16/26 JB first contact attempt,21/Jan/26 8:20 AM;712020:7919ac37-40c1-4b22-a858-9d188e7777ec;1/21/26 JB second contact attempt,22/Jan/26 8:31 AM;712020:7919ac37-40c1-4b22-a858-9d188e7777ec;1/22/26 JB third contact attempt via phone call,,,,Done,26/Jan/26 10:18 AM
P0329,Name + DOB,Person P0329,NEIG-11044,36329,Connected Neighbor Profile,Identifying Resources,,Johanna South,712020:3b2c2185-c76f-4d90-ad8c-9e260c73c318,Johanna South,712020:3b2c2185-c76f-4d90-ad8c-9e260c73c318,13/Jan/26 2:13 PM,22/Apr/26 10:30 AM,,HFTS,SLCM,SNAP,WellCare,,,James Bryant,Johanna South,712020:7919ac37-40c1-4b22-a858-9d188e7777ec,712020:3b2c2185-c76f-4d90-ad8c-9e260c73c318,2,Louisville ,SLCM,,,25.0,Unemployed but want to find work,I don't know,Currently being evicted,Woman,Childcare Care Path,Children's Education,Children's Welfare (CPS),Financial Stability Care Path,,,No,Rent - nothing past due,0.0,WellCare,13/Jan/26 12:00 AM,Yes,Sasha - Heritage Green,Issues with child care,Job loss,Loss of job,,Lost a job/had hours cut,1114.0,Yes,Yes,,No,,2,3,No,Call,Text,Medicaid,"English (spoken, has trouble with written)",she/her,Black of African American,0|i01v07:,Come up with a plan to pay back rent,Find new housing,Find public/subsidized housing,Get my security deposit back,,An email with available resources and next steps,A phone call to further explain where you would like assistance,No,Food benefits - TANF/SNAP,No income,Kentucky ,,No,40214,2026-01-16 21:06:08.245,,16/Jan/26 4:06 PM;712020:7919ac37-40c1-4b22-a858-9d188e7777ec;1/16/26 JB first contact attempt,21/Jan/26 8:18 AM;712020:7919ac37-40c1-4b22-a858-9d188e7777ec;1/21/26 JB second contact attempt,"21/Jan/26 1:13 PM;712020:7919ac37-40c1-4b22-a858-9d188e7777ec;Client is friends with Marilyn Katan, who referred her to the Neighbor Network intake. Client is looking for help with rent, after losing her job. Client owes $1,014.",,,,In Progress,20/Mar/26 12:09 PM
P0092,Name + DOB,Person P0092,NEIG-10995,36210,New Profile,Referral Only,,Johanna South,712020:3b2c2185-c76f-4d90-ad8c-9e260c73c318,Johanna South,712020:3b2c2185-c76f-4d90-ad8c-9e260c73c318,12/Jan/26 2:38 PM,06/Mar/26 10:37 AM,,HFTS,JCPS,SLCM,SNAP,WellCare,,James Bryant,Johanna South,712020:7919ac37-40c1-4b22-a858-9d188e7777ec,712020:3b2c2185-c76f-4d90-ad8c-9e260c73c318,3,louisville ,SLCM,,,31.0,Unemployed but want to find work,Non-payment,Unknown,Woman,Financial Stability Care Path,,,,Pregnant or recently postpartum,,No,Rent- past due,0.0,WellCare,12/Jan/26 12:00 AM,No,christian ,Issues with child care,Loss of accessible transportation,Loss of job,Other,Other,999.0,Yes,Yes,,No,1700.0,3,1,No,Call,Text,Medicaid,english ,she/her,White,0|i01upb:,Avoid an eviction,Get rental assistance,Other,,,A phone call to further explain where you would like assistance,,No,Food benefits - TANF/SNAP,No income,ky,LG&E,Yes,40214,2026-01-16 21:05:20.515,,"16/Jan/26 4:05 PM;712020:7919ac37-40c1-4b22-a858-9d188e7777ec;1/13/26 JB first contact attempt
1/16/26 JB second contact attempt",20/Jan/26 8:35 AM;712020:7919ac37-40c1-4b22-a858-9d188e7777ec;Client seeking $1500 in rent assistance.,,,,,Done,22/Jan/26 10:52 AM
P0137,Name + DOB,Person P0137,NEIG-10981,36183,New Profile,Referral Only,,Johanna South,712020:3b2c2185-c76f-4d90-ad8c-9e260c73c318,Johanna South,712020:3b2c2185-c76f-4d90-ad8c-9e260c73c318,12/Jan/26 12:44 PM,22/Jan/26 10:51 AM,,SVC,WellCare,,,,,James Bryant,Johanna South,712020:7919ac37-40c1-4b22-a858-9d188e7777ec,712020:3b2c2185-c76f-4d90-ad8c-9e260c73c318,1,Louisville ,SVC,,,30.0,Unemployed but want to find work,,Not being evicted,Woman,Behavioral Health Care Path,Childcare Care Path,Children's Education,Children's Welfare (CPS),Person with a physical or mental disability,,No,Unhoused,0.0,WellCare,12/Jan/26 12:00 AM,No,Russell apartments ,,,,,,,Yes,Yes,No ,No,,4,1,No,Text,,Medicaid,Español ,she/her,White,0|i01um7:,,,,,,An email with available resources and next steps,A phone call to further explain where you would like assistance,No,No income,,KY,,No,40203,2026-01-13 13:08:27.016,,"13/Jan/26 8:08 AM;712020:7919ac37-40c1-4b22-a858-9d188e7777ec;Client reports needing infant supplies, including diapers and clothes. Client indicates that they are struggling with anxiety and depression, as well as feeling isolated and alone. Client indicates they have no transportation. ",,,,,,Done,22/Jan/26 10:51 AM
P0088,Name + DOB,Person P0088,NEIG-10911,35962,New Profile,Referral Only,,Johanna South,712020:3b2c2185-c76f-4d90-ad8c-9e260c73c318,Johanna South,712020:3b2c2185-c76f-4d90-ad8c-9e260c73c318,09/Jan/26 11:43 AM,22/Jan/26 10:39 AM,,JCPS,Passport,Pregnancy/Postpartum,SLCM,,,James Bryant,Johanna South,712020:7919ac37-40c1-4b22-a858-9d188e7777ec,712020:3b2c2185-c76f-4d90-ad8c-9e260c73c318,2,Louisville,SLCM,,BBJ-HBCU,52.0,"Employed, but need more hours and/or different work",Non-payment,Currently being evicted,Woman,Financial Stability Care Path,Food Care Path,Social Support,,Pregnant or recently postpartum,,Yes,Rent- past due,1600.0,Passport by Molina,09/Jan/26 12:00 AM,Yes,Isracap,Reduction in or loss of benefits,,,,Rent increase,900.0,Yes,Yes,county circuit court judge rm 307,Yes,1025.0,1,1,No,Text,,Medicaid,english,she/her,Black of African American,0|i01u6n:,Avoid an eviction,Come up with a plan to pay back rent,Find new housing,Find public/subsidized housing,56.25,An email with available resources and next steps,A phone call to further explain where you would like assistance,No,Part-time employment,,KY,LG&E,No,40214,2026-01-09 20:31:13.948,,"09/Jan/26 3:31 PM;712020:7919ac37-40c1-4b22-a858-9d188e7777ec;Client seeking $1125 in rent assistance, JB referred to EDI [~accountid:712020:099d24d2-676f-4987-bf5f-1e5002d04c16] [~accountid:712020:2f98e9e5-2c81-42f2-b0df-230c6c90c56e] , Hope and Door, and KTAP",,,,,,Done,22/Jan/26 10:39 AM
P0084,Name + DOB,Person P0084,NEIG-10903,35947,New Profile,Referral Only,,Johanna South,712020:3b2c2185-c76f-4d90-ad8c-9e260c73c318,Johanna South,712020:3b2c2185-c76f-4d90-ad8c-9e260c73c318,09/Jan/26 11:25 AM,22/Jan/26 10:38 AM,,JCPS,LMHA,Passport,SAM,SSDI,,James Bryant,Johanna South,712020:7919ac37-40c1-4b22-a858-9d188e7777ec,712020:3b2c2185-c76f-4d90-ad8c-9e260c73c318,1,Louisville,SAM,17/Dec/25 12:00 AM,,25.0,Unemployed but want to find work,Non-payment,Currently being evicted,Woman,Childcare Care Path,Financial Stability Care Path,Food Care Path,Intimate Partner Violence Victim Care Path,Person with a physical or mental disability,Pregnant or recently postpartum,No,Rent- past due,1900.0,Passport by Molina,09/Jan/26 12:00 AM,No,Riverport Landing Apartments - Landlord unknown,Eviction,Job loss,Medical emergency or other health needs,,Other,1300.0,Yes,Yes,"Libbi Kidd, Seven Counties Services 502-242-8123",Yes,1600.0,3,1,No,Call,Text,Medicaid,English,she/her,Black of African American,0|i01u4v:,Avoid an eviction,Come up with a plan to pay back rent,Find new housing,Find public/subsidized housing,68.421,An email with available resources and next steps,A phone call to further explain where you would like assistance,Yes,Social Security - SSI/SSDI,,KY,,No,40212,2026-01-09 16:41:37.752,,09/Jan/26 11:41 AM;712020:7919ac37-40c1-4b22-a858-9d188e7777ec;1/9/26 JB initial contact,"09/Jan/26 11:57 AM;712020:7919ac37-40c1-4b22-a858-9d188e7777ec;Client is single mother of 3, with 1 on the way (currently pregnant). Client is seeking rehousing, transportation, and employment",,,,,Done,22/Jan/26 10:38 AM
P0436,"Name only (no DOB, no other match)",Person P0436,NEIG-10901,35944,Rent Assistance Care Path,External Org to Complete Goal,,James Bryant,712020:7919ac37-40c1-4b22-a858-9d188e7777ec,James Bryant,712020:7919ac37-40c1-4b22-a858-9d188e7777ec,09/Jan/26 11:12 AM,09/Jan/26 11:12 AM,,MUSCL,Young-adult,,,,,James Bryant,,712020:7919ac37-40c1-4b22-a858-9d188e7777ec,,0,,,,,,,,,,,,,,,,,,,,,No,,,,,,,,No,No,,,,,,,,,,,,,0|i01u4f:,,,,,,,,,,,,,No,,,,09/Jan/26 11:12 AM;712020:7919ac37-40c1-4b22-a858-9d188e7777ec;JB referred to Salvation Army,,,35312.0,NEIG-10695,Shaheim Garner,Done,09/Jan/26 11:12 AM
P0437,"Name only (no DOB, no other match)",Person P0437,NEIG-10900,35942,Eviction Prevention Care Path,External Org to Complete Goal,,James Bryant,712020:7919ac37-40c1-4b22-a858-9d188e7777ec,James Bryant,712020:7919ac37-40c1-4b22-a858-9d188e7777ec,09/Jan/26 10:42 AM,09/Jan/26 3:29 PM,,Aetna,JCPS,Passport,SNAP,SSDI,SWCM,James Bryant,,712020:7919ac37-40c1-4b22-a858-9d188e7777ec,,0,,,,,,,,,,,,,,,,,,,,,No,,,,,,,,No,No,,,,,,,,,,,,,0|i01u47:,,,,,,,,,,,,,No,,,,09/Jan/26 10:43 AM;712020:7919ac37-40c1-4b22-a858-9d188e7777ec;JB referred to EDI (to help client with Hope and Door) [~accountid:712020:099d24d2-676f-4987-bf5f-1e5002d04c16] [~accountid:712020:2f98e9e5-2c81-42f2-b0df-230c6c90c56e] ,09/Jan/26 3:29 PM;712020:7919ac37-40c1-4b22-a858-9d188e7777ec;JB recommended client also sign up for KTAP,,35217.0,NEIG-10678,Amber Owens,Done,09/Jan/26 10:43 AM
P0230,"Name only (matched existing person, DOB missing)",Person P0230,NEIG-10889,35920,Basic Supplies,External Org to Complete Goal,,James Bryant,712020:7919ac37-40c1-4b22-a858-9d188e7777ec,James Bryant,712020:7919ac37-40c1-4b22-a858-9d188e7777ec,09/Jan/26 9:50 AM,09/Jan/26 9:50 AM,,Anthem,EACM,,,,,James Bryant,,712020:7919ac37-40c1-4b22-a858-9d188e7777ec,,0,,,,,,,,,,,,,,,,,,,,,No,,,,,,,,No,No,,,,,,,,,,,,,0|i01u1r:,,,,,,,,,,,,,No,,,,"09/Jan/26 9:50 AM;712020:7919ac37-40c1-4b22-a858-9d188e7777ec;JB referred to SLCM, Sitio, Golden Arrow, HANDS, and GBI",,,35478.0,NEIG-10735,Kawtar arfaoui,Done,09/Jan/26 9:50 AM
P0438,"Name only (no DOB, no other match)",Person P0438,NEIG-10888,35918,Rent Assistance Care Path,External Org to Complete Goal,,James Bryant,712020:7919ac37-40c1-4b22-a858-9d188e7777ec,James Bryant,712020:7919ac37-40c1-4b22-a858-9d188e7777ec,09/Jan/26 9:47 AM,09/Jan/26 9:47 AM,,Aetna,JCPS,Passport,SLCM,,,James Bryant,,712020:7919ac37-40c1-4b22-a858-9d188e7777ec,,0,,,,,,,,,,,,,,,,,,,,,No,,,,,,,,No,No,,,,,,,,,,,,,0|i01u1j:,,,,,,,,,,,,,No,,,,09/Jan/26 9:47 AM;712020:7919ac37-40c1-4b22-a858-9d188e7777ec;JB referred to Hope and Door,,,34756.0,NEIG-10562,Kayla C Sego,Done,09/Jan/26 9:47 AM
P0439,"Name only (no DOB, no other match)",Person P0439,NEIG-10887,35916,Food Care Path,External Org to Complete Goal,Done,James Bryant,712020:7919ac37-40c1-4b22-a858-9d188e7777ec,James Bryant,712020:7919ac37-40c1-4b22-a858-9d188e7777ec,09/Jan/26 9:46 AM,09/Jan/26 9:46 AM,09/Jan/26 9:46 AM,Aetna,JCPS,Passport,SLCM,,,James Bryant,,712020:7919ac37-40c1-4b22-a858-9d188e7777ec,,0,,,,,,,,,,,,,,,,,,,,,No,,,,,,,,No,No,,,,,,,,,,,,,0|i01u1b:,,,,,,,,,,,,,No,,,10013_*:*_1_*:*_12734_*|*_10034_*:*_1_*:*_0,09/Jan/26 9:46 AM;712020:7919ac37-40c1-4b22-a858-9d188e7777ec;Dare to Care and SLCM,,,34756.0,NEIG-10562,Kayla C Sego,Done,09/Jan/26 9:46 AM
P0066,Name + DOB,Person P0066,NEIG-10872,35886,New Profile,Referral Only,,Johanna South,712020:3b2c2185-c76f-4d90-ad8c-9e260c73c318,Johanna South,712020:3b2c2185-c76f-4d90-ad8c-9e260c73c318,09/Jan/26 9:22 AM,22/Jan/26 10:36 AM,,Eviction_Court,JCPS,SLCM,United,,,James Bryant,Johanna South,712020:7919ac37-40c1-4b22-a858-9d188e7777ec,712020:3b2c2185-c76f-4d90-ad8c-9e260c73c318,7,Louisville,SLCM,03/Feb/26 12:00 AM,N/a,37.0,Unemployed but want to find work,Non-payment,Currently being evicted,Woman,Childcare Care Path,Financial Stability Care Path,Food Care Path,Legal Assistance Care Path,,,Yes,Rent- past due,0.0,United Healthcare,09/Jan/26 12:00 AM,Yes,N/a,Eviction,Job loss,Loss of job,,Lost a job/had hours cut,1250.0,Yes,Yes,N/a,No,4222.9,More than 5,1,No,Call,Text,Medicaid,English ,she/her,Black of African American,0|i01txz:,Avoid an eviction,Come up with a plan to pay back rent,Find new housing,Find public/subsidized housing,,An email with available resources and next steps,A phone call to further explain where you would like assistance,No,No income,,KY,LG&E,No,40214,2026-01-16 19:50:14.998,,"16/Jan/26 2:50 PM;712020:7919ac37-40c1-4b22-a858-9d188e7777ec;1/9/26 JB initial contact attempt. Message failed to send.
1/16/26 JB resent contact attmpt","21/Jan/26 8:16 AM;712020:7919ac37-40c1-4b22-a858-9d188e7777ec;Client owes $4,222.90, has court 2/3/26, JB referred to EDI [~accountid:712020:099d24d2-676f-4987-bf5f-1e5002d04c16] [~accountid:712020:2f98e9e5-2c81-42f2-b0df-230c6c90c56e] ",,,,,Done,22/Jan/26 10:36 AM
P0320,Name + DOB,Person P0320,NEIG-10816,35720,New Profile,Referral Only,,Johanna South,712020:3b2c2185-c76f-4d90-ad8c-9e260c73c318,Johanna South,712020:3b2c2185-c76f-4d90-ad8c-9e260c73c318,07/Jan/26 3:08 PM,06/Feb/26 9:39 AM,,Humana-Medicare,SAM,Senior,Seven_Counties,SSDI,,James Bryant,Johanna South,712020:7919ac37-40c1-4b22-a858-9d188e7777ec,712020:3b2c2185-c76f-4d90-ad8c-9e260c73c318,1,Louisville,SAM,,,62.0,Unemployed and not looking for work,,Not being evicted,Woman,Financial Stability Care Path,Food Care Path,Healthcare Care Path,Transportation Care Path,Person with a physical or mental disability,Person with chronic health condition,No,Own home - nothing past due,1940.0,Humana,07/Jan/26 12:00 AM,No,,Childbirth,Medical emergency or other health needs,Other,,,,Yes,Yes,"Libbi Kidd, SCS",Yes,,2,5,No,Call,Text,Medicare,English,she/her,White,0|i01tlj:,,,,,,A phone call to further explain where you would like assistance,,No,Social Security - SSI/SSDI,,KY,,No,40216,2026-01-16 19:37:52.643,,"16/Jan/26 2:37 PM;712020:7919ac37-40c1-4b22-a858-9d188e7777ec;1/8/26 - JB initial contact attempt
1/9/26 - JB second contact attempt",16/Jan/26 2:39 PM;712020:7919ac37-40c1-4b22-a858-9d188e7777ec;1/16/26 JB third contact attempt via phone call. JB left voice message,21/Jan/26 9:27 AM;712020:7919ac37-40c1-4b22-a858-9d188e7777ec;1/21/26 JB sent intake welcome message via email. Marking unable to contact unless client responds,,,,Done,21/Jan/26 9:28 AM
P0130,Name + DOB,Person P0130,NEIG-10811,35711,New Profile,Referral Only,,Johanna South,712020:3b2c2185-c76f-4d90-ad8c-9e260c73c318,Johanna South,712020:3b2c2185-c76f-4d90-ad8c-9e260c73c318,07/Jan/26 1:43 PM,16/Jan/26 2:37 PM,,Passport,SWCM,,,,,James Bryant,Johanna South,712020:7919ac37-40c1-4b22-a858-9d188e7777ec,712020:3b2c2185-c76f-4d90-ad8c-9e260c73c318,2,Louisville,SWCM,,Pharmacord,27.0,Employed,,Not being evicted,Woman,Childcare Care Path,Financial Stability Care Path,Pregnancy/Postpartum Care Path,,Pregnant or recently postpartum,,No,Rent- past due,1500.0,Passport by Molina,07/Jan/26 12:00 AM,No,Woods Of Glen Manor,Childbirth,Issues with child care,Onset of disability,Reduction in hours at work,,,Yes,Yes,,No,,2,1,No,Call,Text,Medicaid,English,she/her,Black of African American,0|i01tkf:,,,,,,An email with available resources and next steps,A phone call to further explain where you would like assistance,No,Full-time employment,,ky,LG&E,No,40272,2026-01-16 19:31:44.098,,16/Jan/26 2:31 PM;712020:7919ac37-40c1-4b22-a858-9d188e7777ec;1/8/26 JB initial contact attempt,16/Jan/26 2:37 PM;712020:7919ac37-40c1-4b22-a858-9d188e7777ec;Client reports already finding Childcare assistance on her own,,,,,Done,16/Jan/26 2:37 PM
P0284,Name + DOB,Person P0284,NEIG-10775,35613,New Profile,Referral Only,,Johanna South,712020:3b2c2185-c76f-4d90-ad8c-9e260c73c318,Johanna South,712020:3b2c2185-c76f-4d90-ad8c-9e260c73c318,06/Jan/26 8:25 PM,22/Jan/26 10:24 AM,,Aetna,SLCM,SNAP,,,,James Bryant,Johanna South,712020:7919ac37-40c1-4b22-a858-9d188e7777ec,712020:3b2c2185-c76f-4d90-ad8c-9e260c73c318,1,Louisville,SLCM,,,28.0,Unemployed but want to find work,,Not being evicted,Woman,Childcare Care Path,Financial Stability Care Path,Food Care Path,Pregnancy/Postpartum Care Path,Pregnant or recently postpartum,,No,Staying with friends/family,0.0,Aetna,07/Jan/26 12:00 AM,No,,Issues with child care,,,,,,Yes,Yes,,No,,1,1,No,Call,Text,Medicaid,English ,she/her,White,0|i01tcf:,,,,,,An email with available resources and next steps,,No,Food benefits - TANF/SNAP,No income,KY,,No,40208,2026-01-16 19:31:10.643,,"16/Jan/26 2:31 PM;712020:7919ac37-40c1-4b22-a858-9d188e7777ec;1/7 JB initial contact attempt
1/8 JB second contact attempt
1/16 JB third contact attempt via phone call. JB left voicemail.",21/Jan/26 8:15 AM;712020:7919ac37-40c1-4b22-a858-9d188e7777ec;Client reports looking for diapers and clothing assistance for infant son,,,,,Done,22/Jan/26 10:24 AM
P0177,Name + DOB,Person P0177,NEIG-10769,35602,New Profile,Referral Only,,Johanna South,712020:3b2c2185-c76f-4d90-ad8c-9e260c73c318,Johanna South,712020:3b2c2185-c76f-4d90-ad8c-9e260c73c318,06/Jan/26 6:24 PM,02/Mar/26 1:13 PM,,Humana-Medicaid,SLCM,Young-adult,,,,James Bryant,Johanna South,712020:7919ac37-40c1-4b22-a858-9d188e7777ec,712020:3b2c2185-c76f-4d90-ad8c-9e260c73c318,2,LOUISVILLE,SLCM,,"Kindercare Learning Center (starting back next month, on unpaid maternity leave for January))",21.0,Unemployed but want to find work,I don't know,Currently being evicted,Woman,Childcare Care Path,Financial Stability Care Path,Pregnancy/Postpartum Care Path,,Pregnant or recently postpartum,,No,Rent- past due,0.0,Humana,06/Jan/26 12:00 AM,No,,Childbirth,,,,Lost a job/had hours cut,1022.0,Yes,Yes,"Kelcey Hall, Care Coach, HumanaBegininngs, Humana Healthy Horizons in KY 1-888-285-1121 ext. 1436597",Yes,1022.0,2,1,No,Call,Text,Medicaid,ENGLISH,she/her,Black of African American,0|i01tb3:,Avoid an eviction,Come up with a plan to pay back rent,Find public/subsidized housing,Get rental assistance,,An email with available resources and next steps,A phone call to further explain where you would like assistance,No,No income,,KY,,No,40214,2026-01-09 19:47:16.343,,09/Jan/26 2:47 PM;712020:7919ac37-40c1-4b22-a858-9d188e7777ec;Client owes $1022 for one month of past due rent,"09/Jan/26 2:50 PM;712020:7919ac37-40c1-4b22-a858-9d188e7777ec;JB has referred to Humana and Salvation Army to bring the balance down, as well as asking neighbor for lease and ledger.",23/Jan/26 8:33 AM;712020:7919ac37-40c1-4b22-a858-9d188e7777ec;SLCM mailed check to Heritage Green to take care of client’s rent!,,,,Done,02/Mar/26 1:13 PM
P0369,Name + DOB,Person P0369,NEIG-10761,35555,New Profile,Referral Only,,Johanna South,712020:3b2c2185-c76f-4d90-ad8c-9e260c73c318,Johanna South,712020:3b2c2185-c76f-4d90-ad8c-9e260c73c318,06/Jan/26 12:26 PM,01/Jul/26 4:09 PM,,CLCM,JCPS,Passport,,,,James Bryant,Johanna South,712020:7919ac37-40c1-4b22-a858-9d188e7777ec,712020:3b2c2185-c76f-4d90-ad8c-9e260c73c318,1,Louisville,CLCM,,Marty’s orchid house ,27.0,"Employed, but need more hours and/or different work",Non-payment,Currently being evicted,Woman,Financial Stability Care Path,Legal Assistance Care Path,Social Support,Transportation Care Path,,,No,Rent- past due,2000.0,Passport by Molina,06/Jan/26 12:00 AM,No,HPI ,Loss of accessible transportation,Reduction in hours at work,,,Lost a job/had hours cut,1095.0,Yes,Yes,,No,1145.0,3,1,No,Call,Text,Medicaid,English ,she/her,Black of African American,0|i01t9b:,Avoid an eviction,Get rental assistance,,,54.75,An email with available resources and next steps,A phone call to further explain where you would like assistance,No,Full-time employment,,KY,LG&E,No,40208,2026-01-07 13:18:55.396,,07/Jan/26 8:18 AM;712020:7919ac37-40c1-4b22-a858-9d188e7777ec;Client owes $1140 and received 7-day notice,08/Jan/26 9:55 AM;712020:7919ac37-40c1-4b22-a858-9d188e7777ec;Client was denied Hope and Door due to accessing rent assistance previously,,,,,Done,22/Jan/26 10:22 AM
P0183,Name + DOB,Person P0183,NEIG-10757,35548,New Profile,Referral Only,,Johanna South,712020:3b2c2185-c76f-4d90-ad8c-9e260c73c318,Johanna South,712020:3b2c2185-c76f-4d90-ad8c-9e260c73c318,06/Jan/26 11:35 AM,22/Jan/26 10:21 AM,,CLCM,Passport,,,,,James Bryant,Johanna South,712020:7919ac37-40c1-4b22-a858-9d188e7777ec,712020:3b2c2185-c76f-4d90-ad8c-9e260c73c318,0,Louisville,CLCM,18/Jan/26 12:00 AM,,33.0,Unemployed and not looking for work,Non-payment,Unknown,Woman,Childcare Care Path,Pregnancy/Postpartum Care Path,Transportation Care Path,,Pregnant or recently postpartum,,Yes,Rent- past due,0.0,Passport by Molina,06/Jan/26 12:00 AM,No,Premium property,Eviction,Issues with child care,Job loss,Loss of accessible transportation,Withheld rent because of problems with my housing,125100.0,Yes,Yes,Granny's Black initiative,No,242682.0,3,4,No,Call,Text,Medicaid,English,she/her,Black of African American,0|i01t8f:,Avoid an eviction,Come up with a plan to pay back rent,Stay out of court,,,An email with available resources and next steps,A phone call to further explain where you would like assistance,No,No income,Unemployment benefits, Kentucky,I don't know,No,40202,2026-01-22 15:20:30.958,,"22/Jan/26 10:20 AM;712020:7919ac37-40c1-4b22-a858-9d188e7777ec;Client seeking rent assistance, owes $2,456. JB referred to Hope and Door, but client was denied. JB referred to CLCM and client stopped responding.",,,,,,Done,22/Jan/26 10:21 AM
P0171,Name + DOB,Person P0171,NEIG-10753,35509,New Profile,Referral Only,,Johanna South,712020:3b2c2185-c76f-4d90-ad8c-9e260c73c318,Johanna South,712020:3b2c2185-c76f-4d90-ad8c-9e260c73c318,06/Jan/26 1:44 AM,03/Jun/26 10:58 AM,,Passport,SLCM,SNAP,,,,James Bryant,Johanna South,712020:7919ac37-40c1-4b22-a858-9d188e7777ec,712020:3b2c2185-c76f-4d90-ad8c-9e260c73c318,2,Louisville ,SLCM,,,27.0,Unemployed but want to find work,,Not being evicted,Woman,Children's Education,Financial Stability Care Path,,,,,No,Rent- past due,341.0,Passport by Molina,06/Jan/26 12:00 AM,No,Heritage green ,Issues with child care,Job loss,Loss of accessible transportation,Loss of job,,,Yes,Yes,,No,,2,1,No,Call,,Medicaid,English ,she/her,Black of African American,0|i01t7j:,,,,,,An email with available resources and next steps,A phone call to further explain where you would like assistance,No,Food benefits - TANF/SNAP,,Ky,,No,40214,2026-01-08 21:12:43.638,,08/Jan/26 4:12 PM;712020:7919ac37-40c1-4b22-a858-9d188e7777ec;Client owes 1112.79 past due rent,02/Feb/26 3:19 PM;712020:7919ac37-40c1-4b22-a858-9d188e7777ec;Received rent assistance from SLCM,,,,,Done,23/Feb/26 2:39 PM
P0114,Name + DOB,Person P0114,NEIG-10748,35500,New Profile,Referral Only,,Johanna South,712020:3b2c2185-c76f-4d90-ad8c-9e260c73c318,Johanna South,712020:3b2c2185-c76f-4d90-ad8c-9e260c73c318,06/Jan/26 1:02 AM,22/Jan/26 10:18 AM,,Anthem,Eviction_Court,Passport,SAM,,,James Bryant,Johanna South,712020:7919ac37-40c1-4b22-a858-9d188e7777ec,712020:3b2c2185-c76f-4d90-ad8c-9e260c73c318,4,Louisville,SAM,07/Jan/26 12:00 AM,Norton healthcare,34.0,Employed,Non-payment,Currently being evicted,Woman,Financial Stability Care Path,Healthcare Care Path,,,,,No,Rent- past due,5126.0,Anthem,06/Jan/26 12:00 AM,Yes,Man street renewal,Job loss,,,,Other,1501.67,Yes,Yes,,No,6800.0,3,2,No,Text,,Employee-coverage,English,she/her,Black of African American,0|i01t6f:,Avoid an eviction,Come up with a plan to pay back rent,Find new housing,Get rental assistance,29.295,An email with available resources and next steps,A phone call to further explain where you would like assistance,No,Full-time employment,,KY,LG&E,Yes,40216,2026-01-22 15:18:34.127,,22/Jan/26 10:18 AM;712020:7919ac37-40c1-4b22-a858-9d188e7777ec;Client seeking eviction guidance,,,,,,Done,22/Jan/26 10:18 AM
P0230,Name + DOB,Person P0230,NEIG-10735,35478,New Profile,Referral Only,,Johanna South,712020:3b2c2185-c76f-4d90-ad8c-9e260c73c318,Johanna South,712020:3b2c2185-c76f-4d90-ad8c-9e260c73c318,05/Jan/26 1:53 PM,09/Jan/26 9:50 AM,,Anthem,EACM,,,,,James Bryant,Johanna South,712020:7919ac37-40c1-4b22-a858-9d188e7777ec,712020:3b2c2185-c76f-4d90-ad8c-9e260c73c318,1,Louisville ,EACM,,UPS,33.0,Employed,,Not being evicted,Woman,Financial Stability Care Path,,,,Pregnant or recently postpartum,,No,Rent - nothing past due,3000.0,Anthem,05/Jan/26 12:00 AM,No,District at Hurstbourne ,Medical emergency or other health needs,,,,,,Yes,Yes,,No,,1,2,No,Text,,Employee-coverage,Arabic,she/her,White,0|i01t3j:,,,,,,An email with available resources and next steps,,No,Part-time employment,,Ky,,No,40223,2026-01-09 14:49:16.294,,09/Jan/26 9:49 AM;712020:7919ac37-40c1-4b22-a858-9d188e7777ec;Client seeking infant supplies,,,,,,Done,09/Jan/26 9:50 AM
P0337,Name + DOB,Person P0337,NEIG-10695,35312,New Profile,Referral Only,,Johanna South,712020:3b2c2185-c76f-4d90-ad8c-9e260c73c318,Johanna South,712020:3b2c2185-c76f-4d90-ad8c-9e260c73c318,01/Jan/26 9:15 AM,09/Jan/26 11:14 AM,,MUSCL,Young-adult,,,,,James Bryant,Johanna South,712020:7919ac37-40c1-4b22-a858-9d188e7777ec,712020:3b2c2185-c76f-4d90-ad8c-9e260c73c318,1,Louisville,MUSCL,,UPS,24.0,"Employed, but need more hours and/or different work",Non-payment,Unknown,Man,Financial Stability Care Path,Legal Assistance Care Path,Transportation Care Path,,,,No,Rent- past due,1500.0,I don't know,01/Jan/26 12:00 AM,Yes,11 oaks apartment,Medical emergency or other health needs,Reduction in hours at work,Reduction in or loss of benefits,,Lost a job/had hours cut,1191.0,Yes,Yes,,No,1191.0,1,1,No,Call,Text,Employee-coverage,English ,he/him,Black of African American,0|i01sun:,Avoid an eviction,Get rental assistance,Stay out of court,,79.4,An email with available resources and next steps,A phone call to further explain where you would like assistance,No,Part-time employment,,KY,LG&E,No,40219,2026-01-06 13:19:08.46,,"06/Jan/26 8:19 AM;712020:7919ac37-40c1-4b22-a858-9d188e7777ec;Client seeking $1,191 in past due rent. Client reports being able to pay $890 of that balance ",,,,,,Done,09/Jan/26 11:14 AM
